fecha;hora;co_centenario;no2_centenario;pm10_centenario;co_cordoba;no2_cordoba;pm10_cordoba;co_la_boca;no2_la_boca;pm10_la_boca
2017-01-01;1;0,7; ; ;0,81;19;19; ;2;43
2017-01-01;2;0,72; ; ;0,79;16;20; ;2;46
2017-01-01;3;0,72; ; ;0,82;23;19; ;1;46
2017-01-01;4;0,73; ; ;0,81;16;20; ;2;51
2017-01-01;5;0,73; ; ;0,73;11;20; ;2;50
2017-01-01;6;0,69; ; ;0,65;11;20; ;2;49
2017-01-01;7;0,63; ; ;0,6;14;20; ;3;49
2017-01-01;8;0,61; ; ;0,57;18;20; ;3;49
2017-01-01;9;0,6; ; ;0,55;18;21; ;2;50
2017-01-01;10;0,57; ; ;0,52;15;23; ;3;50
2017-01-01;11;0,55; ; ;0,44;14;23; ;2;48
2017-01-01;12;0,52; ; ;0,4;15;22; ;2;47
2017-01-01;13;0,49; ; ;0,4;16;22; ;1;47
2017-01-01;14;0,48; ; ;0,41;17;21; ;2;46
2017-01-01;15;0,46; ; ;0,42;18;21; ;1;47
2017-01-01;16;0,44; ; ;0,41;21;20; ;1;45
2017-01-01;17;0,42; ; ;0,43;18;20; ;2;46
2017-01-01;18;0,42; ; ;0,45;18;20; ;1;46
2017-01-01;19;0,43; ; ;0,5;24;20; ;1;45
2017-01-01;20;0,43; ; ;0,55;28;20; ;2;42
2017-01-01;21;0,44; ; ;0,61;30;20; ;3;37
2017-01-01;22;0,46; ; ;0,68;32;19; ;3;36
2017-01-01;23;0,48; ; ;0,7;27;22; ;3;37
2017-01-01;24;0,48; ; ;0,7;23;24; ;3;36
2017-01-02;1;0,49; ; ;0,71;22;25; ;5;33
2017-01-02;2;0,49; ; ;0,68;16;26; ;20;30
2017-01-02;3;0,47; ; ;0,63;14;26; ;10;30
2017-01-02;4;0,45; ; ;0,57;16;26; ;21;26
2017-01-02;5;0,42; ; ;0,49;15;27; ;16;28
2017-01-02;6;0,38; ; ;0,4;16;29; ;7;31
2017-01-02;7;0,34; ; ;0,36;18;33; ;8;33
2017-01-02;8;0,33; ; ;0,37;21;35; ;7;36
2017-01-02;9;0,33; ; ;0,37;20;38; ;5;37
2017-01-02;10;0,33; ; ;0,39;19;39; ;6;40
2017-01-02;11;0,33; ; ;0,45;17;42; ;7;44
2017-01-02;12;0,35; ; ;0,51;16;45; ;5;48
2017-01-02;13;0,37; ; ;0,6;16;48; ;5;51
2017-01-02;14;0,4; ; ;0,71; ;51; ;6;54
2017-01-02;15;0,43; ; ;0,78; ;53; ;6;61
2017-01-02;16;0,45; ; ;0,83; ;55; ;6;64
2017-01-02;17;0,45; ; ;0,87;12;57; ;6;66
2017-01-02;18;0,46; ; ;0,92;11;59; ;7;68
2017-01-02;19;0,48; ; ;0,95;11;60; ;9;70
2017-01-02;20;0,49; ; ;0,96;12;61; ;7;73
2017-01-02;21;0,51; ; ;0,94;11;61; ;10;74
2017-01-02;22;0,51; ; ;0,9;11;61; ;10;77
2017-01-02;23;0,51; ; ;0,86;9;59; ;9;74
2017-01-02;24;0,52; ; ;0,8;8;57; ;6;72
2017-01-03;1;0,53;4; ;0,75;8;56; ;6;72
2017-01-03;2;0,54;4; ;0,68;8;56; ;4;73
2017-01-03;3;0,54;3; ;0,6;9;56; ;4;73
2017-01-03;4;0,52;2; ;0,54;10;57; ;4;74
2017-01-03;5;0,51;2; ;0,48;7;57; ;3;75
2017-01-03;6;0,5;2; ;0,43;3;55; ;4;74
2017-01-03;7;0,49;2; ;0,39;4;53; ;3;71
2017-01-03;8;0,48;3; ;0,37;5;50; ;4;70
2017-01-03;9;0,48;3; ;0,37;7;47; ;4;67
2017-01-03;10;0,49;3; ;0,38;7;46; ;5;66
2017-01-03;11;0,51;3; ;0,4;7;44; ;5;62
2017-01-03;12;0,55;3; ;0,44;8;40; ;4;59
2017-01-03;13;0,58; ; ;0,47;7;39; ;5;58
2017-01-03;14;0,65; ; ;0,49; ;36; ;4;59
2017-01-03;15;0,72; ; ;0,51; ;34; ;5;52
2017-01-03;16;0,8; ; ; ;7;33; ;4;49
2017-01-03;17;0,87; ; ; ;9;31; ;5;46
2017-01-03;18;0,91; ; ; ;8;29; ;4;43
2017-01-03;19;0,92; ; ; ;9;28; ;6;43
2017-01-03;20;0,94; ; ; ;11; ; ;5;44
2017-01-03;21;0,96; ; ; ;9; ; ;5;43
2017-01-03;22;0,96; ; ; ;8; ; ;6;40
2017-01-03;23;0,94; ; ; ;8; ; ;5;37
2017-01-03;24;0,89; ; ; ;6; ; ;6;37
2017-01-04;1;0,86; ; ; ;7; ; ;6;36
2017-01-04;2;0,85; ; ; ;12; ; ;6;35
2017-01-04;3; ; ; ; ;14; ; ;7;36
2017-01-04;4; ; ; ; ;12; ; ;7;36
2017-01-04;5; ; ; ; ;11; ; ;7;34
2017-01-04;6; ; ; ; ;11; ; ;8;35
2017-01-04;7; ; ; ; ;14; ; ;9;36
2017-01-04;8; ; ; ; ;16; ; ;8;36
2017-01-04;9; ; ; ; ;15; ; ;8;36
2017-01-04;10; ; ; ; ;18; ; ;7;35
2017-01-04;11; ; ; ; ;16; ; ;7;35
2017-01-04;12; ; ; ; ;19; ; ;7;35
2017-01-04;13;0,82; ; ; ;18; ; ;7;35
2017-01-04;14;0,84; ; ; ;16; ; ;9;32
2017-01-04;15;0,88; ; ; ; ;44; ;11;36
2017-01-04;16;0,91; ; ; ; ;44; ;9;38
2017-01-04;17;0,92; ; ; ;25;47; ;7;38
2017-01-04;18;0,89; ; ; ;26;52; ;9;39
2017-01-04;19;0,88; ; ; ;28;54; ;16;40
2017-01-04;20;0,87; ; ;1,55;29;55; ;53;39
2017-01-04;21;0,87; ; ;1,44;28;57; ;16;40
2017-01-04;22;0,88; ; ;1,27;25;59; ;17;43
2017-01-04;23;0,9; ; ;1,24;26;63; ;22;47
2017-01-04;24;0,91; ; ;1,23;25;66; ; ;51
2017-01-05;1;0,93; ; ;1,2;22;68; ; ;54
2017-01-05;2;0,97; ; ;1,15;17;70; ; ;58
2017-01-05;3;0,98; ; ;1,04;15;71; ; ;58
2017-01-05;4;0,95; ; ;0,89;13;71; ; ;59
2017-01-05;5;0,92; ; ;0,77;14;71; ; ;59
2017-01-05;6;0,88; ; ;0,71;15;71; ; ;58
2017-01-05;7;0,85; ; ;0,66;16;72; ; ;58
2017-01-05;8;0,85; ; ;0,58;21;72; ; ;58
2017-01-05;9;0,86; ; ;0,53;19;71; ; ;58
2017-01-05;10;0,86; ; ;0,56;19;73; ; ;60
2017-01-05;11;0,84; ; ;0,6;16;75; ; ;62
2017-01-05;12;0,84; ; ;0,64;15;79; ; ;64
2017-01-05;13;0,84; ; ;0,71;17;81; ;92;64
2017-01-05;14;0,84; ; ;0,72;13;82; ;55;65
2017-01-05;15;0,81; ; ;0,75;17;83; ;40;63
2017-01-05;16;0,77; ; ;0,77;15;85; ;29;62
2017-01-05;17;0,72; ; ;0,81;15;83; ;23;64
2017-01-05;18;0,66; ; ;0,84;18;81; ;24;65
2017-01-05;19;0,65; ; ;0,89;17;81;0,92;21;63
2017-01-05;20;0,65; ; ;0,93;14;81;0,91;23;62
2017-01-05;21;0,65; ; ;0,92;14;81;0,9;25;60
2017-01-05;22;0,63; ; ;0,95;13;81;0,88;25;58
2017-01-05;23;0,62; ; ;0,92;12;80;0,85;33;56
2017-01-05;24;0,62; ; ;0,88;10;82;0,8;33;55
2017-01-06;1;0,59; ; ;0,8;8;82;0,7;20;52
2017-01-06;2;0,57; ; ;0,69;6;82;0,67;16;49
2017-01-06;3;0,55; ; ;0,54;5;82;0,64;13;48
2017-01-06;4;0,52; ; ;0,44;4;82; ;11;46
2017-01-06;5;0,5; ; ;0,34;4;82; ;11;45
2017-01-06;6;0,48; ; ;0,24;4;82; ;10;45
2017-01-06;7;0,47; ; ;0,16;5;82; ;11;44
2017-01-06;8;0,45; ; ;0,11;7;82; ;11;43
2017-01-06;9;0,44; ; ;0,09;8;82; ;11;43
2017-01-06;10;0,44; ; ;0,08;8;79; ;10;41
2017-01-06;11;0,45; ; ;0,09;7;72; ;11;41
2017-01-06;12;0,47; ; ;0,13;6;67;<0,05;11;40
2017-01-06;13;0,48; ; ;0,18;8;64;0,03;11;39
2017-01-06;14;0,51; ; ;0,22;10;63;0,07;10;38
2017-01-06;15;0,53; ; ;0,23;11;60;0,11;11;38
2017-01-06;16;0,56; ; ;0,26;16;58;0,15;13;37
2017-01-06;17;0,59; ; ;0,28;17;57;0,2;14;37
2017-01-06;18;0,6; ; ;0,3; ;55;0,22;16;37
2017-01-06;19;0,62; ; ;0,3;14;53;0,26;19;38
2017-01-06;20;0,65; ; ;0,28;15;52;0,3;25;38
2017-01-06;21;0,68; ; ;0,24;16;50;0,33;20;40
2017-01-06;22;0,71; ; ;0,23;15;48;0,34;18;43
2017-01-06;23;0,75; ; ;0,23;17;45;0,33;16;43
2017-01-06;24;0,77; ; ;0,21;16;43;0,33;11;41
2017-01-07;1;0,79; ; ;0,19;16;42;0,38;11;42
2017-01-07;2;0,79; ; ;0,17;15;41;0,42;10;42
2017-01-07;3;0,78; ; ;0,15;10;40;0,47;10;40
2017-01-07;4;0,75; ; ;0,12;7;39;0,5;8;40
2017-01-07;5;0,72; ; ;0,1;6;39;0,54;9;41
2017-01-07;6;0,68; ; ;0,08;6;39;0,59;9;43
2017-01-07;7;0,64; ; ;0,06;6;38;0,64;10;43
2017-01-07;8;0,6; ; ;0,05;6;38;0,69;12;44
2017-01-07;9;0,57; ; ;0,05;7;37;0,68;11;45
2017-01-07;10;0,56; ; ;0,05;8;37;0,67;11;44
2017-01-07;11;0,56; ; ;0,05;7;36;0,67;10;43
2017-01-07;12;0,58; ; ;0,06;7;35;0,67;9;42
2017-01-07;13;0,6; ; ;0,06;7;33;0,66;8;42
2017-01-07;14;0,62; ; ;0,08;8;31;0,66;8;41
2017-01-07;15;0,64; ; ;0,09;14;30;0,64;7;41
2017-01-07;16;0,66; ; ;0,11;16;30;0,63;6;41
2017-01-07;17;0,67; ; ;0,12;15;30;0,63;5;40
2017-01-07;18;0,68; ; ;0,13;11;30;0,63;5;38
2017-01-07;19;0,67; ; ;0,15;11;30;0,63;5;38
2017-01-07;20;0,67; ; ;0,16;8;30;0,64;5;43
2017-01-07;21;0,67; ; ;0,19;9;30;0,65;5;41
2017-01-07;22;0,7; ; ;0,22;10;29;0,68;4;41
2017-01-07;23;0,73; ; ;0,26;10;30;0,69;7;40
2017-01-07;24;0,77; ; ;0,3;10;31;0,7;12;43
2017-01-08;1;0,77; ; ;0,33;9;31;0,71;28;47
2017-01-08;2;0,77; ; ;0,35;10;30;0,72;66;45
2017-01-08;3;0,77; ; ;0,34;11;29;0,72;39;46
2017-01-08;4;0,77; ; ;0,34;10;30;0,72;12;46
2017-01-08;5;0,76; ; ;0,32;9;29;0,72;7;46
2017-01-08;6;0,72; ; ;0,32;8;29;0,71;6;46
2017-01-08;7;0,67; ; ;0,32;8;29;0,71;8;46
2017-01-08;8;0,61; ; ;0,3;8;30;0,73;6;47
2017-01-08;9;0,6; ; ;0,3;10;31;0,73;7;48
2017-01-08;10;0,59; ; ;0,3;10;33;0,74;6;50
2017-01-08;11;0,58; ; ;0,34;12;33;0,75;5;49
2017-01-08;12;0,58; ; ;0,37;12;33;0,76;5;49
2017-01-08;13;0,59; ; ;0,42;14;33;0,77;5;48
2017-01-08;14;0,62; ; ;0,44;10;35;0,77;3;51
2017-01-08;15;0,64; ; ;0,46;9;35;0,78;4;52
2017-01-08;16;0,66; ; ;0,49;11;36;0,79;4;52
2017-01-08;17;0,67; ; ;0,53;14;36;0,79;5;53
2017-01-08;18;0,69; ; ;0,56;14;37;0,8;4;58
2017-01-08;19;0,71; ; ;0,59;13;38;0,81;4;59
2017-01-08;20;0,71; ; ;0,59;11;39;0,81;5;59
2017-01-08;21;0,71; ; ;0,56;8;40;0,81;5;58
2017-01-08;22;0,71; ; ;0,56;9;40;0,81;4;55
2017-01-08;23;0,7; ; ;0,57;11;39;0,82;5;56
2017-01-08;24;0,71; ; ;0,58;11;39;0,83;6;54
2017-01-09;1;0,72; ; ;0,57;10;39;0,82;9;52
2017-01-09;2;0,71; ; ;0,56;11;41;0,81;9;54
2017-01-09;3;0,72; ; ;0,54;10;43;0,8;7;54
2017-01-09;4;0,71; ; ;0,53;9;43;0,79;7;57
2017-01-09;5;0,7; ; ;0,53;8;45;0,79;6;59
2017-01-09;6;0,7; ; ;0,52;10;47;0,78;6;61
2017-01-09;7;0,7; ; ;0,52;9;49;0,77;5;65
2017-01-09;8;0,71; ; ;0,55;12;50;0,78;8;66
2017-01-09;9;0,73; ; ;0,55;11;49;0,79;9;63
2017-01-09;10;0,77; ; ;0,54;13;47;0,81;7;61
2017-01-09;11;0,8; ; ;0,54;15;46;0,82;7;62
2017-01-09;12;0,83; ; ;0,54;13;47;0,83;9;63
2017-01-09;13;0,87; ; ;0,54;11;46;0,84;6;63
2017-01-09;14;0,9; ; ;0,54;12;44;0,84;6;59
2017-01-09;15;0,93; ; ;0,52;12;44;0,84;5;58
2017-01-09;16;0,95; ; ;0,46;14;43;0,83;4;57
2017-01-09;17; ; ; ;0,43;13;42;0,82;6;55
2017-01-09;18; ; ; ;0,42;10;41;0,83;6;53
2017-01-09;19; ; ; ;0,5;17;41;0,82;10;52
2017-01-09;20; ; ; ;0,53;11;41;0,81;20;51
2017-01-09;21; ; ; ;0,55;8;39;0,8;25;51
2017-01-09;22; ; ; ;0,56;9;39;0,8;38;50
2017-01-09;23;0,83; ; ;0,55;8;38;0,8;7;48
2017-01-09;24;0,8; ; ;0,54;8;36;0,8;40;46
2017-01-10;1;0,78; ; ;0,55;8;35;0,78;20;43
2017-01-10;2;0,76; ; ;0,52;7;34;0,74;7;42
2017-01-10;3;0,7; ; ;0,41;7;32;0,73;7;41
2017-01-10;4;0,64; ; ;0,33;7;31;0,72;6;38
2017-01-10;5;0,61; ; ;0,28;7;29;0,7;7;35
2017-01-10;6;0,59; ; ;0,24;7;27;0,68;7;33
2017-01-10;7;0,58; ; ;0,22;9;25;0,67;6;28
2017-01-10;8;0,59; ; ;0,23;10;24;0,66;7;25
2017-01-10;9;0,6; ;23;0,27;10;25;0,67;8;26
2017-01-10;10;0,62; ;23;0,33;12;26;0,68;7;26
2017-01-10;11;0,66; ;23;0,4;14;27;0,68;6;25
2017-01-10;12;0,71; ;24;0,47;16;27;0,68;8;25
2017-01-10;13;0,74; ;24;0,54;14;29;0,68;6;25
2017-01-10;14;0,75; ;25;0,61;14;29;0,68;6;25
2017-01-10;15;0,75; ;23;0,64;13;29;0,67;6;25
2017-01-10;16;0,74; ;23;0,64;13;29;0,66;7;26
2017-01-10;17;0,71; ;24;0,6;14;29;0,65;8;26
2017-01-10;18;0,69; ;24;0,55;11;29;0,66;10;25
2017-01-10;19;0,65; ;24;0,52;12;29;0,66;11;23
2017-01-10;20;0,62; ;23;0,48;13;26;0,67;13;19
2017-01-10;21;0,61; ;23;0,45;13;27;0,67;12;19
2017-01-10;22;0,63; ;23;0,41;13;28;0,68;13;20
2017-01-10;23;0,65; ;23;0,37;12;28;0,69;12;20
2017-01-10;24;0,67; ;23;0,33;10;27;0,69;12;19
2017-01-11;1;0,68; ;23;0,29;10;27;0,69;11;20
2017-01-11;2;0,68; ;23;0,26;9;27;0,69;10;19
2017-01-11;3;0,68; ;23;0,24;8;27;0,68;9;19
2017-01-11;4;0,66; ;23;0,21;7;27;0,67;7;19
2017-01-11;5;0,64; ;23; ;4;27;0,66;8;19
2017-01-11;6;0,62; ;23; ;4;26;0,66;7;19
2017-01-11;7;0,6; ;23; ;4;26;0,65;12;19
2017-01-11;8;0,59; ;23; ;5;25;0,66;12;19
2017-01-11;9;0,6; ;23; ;6;24;0,67;12;20
2017-01-11;10;0,62; ;23; ;7;23;0,68;11;21
2017-01-11;11;0,66; ;23; ;7;22;0,69;12;21
2017-01-11;12;0,71; ;23; ;8;21;0,71;13;22
2017-01-11;13;0,73; ;23; ;8;21;0,71;13;22
2017-01-11;14;0,77; ;23; ;31;21;0,72;11;23
2017-01-11;15; ; ;23; ;11;21;0,71;11;23
2017-01-11;16; ; ;23; ;10;22;0,71;11;24
2017-01-11;17; ; ;23; ;9;22;0,7;10;24
2017-01-11;18; ; ;23; ;10;22;0,7;12;24
2017-01-11;19; ; ;23; ;12;21;0,7;11;25
2017-01-11;20; ; ;23; ;11;22;0,72;17;25
2017-01-11;21;0,62; ;23; ;11;21;0,73;19;25
2017-01-11;22;0,64; ;23;0,14;12;22;0,76;17;26
2017-01-11;23;0,65; ;23;0,16;13;22;0,78;18;27
2017-01-11;24;0,67; ;23;0,18;12;23;0,8;15;28
2017-01-12;1;0,7; ;24;0,21;12;23;0,81;16;28
2017-01-12;2;0,72; ;25;0,26;11;23;0,82;17;29
2017-01-12;3;0,73; ;25;0,29;9;24;0,81;15;30
2017-01-12;4;0,7; ;26;0,3;6;24;0,79;12;30
2017-01-12;5;0,66; ;26;0,3;6;24;0,77;13;30
2017-01-12;6;0,61; ;26;0,29;6;24;0,75;13;31
2017-01-12;7;0,57; ;26;0,28;8;25;0,75;21;32
2017-01-12;8;0,53; ;26;0,26;8;25;0,75;20;32
2017-01-12;9;0,5; ;25;0,24; ;25;0,75;18;33
2017-01-12;10;0,46; ;25;0,23; ;25;0,75;19;33
2017-01-12;11;0,44; ;25;0,26;14;26;0,76;21;34
2017-01-12;12;0,44; ;24;0,29;12;27;0,76;20;35
2017-01-12;13;0,46; ;24;0,3; ;27;0,77;10;35
2017-01-12;14;0,49; ;24;0,32; ;27;0,77;10;34
2017-01-12;15;0,5; ;24; ; ;28;0,75;10;33
2017-01-12;16;0,51; ;24; ; ;27;0,73;8;32
2017-01-12;17;0,5; ;24; ; ;27;0,72;10;32
2017-01-12;18;0,5; ;24; ; ;28;0,71;11;31
2017-01-12;19;0,49; ;24; ; ;29;0,71;14;31
2017-01-12;20;0,5; ;24; ; ;28;0,72;14;32
2017-01-12;21;0,51; ;24; ;23;28;0,73;19;33
2017-01-12;22;0,53; ;24; ;18;28;0,73;20;33
2017-01-12;23;0,55; ;25; ;16;27;0,74;19;35
2017-01-12;24;0,55; ;25; ;14;26;0,74;12;34
2017-01-13;1;0,56; ;25; ;12;26;0,74;13;35
2017-01-13;2;0,55; ;24;0,17;9;25;0,75;10;34
2017-01-13;3;0,55; ;24;0,16;8;25;0,74;9;32
2017-01-13;4;0,52; ;24;0,14;7;24;0,74;8;33
2017-01-13;5;0,49; ;24;0,14;7;24;0,73;8;35
2017-01-13;6;0,44; ;24;0,15;7;23;0,73;9;35
2017-01-13;7;0,41; ;24; ;10;23;0,74;9;33
2017-01-13;8;0,39; ;23; ;15;22;0,76;10;32
2017-01-13;9;0,4; ;23; ;18;22;0,77;14;33
2017-01-13;10;0,43; ;24; ;20;23;0,79;12;33
2017-01-13;11;0,47; ;25; ;23;23;0,81;10;37
2017-01-13;12;0,5; ;25; ;22;23;0,82;8;40
2017-01-13;13;0,55; ;26; ;26;24;0,84;6;41
2017-01-13;14;0,59; ;27;0,52;32;23;0,85;5;40
2017-01-13;15;0,64; ;27;0,59;27;24;0,87;4;41
2017-01-13;16;0,66; ;27;0,66;32;25;0,78; ;41
2017-01-13;17;0,65; ;28;0,77;24;27;0,73; ;40
2017-01-13;18;0,62; ;29;0,8;16;28;0,69; ;41
2017-01-13;19;0,58; ;29;0,82;16;29;0,66; ;42
2017-01-13;20;0,54; ;30;0,78;16;31;0,64; ;43
2017-01-13;21;0,5; ;31;0,71;15;32;0,61; ;43
2017-01-13;22;0,46; ;31;0,62;14;33;0,6; ;42
2017-01-13;23;0,41; ;31;0,52;13;33;0,6; ;40
2017-01-13;24;0,37; ;31;0,4;12;34;0,63; ;40
2017-01-14;1;0,35; ;31;0,32;15;35;0,59; ;39
2017-01-14;2;0,33; ;31;0,29;15;36;0,55; ;40
2017-01-14;3;0,31; ;32;0,26;14;37;0,51; ;41
2017-01-14;4;0,29; ;31;0,24;14;37;0,47; ;40
2017-01-14;5;0,28; ;32;0,23;13;38;0,42; ;39
2017-01-14;6;0,26; ;32;0,23;13;38;0,39; ;39
2017-01-14;7;0,24; ;32;0,23;12;39;0,37; ;40
2017-01-14;8;0,24; ;32;0,23;13;40;0,34; ;39
2017-01-14;9;0,24; ;32;0,22;13;40;0,34; ;39
2017-01-14;10;0,24; ;31;0,22;13;40;0,33; ;37
2017-01-14;11;0,24; ;30;0,22;14;39;0,32; ;33
2017-01-14;12;0,26; ;30;0,23;12;38;0,31; ;29
2017-01-14;13;0,29; ;28;0,25;13;38;0,31; ;28
2017-01-14;14;0,32; ;28;0,27;15;38;0,29; ;28
2017-01-14;15;0,33; ;28;0,29;15;36;0,28; ;29
2017-01-14;16;0,33; ;28;0,3;12;35;0,27; ;29
2017-01-14;17;0,33; ;27;0,32;12;32;0,26; ;31
2017-01-14;18;0,32; ;26;0,34;14;30;0,24; ;31
2017-01-14;19;0,31; ;24;0,35;15;29;0,24; ;32
2017-01-14;20;0,29; ;24;0,36;15;28;0,24; ;32
2017-01-14;21;0,28; ;22;0,37;18;27;0,24; ;33
2017-01-14;22;0,28; ;21;0,38;19;27;0,25; ;34
2017-01-14;23;0,29; ;21;0,4;20;26;0,26; ;33
2017-01-14;24;0,31; ;20;0,42;19;26;0,29; ;32
2017-01-15;1;0,33; ;20;0,41;15;25;0,33; ;33
2017-01-15;2;0,36; ;19;0,41;14;25;0,35; ;32
2017-01-15;3;0,39; ;19;0,4;14;25;0,37; ;31
2017-01-15;4;0,41; ;19;0,37;10;24;0,38; ;31
2017-01-15;5;0,41; ;18;0,33;7;24;0,4; ;32
2017-01-15;6;0,39; ;18;0,29;6;24;0,42; ;32
2017-01-15;7;0,37; ;18;0,24;9;24;0,43; ;31
2017-01-15;8;0,35; ;18;0,19;9;23;0,44; ;31
2017-01-15;9;0,33; ;18;0,17;10;23;0,43; ;31
2017-01-15;10;0,3; ;18;0,17;13;23;0,43; ;31
2017-01-15;11;0,28; ;17;0,16;14;22;0,44; ;30
2017-01-15;12;0,27; ;17;0,2;14;22;0,46; ;30
2017-01-15;13;0,28; ;17;0,24;17;22;0,47; ;31
2017-01-15;14;0,29; ;16;0,26;16;21;0,48; ;32
2017-01-15;15;0,3; ;16;0,28;14;22;0,49; ;35
2017-01-15;16;0,3; ;16;0,3;12;22;0,5; ;42
2017-01-15;17;0,31; ;16;0,31;13;22;0,5; ;45
2017-01-15;18;0,32; ;17;0,31;18;22;0,52; ;43
2017-01-15;19;0,33; ;17;0,31;17;21;0,53; ;40
2017-01-15;20;0,33; ;17;0,29;16;21;0,52; ;37
2017-01-15;21;0,33; ;17;0,28;16;21;0,53; ;37
2017-01-15;22;0,33; ;17;0,28;15;21;0,53; ;42
2017-01-15;23;0,34; ;17;0,27;11;22;0,51; ;46
2017-01-15;24;0,34; ;17;0,27;10;21;0,51; ;47
2017-01-16;1;0,34; ;17;0,27;10;21;0,5; ;47
2017-01-16;2;0,34; ;16;0,26;8;21;0,47; ;46
2017-01-16;3;0,32; ;16;0,25;6;21;0,45; ;48
2017-01-16;4;0,31; ;16;0,24;5;21;0,43; ;47
2017-01-16;5;0,29; ;16;0,22;6;20;0,41; ;46
2017-01-16;6;0,28; ;15;0,21;7;20;0,4; ;46
2017-01-16;7;0,26; ;15;0,22;11;19;0,42; ;46
2017-01-16;8;0,25; ;15;0,24;14;19;0,46; ;47
2017-01-16;9;0,25; ;15;0,26;15;20;0,48; ;46
2017-01-16;10;0,27; ;15;0,31;17;20;0,52; ;46
2017-01-16;11;0,29; ;15;0,36;16;21;0,54; ;46
2017-01-16;12;0,31; ;15;0,42;17;21;0,57;129;47
2017-01-16;13;0,33; ;15;0,49;16;20;0,59;52;46
2017-01-16;14;0,35; ;14;0,56;14;20;0,6;34;46
2017-01-16;15;0,38; ;14;0,63;12;20;0,57;30;41
2017-01-16;16;0,39; ;14;0,7;14;20;0,55;27;33
2017-01-16;17;0,39; ;14;0,75;13;21;0,54;27;28
2017-01-16;18;0,39; ;14;0,79;15;22;0,55;23;35
2017-01-16;19;0,4; ;14;0,83;16;23;0,55;21;40
2017-01-16;20;0,42; ;15;0,85;14;24;0,55;18;41
2017-01-16;21;0,43; ;15;0,85;21;24;0,53;16;43
2017-01-16;22;0,45; ;16;0,84;16;24;0,53;16;36
2017-01-16;23;0,45; ;16;0,81;18;23;0,53;14;32
2017-01-16;24;0,46; ;17;0,78;17;23;0,52;12;33
2017-01-17;1;0,45; ;17;0,75;18;24;0,5;13;33
2017-01-17;2;0,45; ;18;0,69;16;24;0,47;13;35
2017-01-17;3;0,43; ;19;0,61;12;24;0,45;13;35
2017-01-17;4;0,4; ;18;0,55;11;25;0,44;11;36
2017-01-17;5;0,37; ;19;0,5;11;25;0,45;13;35
2017-01-17;6;0,35; ;19;0,46;13;26;0,45;12;36
2017-01-17;7;0,33; ;19;0,45;16;26;0,45;14;37
2017-01-17;8;0,32; ;19;0,45;20;27;0,46;12;37
2017-01-17;9;0,33; ;20;0,48;22;29;0,47;12;37
2017-01-17;10;0,36; ;20;0,52;20;29;0,48;13;38
2017-01-17;11;0,39; ;22;0,6;18;30;0,47;11;37
2017-01-17;12;0,41; ;22;0,69;19;30;0,49;10;36
2017-01-17;13;0,44; ;22;0,79;25;32;0,47;12;36
2017-01-17;14;0,48; ;22;0,87;24;32;0,45;11;35
2017-01-17;15;0,51; ;22;0,94;26;33;0,43;12;35
2017-01-17;16;0,53; ;23;0,98;28;33;0,39;12;35
2017-01-17;17;0,53; ;23;1;28;33;0,35;11;36
2017-01-17;18;0,53; ;24;0,98;29;34;0,37;30;31
2017-01-17;19;0,53; ;24;0,96;31;34;0,4;37;29
2017-01-17;20;0,56; ;25;0,92;33;35;0,41;40;37
2017-01-17;21;0,57; ;24;0,9;33;34;0,44;32;43
2017-01-17;22;0,6; ;25;0,89;36;34;0,51;32;42
2017-01-17;23;0,66; ;26;0,88;32;35;0,55;26;42
2017-01-17;24;0,72; ;27;0,78;14;37;0,54;18;40
2017-01-18;1;0,71; ;29;0,69;11;37;0,56;19;39
2017-01-18;2;0,68; ;28;0,63;11;37;0,53;19;39
2017-01-18;3;0,62; ;28;0,55;14;37;0,49;18;39
2017-01-18;4;0,56; ;28;0,47;18;37;0,46;16;39
2017-01-18;5;0,51; ;29;0,37;17;38;0,43;16;39
2017-01-18;6;0,43; ;29;0,27;21;38;0,4;15;40
2017-01-18;7;0,34; ;29;0,19;22;38;0,4;14;40
2017-01-18;8;0,26; ;30;0,2;27;38;0,45;18;40
2017-01-18;9;0,26; ;30;0,25;28;38;0,48;19;42
2017-01-18;10;0,29; ;30;0,28;18;37;0,51;18;41
2017-01-18;11;0,31; ;29;0,32;16;37;0,53;19;41
2017-01-18;12;0,33; ;29;0,35;12;37;0,54;16;42
2017-01-18;13;0,35; ;29;0,41;16;37;0,53;14;42
2017-01-18;14;0,37; ;29;0,45;13;36;0,51;13;42
2017-01-18;15;0,38; ;29;0,46;13;36;0,48;16;43
2017-01-18;16;0,38; ;29;0,46;13;36;0,44;19;44
2017-01-18;17;0,37; ;28;0,47;16;35;0,42;19;44
2017-01-18;18;0,35; ;28;0,49;15;34;0,41;19;43
2017-01-18;19;0,35; ;27;0,49;13;33;0,4;20;41
2017-01-18;20;0,36; ;27;0,49;13;33;0,41;18;37
2017-01-18;21;0,36; ;26;0,47;19;33;0,43;21;31
2017-01-18;22;0,38; ;25;0,47;23;32;0,46;21;36
2017-01-18;23;0,4; ;24;0,48;23;32;0,48;21;40
2017-01-18;24;0,43; ;23;0,45;18;30;0,49;18;40
2017-01-19;1;0,44; ;22;0,4;19;29;0,5;17;39
2017-01-19;2;0,45; ;22;0,36;16;29;0,48;17;38
2017-01-19;3;0,44; ;22;0,32;15;28;0,47;15;37
2017-01-19;4;0,42; ;22;0,29;14;28;0,45;14;37
2017-01-19;5;0,4; ;21;0,25;5;28;0,43;14;36
2017-01-19;6;0,36; ;20;0,21;5;27;0,41;14;35
2017-01-19;7;0,32; ;20;0,16;7;26;0,4;14;34
2017-01-19;8;0,29; ;20;0,14;8;25;0,42;17;34
2017-01-19;9;0,28; ;19;0,13;9;24;0,42;17;33
2017-01-19;10;0,28; ;19;0,13;10;24;0,44;17;33
2017-01-19;11;0,29; ;19;0,14;8;23;0,46;19;34
2017-01-19;12;0,31; ;19;0,16;8;23;0,5;21;34
2017-01-19;13;0,34; ;20;0,18;9;23;0,55;25;35
2017-01-19;14;0,37; ;20;0,22;10;23;0,57;21;36
2017-01-19;15;0,4; ;20;0,26;11;23;0,58;20;37
2017-01-19;16;0,43; ;20;0,29;14;23;0,58;19;38
2017-01-19;17;0,45; ;20;0,33;15;23;0,6;19;38
2017-01-19;18;0,47; ;20;0,36;21;22;0,61;20;37
2017-01-19;19;0,49; ;20;0,39;21;22;0,64;24;37
2017-01-19;20;0,5; ;21;0,41;17;22;0,66;30;35
2017-01-19;21;0,53; ;21;0,42;20;23;0,66;32;33
2017-01-19;22;0,57; ;22;0,44;21;23;0,67;30;30
2017-01-19;23;0,6; ;23;0,44;23;23;0,67;25;37
2017-01-19;24;0,61; ;23;0,44;20;23;0,66;18;37
2017-01-20;1;0,6; ;22;0,41;17;23;0,64;17;37
2017-01-20;2;0,59; ;22;0,37;13;23;0,61;19;36
2017-01-20;3;0,56; ;22;0,34;9;23;0,56;15;37
2017-01-20;4;0,52; ;22;0,31;5;23;0,52;15;37
2017-01-20;5;0,46; ;22;0,27;3;25;0,48;15;37
2017-01-20;6;0,37; ;22;0,22;6;26;0,46;14;37
2017-01-20;7;0,29; ;22;0,18;9;26;0,5;22;38
2017-01-20;8;0,24; ;21;0,16;12;26;0,54;25;39
2017-01-20;9;0,21; ;21;0,16;13;26;0,59;22;39
2017-01-20;10; ; ;21;0,19;20;26;0,63;21;40
2017-01-20;11; ; ;19;0,23;23;28;0,67;19;41
2017-01-20;12; ; ;18;0,29;20;28;0,71;19;43
2017-01-20;13; ; ;18;0,32;22;29;0,74;20;43
2017-01-20;14; ; ;18;0,35;22;30;0,76;20;43
2017-01-20;15; ; ;18;0,38;27;30;0,72;18;42
2017-01-20;16; ; ;18;0,41;33;31;0,7;22;41
2017-01-20;17; ; ;18;0,46;26;31;0,67;22;42
2017-01-20;18; ;21;19;0,49;32;32;0,66;23;42
2017-01-20;19; ;20;19;0,51;33;32;0,67;25;42
2017-01-20;20; ;21;18;0,53;32;33;0,67;25;43
2017-01-20;21;0,55;30;18;0,58;28;34;0,68;28;50
2017-01-20;22;0,58;39;18;0,61;25;34;0,69;23;51
2017-01-20;23;0,59;52;17;0,63;24;34;0,71;23;41
2017-01-20;24;0,6;27;17;0,64;24;34;0,71;25;45
2017-01-21;1;0,64;31;18;0,6;20;35;0,7;20;45
2017-01-21;2;0,64;17;18;0,54;14;35;0,68;20;47
2017-01-21;3;0,63;15;18;0,48;15;35;0,64;18;47
2017-01-21;4;0,62;12;18;0,41;14;35;0,61;17;47
2017-01-21;5;0,59;10;19;0,33;18;34;0,57;12;49
2017-01-21;6;0,55;16;19;0,27;12;34;0,54;16;50
2017-01-21;7;0,51;12;20;0,22;7;34;0,52;17;49
2017-01-21;8;0,49;11;20;0,18;7;34;0,51;18;49
2017-01-21;9;0,46;10;21;0,16;6;34;0,5;17;49
2017-01-21;10;0,46;9;21;0,15;6;33;0,48;19;48
2017-01-21;11;0,46;10;22;0,15;7;31;0,48;25;46
2017-01-21;12;0,46;11;24;0,15;8;31;0,46;22;45
2017-01-22;13;0,47;10;21;0,14;10;23;0,61;12;46
2017-01-22;14;0,48;9;20;0,17;11;22;0,63;14;47
2017-01-22;15;0,49;8;20;0,2;8;22;0,64;10;49
2017-01-22;16;0,49;7;19;0,22;8;22;0,64;12;50
2017-01-22;17;0,5;11;19;0,26;12;22;0,65;12;52
2017-01-22;18;0,5;18;19;0,3;19;21;0,66;12;53
2017-01-22;19;0,49;21;20;0,34;20;21;0,67;14;56
2017-01-22;20;0,5;23;19;0,38;18;21;0,67;16;56
2017-01-22;21;0,5;16;20;0,39;10;23;0,67;16;55
2017-01-22;22;0,5;15;20;0,38;9;21;0,67;13;46
2017-01-22;23;0,5;10;20;0,37;10;21;0,68;15;46
2017-01-22;24;0,51;11;20;0,37;11;21;0,68;20;46
2017-01-23;1;0,51; ;20;0,35;8;20;0,66;19;45
2017-01-23;2;0,5; ;20;0,34;10;20;0,64;17;46
2017-01-23;3;0,5; ;20;0,3;5;20;0,6;13;45
2017-01-23;4;0,48; ;20;0,27;6;20;0,55;10;45
2017-01-23;5;0,46; ;20;0,24;7;19;0,51;10;45
2017-01-23;6;0,45;15;20;0,24;12;20;0,48;14;44
2017-01-23;7;0,44;19;20;0,23;14;20;0,46;14;42
2017-01-23;8;0,44;18;20;0,22;13;20;0,46;20;42
2017-01-23;9;0,47;15;20;0,21;12;20;0,49;19;44
2017-01-23;10;0,49;14;21;0,22;15;20;0,5;16;44
2017-01-23;11;0,51;13;21;0,24;17;20;0,5;19;43
2017-01-23;12;0,53;12;21;0,29;14;21;0,51;15;43
2017-01-23;13;0,56;19;21;0,34;15;21;0,52;14;43
2017-01-23;14;0,58;24;22;0,37;12;21;0,52;14;42
2017-01-23;15;0,6;16;22;0,42;14;21;0,49;13;41
2017-01-23;16;0,6;11; ;0,49;17;22;0,45;12;40
2017-01-23;17;0,58;14;23;0,58;18;22;0,43;13;38
2017-01-23;18;0,57;16;23;0,64;17;23;0,43;17;38
2017-01-23;19;0,57;18;23;0,68;16;23;0,44;21;35
2017-01-23;20;0,58;24;23;0,68;18;24;0,44;19;38
2017-01-23;21;0,58;27;23;0,67;14;22;0,43;22;32
2017-01-23;22;0,58;25;22;0,67;16;23;0,43;19;39
2017-01-23;23;0,57;18;22;0,65;16;23;0,44;18;39
2017-01-23;24;0,58;15;22;0,61;13;24;0,44;16;42
2017-01-24;1;0,58;13;22;0,53;10;25;0,44;14;45
2017-01-24;2;0,59;18;23;0,45;14;25;0,43;14;44
2017-01-24;3;0,57;11;23;0,42; ;25;0,42;18;43
2017-01-24;4;0,55;9;23;0,39; ;26;0,42;15;43
2017-01-24;5;0,52;8;24; ; ;27;0,43;15;42
2017-01-24;6;0,51;7;24; ; ;27;0,43;15;42
2017-01-24;7;0,49;11;24; ; ;28;0,46;16;44
2017-01-24;8;0,49;13;23; ; ;28;0,5;19;44
2017-01-24;9;0,5;14;23; ; ; ;0,54;17;43
2017-01-24;10;0,52;18;23; ; ; ;0,57;20;43
2017-01-24;11;0,55;24;23; ; ; ;0,6;23;42
2017-01-24;12;0,6;22;25; ; ; ;0,64;26;42
2017-01-24;13;0,64;26;29; ; ; ;0,66;25;43
2017-01-24;14;0,69;26;30; ; ; ;0,68;26;44
2017-01-24;15;0,72;22;31; ; ; ;0,66;21;47
2017-01-24;16;0,74;22;32; ; ; ;0,62;18;48
2017-01-24;17;0,74;22;33; ; ; ;0,59;20;49
2017-01-24;18;0,75;25;34; ; ; ;0,56;17;49
2017-01-24;19;0,74;27;35; ; ; ;0,53;18;51
2017-01-24;20;0,74;28;35; ; ; ;0,5;24;54
2017-01-24;21;0,75;28;38; ; ; ;0,5;28;51
2017-01-24;22;0,77;31;38; ;34; ;0,51;30;44
2017-01-24;23;0,81;34;37; ;28; ;0,52;25;44
2017-01-24;24;0,81;24;36; ;23; ;0,53;18;41
2017-01-25;1;0,78;13;36; ;18; ;0,52;14;39
2017-01-25;2;0,75;8;36; ;15; ;0,51;12;39
2017-01-25;3;0,7;6;37;0,4;11; ;0,5;12;40
2017-01-25;4;0,65;7;36;0,37;10; ;0,47;11;41
2017-01-25;5;0,6;6;36;0,34;9;25;0,42;12;41
2017-01-25;6;0,52;8;36;0,25;14;25;0,38;12;40
2017-01-25;7;0,45;10;37;0,23;19;24;0,34;18;38
2017-01-25;8;0,43;14;38;0,23;21;25;0,31;14;38
2017-01-25;9;0,43;16;39;0,25;19;26;0,28;14;40
2017-01-25;10;0,44;15;40;0,3;18;27;0,26;12;41
2017-01-25;11;0,46;14;40;0,36;21;28;0,23;11;40
2017-01-25;12;0,47;14; ;0,42;20;29;0,21;9;41
2017-01-25;13;0,49;14; ;0,5;19;31;0,19;11;41
2017-01-25;14;0,5;13; ;0,57;19;31;0,18;10;40
2017-01-25;15;0,5;12; ;0,63;20;32;0,17;10;39
2017-01-25;16;0,51;14; ;0,69;20;32;0,14;9;39
2017-01-25;17;0,5;13; ;0,73;21;31;0,11;10;38
2017-01-25;18;0,5;15; ;0,78;22;31;0,1;10;38
2017-01-25;19;0,49;15; ;0,82;25;31;0,1;13;36
2017-01-25;20;0,48;16; ;0,83;24;31;0,11;13;29
2017-01-25;21;0,48;18; ;0,81;19;33;0,13;17;26
2017-01-25;22;0,47;14; ;0,8;19;34;0,15;17;27
2017-01-25;23;0,47;13; ;0,75;17;34;0,17;18;28
2017-01-25;24;0,45;12; ;0,7;14;35;0,21;14;29
2017-01-26;1;0,44;8; ;0,65;13;36;0,25;14;29
2017-01-26;2;0,42;7; ;0,57;14;37;0,27;12;30
2017-01-26;3;0,41; ; ;0,46;11;37;0,29;12;30
2017-01-26;4;0,4; ; ;0,37;12;38;0,3;12;30
2017-01-26;5; ; ; ;0,31;9;38;0,3;14;30
2017-01-26;6; ; ; ;0,25;12;38;0,3;16;30
2017-01-26;7; ; ; ;0,23;16;38;0,32;13;30
2017-01-26;8; ; ; ;0,25;21;39;0,33;12;30
2017-01-26;9; ; ; ;0,26;20;38;0,33;14;29
2017-01-26;10; ; ; ;0,29;19;38;0,34;14;30
2017-01-26;11; ; ; ;0,35;18;38;0,32;12;30
2017-01-26;12; ; ; ;0,42;18;39;0,31;12;30
2017-01-26;13; ; ; ;0,51;18;39;0,29;12;30
2017-01-26;14; ; ; ;0,56;16;39;0,26;11;31
2017-01-26;15; ; ; ;0,63;19;38;0,24;11;31
2017-01-26;16; ; ; ;0,67;18;38;0,22;12;31
2017-01-26;17; ; ; ;0,71;19;38;0,2;12;31
2017-01-26;18; ; ; ;0,76;21;39;0,18;12;31
2017-01-26;19; ;14; ;0,81;20;39;0,19;13;31
2017-01-26;20;0,46;13; ;0,83;20;38;0,19;15;30
2017-01-26;21;0,47;13; ;0,83;19;38;0,2;17;30
2017-01-26;22;0,47;13; ;0,82;20;37;0,22;19;29
2017-01-26;23;0,48;13; ;0,78;16;37;0,23;19;29
2017-01-26;24;0,49;15; ;0,74;17;36;0,24;18;28
2017-01-27;1;0,5;15; ;0,69;18;36;0,27;19;28
2017-01-27;2;0,5;15; ;0,63;17;35;0,29;16;28
2017-01-27;3;0,48;13; ;0,53;18;35;0,31;16;27
2017-01-27;4;0,47;13; ;0,45;17;35;0,33;19;27
2017-01-27;5;0,46;13; ;0,38;17;35;0,35;16;27
2017-01-27;6;0,45;12; ;0,37;18;34;0,37;15;27
2017-01-27;7;0,45;12; ;0,39;22;34;0,4;12;27
2017-01-27;8;0,48;12; ;0,44;31;35;0,43;13;27
2017-01-27;9;0,51;15; ;0,5;30;35;0,44;20;28
2017-01-27;10;0,55;16; ;0,52; ;34;0,44; ;28
2017-01-27;11;0,58;15; ;0,56; ;34;0,46; ;29
2017-01-27;12;0,61;15; ; ; ;34; ; ;29
2017-01-27;13;0,63;14; ; ; ;34; ; ;29
2017-01-27;14;0,64;20; ; ; ;34; ; ;29
2017-01-27;15;0,65;22; ; ; ;34; ; ;28
2017-01-27;16;0,64;19; ; ;28;34; ; ;27
2017-01-27;17;0,62;19; ; ;33;34; ;33;28
2017-01-27;18;0,6;18; ;0,53;27;34; ;35;28
2017-01-27;19;0,6;21; ;0,54;23;34; ;39;29
2017-01-27;20;0,61;20; ;0,54;25;33; ;35;30
2017-01-27;21;0,62;21; ;0,56;31;33; ;36;30
2017-01-27;22;0,63;21; ;0,56;28;33;0,66;37;31
2017-01-27;23;0,66;28; ;0,55;28;33;0,66;26;31
2017-01-27;24;0,68;25; ;0,54;18;33;0,66;19;34
2017-01-28;1;0,69;19; ;0,52;16;32;0,7;15;36
2017-01-28;2;0,71;18; ;0,48;11;32;0,75;14;36
2017-01-28;3;0,72;17; ;0,46;18;32;0,78;10;37
2017-01-28;4;0,7;11; ;0,43;15;32;0,82;8;37
2017-01-28;5;0,68;12; ;0,39;9;32;0,86;14;37
2017-01-28;6;0,66;15; ;0,37;8;32;0,88;26;37
2017-01-28;7;0,62;10; ;0,35;9;32;0,91;29;37
2017-01-28;8;0,59;10; ;0,33;8;30;0,95;25;36
2017-01-28;9;0,56;10; ;0,31;8;29;0,97;22;36
2017-01-28;10;0,54;9; ;0,28;7;28;0,99;23;35
2017-01-28;11;0,51;8; ;0,26;5;27;1;18;34
2017-01-28;12;0,51;8; ;0,25;5;26;1,02;24;33
2017-01-28;13;0,51;7; ;0,25;5;25;1,03;10;33
2017-01-28;14;0,51;7; ;0,25;6;24;1,05;9;32
2017-01-28;15;0,51;6; ;0,26;9;23;1,06;7;31
2017-01-28;16;0,52;7; ;0,26; ;22;1,08;8;30
2017-01-28;17;0,52;7; ;0,27; ;22;1,07;8;29
2017-01-28;18;0,51;7; ; ; ;21;1,06;6;28
2017-01-28;19;0,52;7;22; ; ;20;1,06;9;28
2017-01-28;20;0,51;9;21; ; ;19;1,08;15;27
2017-01-28;21;0,53;12;21; ; ;19;1,11;27;26
2017-01-28;22;0,57;17;22; ;21;19;1,15;35;26
2017-01-28;23;0,63;23;23; ;19;18;1,21;18;26
2017-01-28;24;0,67;23;23; ;18;18;1,23;8;36
2017-01-29;1;0,7;19;23; ;19;18;1,19;9;36
2017-01-29;2;0,72;16;22; ;13;18;1,14;7;35
2017-01-29;3;0,74;13;21;0,48;19;18;1,08;4;34
2017-01-29;4;0,74;8;21;0,46;8;18;1,01;4;34
2017-01-29;5;0,72;6;21;0,44;3;19;0,93;3;34
2017-01-29;6;0,67;6;21;0,4;4;19;0,83;6;35
2017-01-29;7;0,6;5;21;0,37;6;18;0,73;12;35
2017-01-29;8;0,55;8;21;0,35;6;18;0,67;14;34
2017-01-29;9;0,52;5;21;0,31;4;18;0,66;16;34
2017-01-29;10;0,48;5;20;0,28;3;18;0,65;12;34
2017-01-29;11;0,46;5;20;0,26;3;18;0,66;13;34
2017-01-29;12;0,46;5;20;0,25;3;17;0,66;9;34
2017-01-29;13;0,48;5;20;0,25;5;17;0,66;7;33
2017-01-29;14;0,49;6;20;0,24; ;17;0,66;8;33
2017-01-29;15;0,5;5;21;0,24; ;17;0,64;6;32
2017-01-29;16;0,5;6;21; ; ;16;0,62;10;32
2017-01-29;17;0,5;5;21; ; ;16;0,61;13;33
2017-01-29;18;0,51;6;21; ; ;16;0,6;12;33
2017-01-29;19;0,51;8;21; ; ;16;0,6;14;34
2017-01-29;20;0,52;18;21; ; ;17;0,61;10;39
2017-01-29;21;0,53;22;21; ; ;17;0,62;8;44
2017-01-29;22;0,55;19;20; ; ;17;0,63;5;50
2017-01-29;23;0,57;20;19; ; ;17;0,66;8;52
2017-01-29;24;0,6;22;19; ; ;17;0,69;8;38
2017-01-30;1;0,63;18;18; ; ;16;0,71;4;36
2017-01-30;2;0,64;10;18; ;22;17;0,73;5;37
2017-01-30;3;0,64;7;19; ;21;16;0,75;9;38
2017-01-30;4;0,63;6;18; ;14;16;0,76;5;38
2017-01-30;5;0,61;5;18; ;16;16;0,77;5;38
2017-01-30;6;0,59;6;18; ;10;16;0,78;10;39
2017-01-30;7;0,57;9;18; ;8;16;0,8;19;39
2017-01-30;8;0,55;14;19; ;10;16;0,82;28;40
2017-01-30;9;0,55;15;19; ;8;16;0,83;26;40
2017-01-30;10;0,56;12;19; ; ;17;0,86;29;40
2017-01-30;11;0,58;12;19; ; ;17;0,87;28;41
2017-01-30;12;0,6;12;19; ; ;18;0,89;20;41
2017-01-30;13;0,63;14;19; ; ;17;0,91;12;41
2017-01-30;14;0,65;12;19; ;24;16;0,91;9;41
2017-01-30;15;0,67;11;18; ;25;16;0,89;12;41
2017-01-30;16;0,68;11;18; ;28;15;0,88;13;41
2017-01-30;17;0,66;11;18; ;30;15;0,86;14;41
2017-01-30;18;0,66;13;18; ;29;17;0,83;13;42
2017-01-30;19;0,67;21;18;0,94;25;17;0,81;13;43
2017-01-30;20;0,67;20;19;0,94;21;18;0,79;11;46
2017-01-30;21;0,66;17;19;0,94;22;19;0,78;8;43
2017-01-30;22;0,65;18;19;0,97;18;20;0,77;6;39
2017-01-30;23;0,65;19;20;0,98;19;22;0,76;5;41
2017-01-30;24;0,64;20;20;0,99;21;23;0,75;4;44
2017-01-31;1;0,64;28;20;0,95;20;22;0,78;3;44
2017-01-31;2;0,63;14;20;0,87;16;22;0,81;4;44
2017-01-31;3;0,6;12;19;0,79;15;22;0,83;3;44
2017-01-31;4;0,56;9;20;0,75;12;22;0,85;4;43
2017-01-31;5;0,54;7;19;0,7;5;22;0,86;4;43
2017-01-31;6;0,52;7;19;0,67;8;22;0,89;10;43
2017-01-31;7;0,5;10;19;0,65;11;22;0,93;13;42
2017-01-31;8;0,49;14;19;0,62;10;22;0,98;16;42
2017-01-31;9;0,49;16;19;0,62;11;23;1,02;14;43
2017-01-31;10;0,51;16;19;0,65;15;25;1,08;15;49
2017-01-31;11;0,55;21;19;0,69;18;24;1,13;14;47
2017-01-31;12;0,59;25;20;0,74;23;23;1,19;17;47
2017-01-31;13;0,55;16;19;1,18;39;20;1,07;11;23
2017-01-31;14;0,58;17;19;1,3;38;21;1,09;11;22
2017-01-31;15;0,6;19; ;1,41;39;22;1,09; ;23
2017-01-31;16;0,61;17; ;1,51;34;23;1,09; ;23
2017-01-31;17;0,6;19; ;1,61;34;22;1,05; ;23
2017-01-31;18;0,6;18; ;1,64;37;21;1,03; ;23
2017-01-31;19;0,6;20; ;1,66;34;21;1,01; ;22
2017-01-31;20;0,62;22; ;1,69;38;20;0,99; ;16
2017-01-31;21;0,62;23; ;1,7;37;21;0,96; ;16
2017-01-31;22;0,64;22; ;1,71;34;21;0,96; ;15
2017-01-31;23;0,62;17; ;1,67;28;22;0,94; ;17
2017-01-31;24;0,62;16; ;1,63;23;23;0,92; ;21
2017-02-01;1;0,6;13; ;1,59;20;24;0,94; ;22
2017-02-01;2;0,58;10; ;1,53;19;23;0,96; ;22
2017-02-01;3;0,55;7; ;1,47;15;24;0,98; ;22
2017-02-01;4;0,5;5; ;1,41;15;24;1; ;22
2017-02-01;5;0,46;7; ;1,32;13;24;1,02; ;22
2017-02-01;6;0,42;10; ;1,25;18;25;1,03; ;23
2017-02-01;7;0,42;18; ;1,25;25;26;1,06; ;24
2017-02-01;8;0,42;18; ;1,27;29;26;1,09; ;22
2017-02-01;9;0,43;16; ;1,27;32;26;1,11; ;22
2017-02-01;10;0,45;16; ;1,25;32;27;1,12; ;22
2017-02-01;11;0,48;17; ;1,25;33;27;1,12; ;22
2017-02-01;12;0,51;16; ;1,25;28;27;1,12; ;22
2017-02-01;13;0,54;16; ;1,28;34;28;1,14; ;22
2017-02-01;14;0,57;16; ;1,3;29;28;1,14; ;22
2017-02-01;15;0,57;16; ;1,29;32;28;1,15; ;22
2017-02-01;16;0,57;17; ;1,25;32;28;1,13; ;22
2017-02-01;17;0,56;18; ;1,27;33;29;1,12; ;22
2017-02-01;18;0,56;19; ;1,29;32;30;1,1; ;23
2017-02-01;19;0,55;15; ;1,3;32;30;1,11; ;25
2017-02-01;20;0,54;19; ;1,29;31;30;1,12; ;25
2017-02-01;21;0,53;18; ;1,24;25;29;1,13; ;27
2017-02-01;22;0,53;20; ;1,21;26;29;1,14; ;26
2017-02-01;23;0,52;18; ;1,16;26;29;1,13; ;24
2017-02-01;24;0,52;19; ;1,1;23;28;1,14; ;20
2017-02-02;1;0,5;17; ;1,04;21;28;1,1; ;19
2017-02-02;2;0,49;19; ;0,99;23;28;1,06; ;19
2017-02-02;3;0,47;17; ;0,93;28;28;1; ;19
2017-02-02;4;0,46;16; ;0,88;26;28;0,96; ;19
2017-02-02;5;0,45;15; ;0,85;22;28;0,89; ;19
2017-02-02;6;0,44;17; ;0,83;25;28;0,87; ;19
2017-02-02;7;0,45;24; ;0,84;34;28;0,84; ;19
2017-02-02;8;0,48;28; ;0,9;39;28;0,83; ;20
2017-02-02;9;0,52;29; ;0,95;42;29;0,86; ;20
2017-02-02;10;0,56;25; ;1;37;29;0,89; ;21
2017-02-02;11;0,6;24; ;1,05;37;30;0,89; ;22
2017-02-02;12;0,63;29; ;1,08;27;30;0,91; ;24
2017-02-02;13;0,54;16; ;1,28;34;28;1,14; ;22
2017-02-02;14;0,57;16; ;1,3;29;28;1,14; ;22
2017-02-02;15;0,57;16; ;1,29;32;28;1,15; ;22
2017-02-02;16;0,57;17; ;1,25;32;28;1,13; ;22
2017-02-02;17;0,56;18; ;1,27;33;29;1,12; ;22
2017-02-02;18;0,56;19; ;1,29;32;30;1,1; ;23
2017-02-02;19;0,55;15; ;1,3;32;30;1,11; ;25
2017-02-02;20;0,54;19; ;1,29;31;30;1,12; ;25
2017-02-02;21;0,53;18; ;1,24;25;29;1,13; ;27
2017-02-02;22;0,53;20; ;1,21;26;29;1,14; ;26
2017-02-02;23;0,52;18; ;1,16;26;29;1,13; ;24
2017-02-02;24;0,52;19; ;1,1;23;28;1,14; ;20
2017-02-03;1;0,5;17; ;1,04;21;28;1,1; ;19
2017-02-03;2;0,49;19; ;0,99;23;28;1,06; ;19
2017-02-03;3;0,47;17; ;0,93;28;28;1; ;19
2017-02-03;4;0,46;16; ;0,88;26;28;0,96; ;19
2017-02-03;5;0,45;15; ;0,85;22;28;0,89; ;19
2017-02-03;6;0,44;17; ;0,83;25;28;0,87; ;19
2017-02-03;7;0,45;24; ;0,84;34;28;0,84; ;19
2017-02-03;8;0,48;28; ;0,9;39;28;0,83; ;20
2017-02-03;9;0,52;29; ;0,95;42;29;0,86; ;20
2017-02-03;10;0,56;25; ;1;37;29;0,89; ;21
2017-02-03;11;0,6;24; ;1,05;37;30;0,89; ;22
2017-02-03;12;0,63;29; ;1,08;27;30;0,91; ;24
2017-02-03;13;0,65;30; ;1,12;28;30;0,93; ;24
2017-02-03;14;0,66;23; ;1,16;21;29;0,92; ;25
2017-02-03;15;0,66;17; ;1,14;20;29;0,91; ;24
2017-02-03;16;0,62;13; ;1,11;28;28;0,88; ;24
2017-02-03;17;0,59;17; ;1,06;18;27;0,85; ;24
2017-02-03;18;0,57;25;25;1,08;38;26;0,84; ;24
2017-02-03;19;0,57;32;25;1,11;34;26;0,87; ;23
2017-02-03;20;0,57;30;25;1,15;34;27;0,86; ;25
2017-02-03;21;0,58;22;25;1,16;33;27;0,84; ;24
2017-02-03;22;0,6;19;24;1,17;26;27;0,85; ;24
2017-02-03;23;0,6;16;24;1,18;21;27;0,85; ;26
2017-02-03;24;0,61;12;24;1,17;17;26;0,84; ;27
2017-02-04;1;0,6;12;22;1,18;17;26;0,86; ;27
2017-02-04;2;0,59;11;21;1,11;13;27;0,86; ;30
2017-02-04;3;0,56;9;21;1,05;14;27;0,86; ;30
2017-02-04;4;0,52;7;21;1;12;27;0,87; ;30
2017-02-04;5;0,49;7;20;0,95;12;27;0,88; ;30
2017-02-04;6;0,46;8;20;0,93;13;26;0,88; ;30
2017-02-04;7;0,43;10;20;0,92;16;26;0,9; ;29
2017-02-04;8;0,43;11;19;0,91;17;25;0,94; ;29
2017-02-04;9;0,42;9;17;0,89;17;24;0,94; ;28
2017-02-04;10;0,42;10;17;0,86;13;23;0,96; ;29
2017-02-04;11;0,43;10;16;0,85;13;22;0,99; ;28
2017-02-04;12;0,44;11;16;0,84;12;21;1,01; ;27
2017-02-04;13;0,47;15;15;0,84;17;20;1,03; ;27
2017-02-04;14;0,5;21;15;0,85;17;20;1,05; ;28
2017-02-04;15;0,53;19;15;0,84;18;21;1,06; ;32
2017-02-04;16;0,54;16;16;0,82;14;21;1,05; ;35
2017-02-04;17;0,55;14;16;0,83;16;21;1,07; ;40
2017-02-04;18;0,56;13;16;0,85;13;21;1,08; ;44
2017-02-04;19;0,56;12;15;0,86;14;21;1,08; ;44
2017-02-04;20;0,58;14;16;0,86;13;20;1,06; ;43
2017-02-04;21;0,6;19;15;0,87;21;19;1,07; ;42
2017-02-04;22;0,62;21;15;0,87;27;19;1,08; ;41
2017-02-04;23;0,65;21;15;0,88;24;18; ; ;40
2017-02-04;24;0,66;17;14;0,86;13;18; ; ;39
2017-02-05;1;0,68;16;14;0,86;18;18; ; ;39
2017-02-05;2;0,71;16;14;0,86;15;17; ; ;36
2017-02-05;3;0,71;9;14;0,85;10;17; ; ;35
2017-02-05;4;0,69;6;14;0,84;9;17; ; ;35
2017-02-05;5;0,64;5;14;0,81;8;17; ; ;34
2017-02-05;6;0,59;5;14;0,79;8;17; ; ;34
2017-02-05;7;0,53;5;14;0,76;9;16; ; ;34
2017-02-05;8;0,5;5;14;0,75;8;16; ; ;34
2017-02-05;9;0,47;4;14;0,72;7;16; ; ;34
2017-02-05;10;0,43;4;14;0,69;6;15; ; ;32
2017-02-05;11;0,42;4;14;0,66;5;15; ; ;32
2017-02-05;12;0,42;5;14;0,65;6;15; ; ;33
2017-02-05;13;0,43;6;14;0,64;7;15; ; ;34
2017-02-05;14;0,45;6;13;0,64;8;14; ; ;32
2017-02-05;15;0,45;5;12;0,63;6;13; ; ;27
2017-02-05;16;0,45;6;12;0,62;7;12; ; ;25
2017-02-05;17;0,46;7;12;0,62;8;11; ; ;20
2017-02-05;18;0,47;9;11;0,62;9;11; ; ;15
2017-02-05;19;0,48;9;11;0,63;11;10; ; ;13
2017-02-05;20;0,48;9;10;0,63;12;9; ; ;12
2017-02-05;21;0,47;10;11;0,64;14;10; ; ;11
2017-02-05;22;0,46;10;12;0,62;12;10; ; ;11
2017-02-05;23;0,46;10;14;0,61;12;10; ; ;11
2017-02-05;24;0,46;7;15;0,61;10;10; ; ;11
2017-02-06;1;0,46;7;15;0,6;9;9; ; ;11
2017-02-06;2;0,44;5;15;0,59;7;9; ; ;11
2017-02-06;3;0,43;3;15;0,57;5;9; ; ;11
2017-02-06;4;0,41;4;15;0,55;6;9; ; ;12
2017-02-06;5;0,39;5;16;0,52;7;9; ; ;12
2017-02-06;6;0,39;7;16;0,51;9; ; ; ;13
2017-02-06;7;0,39;11;16;0,51;13; ; ; ;13
2017-02-06;8;0,4;12; ;0,53;14; ; ; ;14
2017-02-06;9;0,42;11; ;0,57;15; ; ; ;14
2017-02-06;10;0,44;11; ;0,62;15; ; ; ;15
2017-02-06;11;0,48;13; ;0,66;17; ; ; ;15
2017-02-06;12;0,5;12; ;0,71;17; ; ; ;14
2017-02-06;13;0,53;12; ;0,77;18; ; ; ;13
2017-02-06;14;0,55;12; ;0,82;18; ; ; ;14
2017-02-06;15;0,56;12; ;0,87;20; ;0,82; ;15
2017-02-06;16;0,55;13; ;0,9;21; ;0,82; ;14
2017-02-06;17;0,55;15; ;0,92;22; ;0,82; ;14
2017-02-06;18;0,54;17; ;0,92;22; ;0,86; ;15
2017-02-06;19;0,54;18; ;0,95;26; ;0,88; ;16
2017-02-06;20;0,56;20; ;0,99;27; ;0,89; ;17
2017-02-06;21;0,58;22; ;1;27; ;0,91; ;18
2017-02-06;22;0,6;21; ;1,03;28; ;0,94; ;19
2017-02-06;23;0,63;22; ;1,04;25; ;0,97; ;19
2017-02-06;24;0,67;22; ;1,04;25; ;1,02; ;21
2017-02-07;1;0,7;21; ;1,01;22; ;1,06; ;23
2017-02-07;2;0,72;20; ;0,99;24; ;1,1; ;24
2017-02-07;3;0,71;20; ;0,95;22; ;1,13; ;26
2017-02-07;4;0,7;19; ;0,89;22;37;1,17; ;27
2017-02-07;5;0,72;20; ;0,84;22;36;1,21; ;28
2017-02-07;6;0,74;21; ;0,82;24;36;1,24; ;29
2017-02-07;7;0,79;23; ;0,82;28;36;1,3; ;31
2017-02-07;8;0,87;29; ;0,85;30;36;1,36; ;34
2017-02-07;9;0,88;24; ;0,87;24;36;1,37; ;34
2017-02-07;10;0,89;25; ;0,87;24;35;1,34; ;34
2017-02-07;11;0,94;22; ;0,88;30;35;1,3; ;34
2017-02-07;12;1; ; ;0,89;24;35;1,26; ;35
2017-02-07;13;0,91; ; ;0,89;20;34;1,2; ;35
2017-02-07;14;0,82;19; ;0,88;20;34;1,15; ;36
2017-02-07;15; ;27; ;0,84;24;34;1,06; ;36
2017-02-07;16; ;27; ;0,78;22;34;0,95; ;35
2017-02-07;17; ;26; ;0,77;24;34;0,92; ;35
2017-02-07;18; ;24;42;0,79;26;34;0,91; ;36
2017-02-07;19;0,29;23;40;0,81;30;33;0,92; ;37
2017-02-07;20;0,29;22;39;0,84;31;32;0,94; ;36
2017-02-07;21;0,3;20;38;0,86;23;32;0,96; ;37
2017-02-07;22;0,28;16;37;0,86;18;32;0,96; ;37
2017-02-07;23;0,27;13;36;0,86;16;31;0,98; ;36
2017-02-07;24;0,26;11;35;0,86;15;30;1; ;34
2017-02-08;1;0,25;11;32;0,84;14;29;1,02; ;33
2017-02-08;2;0,24;9;31;0,8;9;28;1,04; ;32
2017-02-08;3;0,21;7;30;0,75;9;28;1,05; ;30
2017-02-08;4;0,18;12;30;0,71;6;27;1,04; ;29
2017-02-08;5;0,15;9;29;0,67;7;27;1,04; ;28
2017-02-08;6;0,14;8;28;0,65;9;26;1,05; ;27
2017-02-08;7;0,14;12;25;0,64;13;25;1,07; ;25
2017-02-08;8;0,14;13;23;0,62;12;24;1,09; ;23
2017-02-08;9;0,16;12;22;0,62;12;23;1,1; ;23
2017-02-08;10;0,17;9;21;0,62;13;23;1,11; ;23
2017-02-08;11;0,19;10;21;0,63;12;22;1,11; ;23
2017-02-08;12;0,21;15;20;0,65;13;22;1,14; ;23
2017-02-08;13;0,23;12;19;0,69;16;21;1,02; ;22
2017-02-08;14;0,24;10;18;0,72;17;21;0,88; ;22
2017-02-08;15;0,24;14;17;0,76;14;21;0,72; ;22
2017-02-08;16;0,24;14;17;0,83;21;21;0,58;15;22
2017-02-08;17;0,23;14;17;0,92;21;22;0,45;16;22
2017-02-08;18;0,22;14;17;0,97;19;24;0,32;17;22
2017-02-08;19;0,22;16;17;1,02;20;24;0,33;17;22
2017-02-08;20;0,22;20;17;1,03;19;24;0,33;20;23
2017-02-08;21;0,22;18;17;1,02;20;24;0,35;24;24
2017-02-08;22;0,23;21;17;1,02;19;24;0,37;24;27
2017-02-08;23;0,23;19;17;1,01;20;25;0,4;22;32
2017-02-08;24;0,24;20;18;0,95;15;25;0,42;21;32
2017-02-09;1;0,24;17;17;0,88;18;25;0,41;18;31
2017-02-09;2;0,23;10;18;0,82;15;25;0,39;18;31
2017-02-09;3;0,21;8;18;0,75;13;25;0,37;17;30
2017-02-09;4;0,19;5;18;0,72;9;25;0,36;17;30
2017-02-09;5;0,16;5;18;0,68;12;25;0,34;17;31
2017-02-09;6;0,14;9;18;0,64;11;25;0,32;15;31
2017-02-09;7;0,13;11;18;0,61;14;26;0,31;15;31
2017-02-09;8;0,13;13;18;0,6;15;26;0,31;17;31
2017-02-09;9;0,14;13;19;0,6;14;27;0,33;16;31
2017-02-09;10;0,16;12;19;0,62;15;28;0,36;16;31
2017-02-09;11;0,18;12;18;0,64;19;28;0,4;15;32
2017-02-09;12;0,21;14;19;0,68;25;28;0,43;16;31
2017-02-09;13;0,24;20;19;0,76;29; ;0,45;17;32
2017-02-09;14;0,29;24;19;0,85;26; ;0,46;15;32
2017-02-09;15;0,31;18;20;0,94;23; ;0,45;16;32
2017-02-09;16;0,3;13;20;1,04;23; ;0,44;14;31
2017-02-09;17;0,29;16;20;1,17;26; ;0,43;18;33
2017-02-09;18;0,29;22;20;1,25;27; ;0,41;15;33
2017-02-09;19;0,3;25;20;1,33;22; ;0,4;16;33
2017-02-09;20;0,31;24;21;1,36;22; ;0,39;19;38
2017-02-09;21;0,3;22;21;1,33;19; ;0,38;20;37
2017-02-09;22;0,31;23;22;1,29;22; ;0,41;22;41
2017-02-09;23;0,33;21;27;1,23;22; ;0,45;19;48
2017-02-09;24;0,34;19;30;1,17;20; ;0,46;20;51
2017-02-10;1;0,38;20;33;1,13;21; ;0,53;19;58
2017-02-10;2;0,41;20;39;1,1;20; ;0,62;21;74
2017-02-10;3;0,42;17;43;1,04;16; ;0,67;18;84
2017-02-10;4;0,4;16;45;1,01;17; ;0,7;17;89
2017-02-10;5;0,4;17;46;1;17; ;0,73;19;90
2017-02-10;6;0,39;16;48;1;18; ;0,74;11;90
2017-02-10;7;0,37;14;49;1,05;17; ;0,76;10;92
2017-02-10;8;0,39;15;50;1,12;24; ;0,8;12;96
2017-02-10;9;0,42;30;51;1,12;32; ;0,77;19;98
2017-02-10;10;0,45;42;54;1,13;31; ;0,7;19;100
2017-02-10;11;0,47;25;58;1,18;21; ;0,66;14;100
2017-02-10;12;0,48;17;58;1,21;16; ;0,62;14;101
2017-02-10;13;0,49;18;58;1,27;20; ;0,58;13;100
2017-02-10;14;0,47;17;58;1,31;22; ;0,54;12;102
2017-02-10;15;0,46;16;58;1,35;35; ;0,5;14;102
2017-02-10;16;0,44;23;58;1,34;28; ;0,47;14;103
2017-02-10;17;0,38;19;58;1,3;16; ;0,43;15;105
2017-02-10;18;0,32;19;59;1,26;19;83;0,45;23;111
2017-02-10;19;0,3;19;58;1,26;20;81;0,47;21;110
2017-02-10;20;0,3;20;58;1,24;18;77;0,49;20;103
2017-02-10;21;0,31;19;58;1,19;17;75;0,5;20;102
2017-02-10;22;0,32;19;57;1,14;18;73;0,49;15;97
2017-02-10;23;0,32;17;52;1,04;15;71;0,48;17;85
2017-02-10;24;0,32;17;49;0,99;16;70;0,47;16;82
2017-02-11;1;0,32;19;47;0,99;20;64;0,48;19;76
2017-02-11;2;0,32;17;42;0,98;22;51;0,47;19;62
2017-02-11;3;0,31;15;38;0,95;19;47;0,47;18;52
2017-02-11;4;0,29;11;37;0,97;16;45;0,47;15;48
2017-02-11;5;0,25;8;36;0,94;13;43;0,49;16;46
2017-02-11;6;0,22;10;35;0,92;16;42;0,5;18;44
2017-02-11;7;0,2;12;33;0,92;18;41;0,51;16;43
2017-02-11;8;0,19;13;32;0,9;19;38;0,51;15;39
2017-02-11;9;0,18;12;31;0,89;19;36;0,49;15;35
2017-02-11;10;0,16;11;27;0,86;15;33;0,48;15;32
2017-02-11;11;0,14;12;24;0,83;15;31;0,45;12;32
2017-02-11;12;0,15;11;22;0,8;14;30;0,43;12;31
2017-02-11;13;0,16;13;23;0,8;9;30;0,43;11;31
2017-02-11;14;0,17;7;23;0,79;7;30;0,46;10;29
2017-02-11;15;0,17;10;22;0,77;6;29;0,5;9;28
2017-02-11;16;0,16;9;22;0,74;7;28;0,54;10;29
2017-02-11;17;0,15;8;21;0,71;10;26;0,59;11;24
2017-02-11;18;0,15;10;20;0,7;11;23;0,64;11;19
2017-02-11;19;0,16;14;20;0,71;18;23;0,68;13;20
2017-02-11;20;0,16;16;20;0,71;18;23;0,73;14;20
2017-02-11;21;0,17;13;21;0,74;17;23;0,77;14;20
2017-02-11;22;0,18;14;21;0,75;14;22;0,77;15;21
2017-02-11;23;0,19;12;20;0,77;14;22;0,77;15;22
2017-02-11;24;0,2;12;20;0,79;15;22;0,77;18;23
2017-02-12;1;0,22;13;19;0,82;14;21;0,71;18;23
2017-02-12;2;0,22;12;19;0,83;14;20;0,64;19;23
2017-02-12;3;0,22;10;18;0,83;14;20;0,59;18;23
2017-02-12;4;0,2;10;17;0,81;11;20;0,53;18;23
2017-02-12;5;0,19;11;18;0,78;10;20;0,47;16;28
2017-02-12;6;0,16;14;18;0,78;13;21;0,42;14;29
2017-02-12;7;0,16;14;18;0,78;16;21;0,39;15;30
2017-02-12;8;0,15;12;18;0,79;16;21;0,37;16;30
2017-02-12;9;0,15;11;17;0,78;16;21;0,4;14;31
2017-02-12;10;0,14;11;17;0,8;15;22;0,42;15;33
2017-02-12;11;0,15;10;17;0,81;16;22;0,45;14;34
2017-02-12;12;0,17;12;17;0,84;19;22;0,47;16;34
2017-02-12;13;0,19;13;16;0,88;21;22;0,5;16;34
2017-02-12;14;0,23;16;16;0,93;24;21;0,5;15;34
2017-02-12;15;0,25;15;16;0,95;22;22;0,51;17;35
2017-02-12;16;0,26;13;16;0,97;19;21;0,48;14;34
2017-02-12;17;0,26;10;16;0,99;18;21;0,44;12;34
2017-02-12;18;0,28;11;16;1,02;18;20;0,42; ;33
2017-02-12;19;0,29;14;15;1,04;18;20;0,41; ;32
2017-02-12;20;0,29;13;15;1,05;17;19;0,55;10;33
2017-02-12;21;0,28;12;14;1,05;15;19;0,77;16;34
2017-02-12;22;0,26;13;14;1,05;16;19;1,01;15;32
2017-02-12;23;0,24;12;14;1,04;16;19;1,24;14;32
2017-02-12;24;0,22;11;13;1,04;15;19;1,45;15; 
2017-02-13;1;0,21;10;14;1,02;14;20;1,42;12; 
2017-02-13;2;0,19;7;14;0,98;13;20;1,23;10; 
2017-02-13;3;0,15;5;14;0,93;12;20;1,08;9; 
2017-02-13;4;0,13;5;14;0,88;9;20;0,94;11; 
2017-02-13;5;0,11;5;14;0,82;11;19;0,73;12; 
2017-02-13;6;0,1;9;14;0,78;13;19;0,49;14; 
2017-02-13;7;0,09;14;14;0,77;18;18;0,27;15; 
2017-02-13;8;0,11;15;14;0,79;21;19;0,07;16; 
2017-02-13;9;0,14;16;14;0,82;21;19;0,07;18; 
2017-02-13;10;0,18;17;14;0,9;23;19;0,07;18; 
2017-02-13;11;0,23; ;15;1;25;19;0,08;19; 
2017-02-13;12;0,25; ;15;1,16;25;20;0,09;17; 
2017-02-14;13;0,3;15;14;1,3;24;21; ;12;28
2017-02-14;14;0,35;18;14;1,39;25;22; ;9;27
2017-02-14;15;0,39;19;14;1,48;26;24; ;10;30
2017-02-14;16;0,41;19;14;1,58;27;25; ;10;30
2017-02-14;17;0,41;16;13;1,66;30;24; ;12;30
2017-02-14;18;0,41;18;13;1,71;29;24;0,4;10;24
2017-02-14;19;0,41;18;13;1,78;28;25;0,38;11;21
2017-02-14;20;0,43;21;14;1,77;25;26;0,38;13;21
2017-02-14;21;0,47;23;14;1,81;26;27;0,37;15;21
2017-02-14;22;0,52;22;14;1,81;25;26;0,39;12;20
2017-02-14;23;0,57;22;15;1,81;25;27;0,44;15;21
2017-02-14;24;0,66;22;16;1,78;25;27;0,51;15;23
2017-02-15;1;0,71;20;16;1,74;24;27;0,54;12;24
2017-02-15;2;0,77;18;17;1,7;22;29;0,57;14;26
2017-02-15;3;0,84;17;18;1,63;22;30;0,64;15;27
2017-02-15;4;0,91;18;20;1,6;21;30;0,68;12;28
2017-02-15;5;0,92;18;21;1,53;19;31;0,73;12;28
2017-02-15;6;0,85;17;22;1,45;18;32;0,76;12;30
2017-02-15;7;0,79;18;23;1,38;19;32;0,74;13;30
2017-02-15;8;0,73;20;24;1,33;25;32;0,68;17;29
2017-02-15;9;0,72;25;24;1,27;27;32;0,73;20;30
2017-02-15;10;0,68;23;25;1,19;24;32;0,71;20;30
2017-02-15;11;0,61;19;26;1,12;24;32;0,66;17;30
2017-02-15;12;0,52;18;27;1,09;23;32;0,59;14;30
2017-02-15;13;0,46;16;28;1,06;24;32;0,5;12;30
2017-02-15;14;0,46;16;28;1,09;24;32;0,4;11;30
2017-02-15;15;0,43;16;28; ;25;30;0,33;11;26
2017-02-15;16;0,37;17;29; ;23;30;0,25;12;26
2017-02-15;17;0,33;20;29; ;26;30;0,15;11;27
2017-02-15;18;0,3;20;29; ;26;30;0,11;13;27
2017-02-15;19;0,3;23;29; ;27;29;0,09;15;28
2017-02-15;20;0,33;29;29; ;32;29;0,09;16;29
2017-02-15;21;0,39;31;30;1,12;31;28;0,1;17;29
2017-02-15;22;0,45;31;30;1,16;30;29;0,15;19;28
2017-02-15;23;0,52;32;31;1,15;28;29;0,19;20;28
2017-02-15;24;0,55;29;31;1,12;25;30;0,25;19;33
2017-02-16;1;0,56;22;31;1,08;24;29;0,33;20;33
2017-02-16;2;0,55;21;30;1,05;22;28;0,37;18;32
2017-02-16;3;0,53;17;30;1,01;20;27;0,39;18;30
2017-02-16;4;0,48;18;28;0,96;18;26;0,41;16;28
2017-02-16;5;0,42;20;28;0,88;20;26;0,44;17;28
2017-02-16;6;0,37;24;27;0,81;22;26;0,46;17;27
2017-02-16;7;0,32;27;28;0,77;26;26;0,5;21;28
2017-02-16;8;0,34;30;27;0,78;27;25;0,53;24;28
2017-02-16;9;0,37;30;27;0,8;31;25;0,55;25;28
2017-02-16;10;0,4;30;27;0,84;32;25;0,57;25;28
2017-02-16;11;0,43;30;27;0,86;28;26;0,6;32;31
2017-02-16;12;0,44;27;27;0,88;18;27;0,62;30;34
2017-02-16;13;0,49;21;26;0,88;23;27;0,6;23;35
2017-02-16;14;0,49;16;26;0,88;24;27;0,57;19;35
2017-02-16;15;0,48;18;26;0,89;22;27;0,52;16;35
2017-02-16;16;0,44;19;26;0,88;19;27;0,46;18;35
2017-02-16;17;0,4;21;26;0,86;21;27;0,39;26;35
2017-02-16;18;0,37;27;26;0,9;29;28;0,35;24;37
2017-02-16;19;0,36;29;27;1,04;38;29;0,32;20;43
2017-02-16;20;0,4;37;26;1,13;39;30;0,33;21;44
2017-02-16;21;0,38;40;26;1,19;35;30;0,35;21;45
2017-02-16;22;0,38;32;26;1,19;30;29;0,38;20;46
2017-02-16;23;0,38;23;24;1,17;18;29;0,42;18;45
2017-02-16;24;0,37;18;24;1,15;19;28;0,44;14;40
2017-02-17;1;0,36;16;23;1,13;10;27;0,48;14;38
2017-02-17;2;0,34;13;23;1,05;9;27;0,48;17;38
2017-02-17;3;0,3;10;23;0,88;7;27;0,49;11;38
2017-02-17;4;0,22;8;22;0,76;11;26;0,49;11;38
2017-02-17;5;0,15;10;22;0,69;7;26;0,49;12;38
2017-02-17;6;0,12;13;21;0,66;12;26;0,49;13;39
2017-02-17;7;0,11;17;21;0,66;15;26;0,5;14;40
2017-02-17;8;0,13;21;21;0,68;18;26;0,56;15;40
2017-02-17;9;0,17;25;21;0,73;23;27;0,62;19;41
2017-02-17;10;0,22;28;21;0,79;26;26;0,69;19;42
2017-02-17;11;0,27;29;22;0,81;16;27;0,75;23;42
2017-02-17;12;0,32;31;22;0,86;20;27;0,8;25;40
2017-02-18;13;0,15;16;17; ; ; ;0,64;16;34
2017-02-18;14;0,16;15;16; ; ; ;0,62;16;35
2017-02-18;15;0,18;17;16; ; ; ;0,59;16;35
2017-02-18;16;0,18;18;16; ; ; ;0,56;16;34
2017-02-18;17;0,19;17;16; ; ; ;0,51;13;34
2017-02-18;18;0,19;14;16; ; ; ;0,47;9;35
2017-02-18;19;0,19;17;15; ; ; ;0,44;8;33
2017-02-18;20;0,21;23;15; ; ; ;0,43;13;32
2017-02-18;21;0,25;28;16; ; ; ;0,42;17;31
2017-02-18;22;0,31;32;16; ; ; ;0,44;20;28
2017-02-18;23;0,36;27;17; ; ; ;0,49;24;31
2017-02-18;24;0,4;27;17; ; ; ;0,56;22;29
2017-02-19;1;0,43;23;17; ; ; ;0,64;21;26
2017-02-19;2;0,47;22;17; ; ; ;0,69;19;26
2017-02-19;3;0,49;23;17; ; ; ;0,73;19;29
2017-02-19;4;0,49;22;18; ; ; ;0,77;18;31
2017-02-19;5;0,46;21;19; ; ; ;0,79;17;31
2017-02-19;6;0,41;21;20; ; ; ;0,81;15;31
2017-02-19;7;0,4;21;21; ; ; ;0,82;19;31
2017-02-19;8;0,42;24;21; ; ; ;0,86;18;34
2017-02-19;9;0,43;29;22; ; ; ;0,87;24;35
2017-02-19;10;0,41;21;22; ; ; ;0,86;20;35
2017-02-19;11;0,38;13;23; ; ; ;0,84;17;35
2017-02-19;12;0,35;10;23; ; ; ;0,77;25;34
2017-02-19;13;0,33;12;24; ; ; ;0,71;22;34
2017-02-19;14;0,31;11;24; ; ; ;0,64;15;35
2017-02-19;15;0,26;11;24; ; ; ;0,55;13;35
2017-02-19;16;0,2;10;23; ; ; ;0,46;12;35
2017-02-19;17;0,15;12;23; ; ; ;0,39;11;35
2017-02-19;18;0,14;11;23; ; ; ;0,35;9;34
2017-02-19;19;0,14;15;23; ; ; ;0,36;11;34
2017-02-19;20;0,17;21;23; ; ; ;0,38;14;35
2017-02-19;21;0,19;26;22; ; ; ;0,43;26;35
2017-02-19;22;0,24;28;22; ; ; ;0,49;29;36
2017-02-19;23;0,28;28;22; ; ; ;0,53;27;35
2017-02-19;24;0,29;23;22; ; ; ;0,54;21;38
2017-02-20;1;0,3;13;22; ; ; ;0,57;16;42
2017-02-20;2;0,3;10;21; ; ; ;0,62;15;40
2017-02-20;3;0,28;8;21; ; ; ;0,63;15;38
2017-02-20;4;0,25;7;20; ; ; ;0,63;18;36
2017-02-20;5;0,21;8;19; ; ; ;0,64;16;36
2017-02-20;6;0,15;15;19; ; ; ;0,63;18;35
2017-02-20;7;0,13;21;18; ; ; ;0,67;17;34
2017-02-20;8;0,16;25;18; ; ; ;0,74;19;32
2017-02-20;9;0,2;25;18; ; ; ;0,79;20;31
2017-02-20;10;0,25;26;18; ; ; ;0,82;20;31
2017-02-20;11;0,28;25;18; ; ; ;0,85;20;31
2017-02-20;12;0,32;28;18; ; ; ;0,87;27;35
2017-02-20;13;0,36;31;19; ; ; ;0,88;23;34
2017-02-20;14;0,4;27;20; ; ; ;0,86;15;34
2017-02-20;15;0,4;18;20; ;38; ;0,83;15;33
2017-02-20;16;0,38;22;20; ;36; ;0,76;11;33
2017-02-20;17;0,35;20;20; ;31; ;0,71;13;33
2017-02-20;18;0,33;20;20; ;27; ;0,67;11;32
2017-02-20;19;0,32;23;20; ;35; ;0,68;17;33
2017-02-20;20;0,34;59;20;2,18;79; ;0,68;20;35
2017-02-20;21;0,35;47;21;2,19;67; ;0,69;30;36
2017-02-20;22;0,37;39;21;2,19;38; ;0,71;33;35
2017-02-20;23;0,38;28;21;2,2;38; ;0,72;22;44
2017-02-20;24;0,38;30;20;2,19;38; ;0,72;20;43
2017-02-21;1;0,37;33;20;2,16;25; ;0,69;18;40
2017-02-21;2;0,35;18;20;2,14;25; ;0,64;16;48
2017-02-21;3;0,33;16;21;2,09;22; ;0,55;18;54
2017-02-21;4;0,29;16;21;2,03;13; ;0,48;17;54
2017-02-21;5;0,25;15;21;1,99;11; ;0,4;14;54
2017-02-21;6;0,2;18;21;1,97;11; ;0,35;14;54
2017-02-21;7;0,21;22;22;1,97;16; ;0,32;15;57
2017-02-21;8;0,22;22;21;1,98;14; ;0,32;14;65
2017-02-21;9;0,27;27;21;2,01;20; ;0,34;13;67
2017-02-21;10;0,33;31;21;2,07;23; ;0,38;13;70
2017-02-21;11;0,39;32;21;2,15;30; ;0,41;13;70
2017-02-21;12;0,45;35;21;2,21;28; ;0,44;22;68
2017-02-21;13;0,48;28;22;2,25;18;24;0,47;24;69
2017-02-21;14;0,51;22;21;2,29; ;24;0,46;24;69
2017-02-21;15;0,5;20;21;2,33; ;24;0,43;22;72
2017-02-21;16;0,49;21;22; ; ;24;0,38;19;74
2017-02-21;17;0,46;24;22; ; ;24;0,35;18;79
2017-02-21;18;0,43;31;24; ; ;24;0,32;19;87
2017-02-21;19;0,41;24;24; ; ;24;0,33;35;87
2017-02-21;20;0,4;30;23; ; ; ;0,37;37;84
2017-02-21;21;0,41;27;22; ; ; ;0,39;39;84
2017-02-21;22;0,43;27;21; ; ; ;0,42;24;82
2017-02-21;23;0,43;28;21; ; ; ;0,48;13;75
2017-02-21;24;0,44;29;21; ; ; ;0,53;13;72
2017-02-22;1;0,45;26;21; ; ; ;0,57;11;70
2017-02-22;2;0,43;22;21; ; ; ;0,6;10;61
2017-02-22;3;0,41;27;21; ; ; ;0,6;9;54
2017-02-22;4;0,37;28;21; ; ; ;0,55;12;55
2017-02-22;5;0,34;23;21; ; ; ;0,53;16;57
2017-02-22;6;0,32;26;21; ; ; ;0,54;19;55
2017-02-22;7;0,32;27;21; ; ; ;0,54;40;53
2017-02-22;8;0,34;28;21; ; ; ;0,56;39;45
2017-02-22;9;0,36;30;22; ; ; ;0,57;22;45
2017-02-22;10;0,38;26;21; ; ; ;0,58;18;43
2017-02-22;11;0,4;30;21; ; ; ;0,6;23;42
2017-02-22;12;0,44;32;21; ; ; ;0,61;34;40
2017-02-22;13;0,46;33;20; ; ; ;0,94;41;42
2017-02-22;14;0,47;24;21; ; ; ;0,94;45;44
2017-02-22;15;0,46;26;21; ; ; ;0,94;39;42
2017-02-22;16;0,43;28;20; ; ; ;0,92;40;42
2017-02-22;17;0,42;31;20; ; ; ;0,93;38;40
2017-02-22;18;0,44;32;19; ; ; ;0,97;43;38
2017-02-22;19;0,42;29;21; ; ; ;1;40;42
2017-02-22;20;0,43;34;21; ; ; ;1,04;46;43
2017-02-22;21;0,48;38;21; ;26; ;0,78;39;42
2017-02-22;22;0,57;39;22; ;35; ;0,85;60;43
2017-02-22;23;0,66;37;23; ;39; ;0,94;33;40
2017-02-22;24;0,78;37;23; ;40; ;1,04;26;41
2017-02-23;1;0,85;36;24; ;35; ;1,01;24;45
2017-02-23;2;0,89;32;25;2,53;28; ;0,92;26;48
2017-02-23;3;0,89;30;26;2,51;16; ;0,81;21;50
2017-02-23;4;0,86;23;26;2,49;18; ;0,74;20;50
2017-02-23;5;0,8;26;26;2,6;19; ;0,67;19;49
2017-02-23;6;0,72;28;27;2,56;22; ;0,58;15;50
2017-02-23;7;0,66;31;27;2,52;26; ;0,5;14;49
2017-02-23;8;0,61;37;28;2,51;29; ;0,47;15;48
2017-02-23;9;0,57;37;29;2,53;33; ;0,51;17;47
2017-02-23;10;0,57;41;30;2,6;38; ;0,58;20;49
2017-02-23;11;0,61;36;30;2,65;36; ;0,63;22;50
2017-02-23;12;0,68;34;32;2,73;39; ;0,64;22;51
2017-02-23;13;0,69;28;32;2,82;38; ;0,62;20;49
2017-02-23;14;0,68;24;31;2,93;36; ;0,58;20;46
2017-02-23;15;0,65;27;32;3,01;38; ;0,51;27;46
2017-02-23;16;0,58;26;32;3,04;36; ;0,41;16;44
2017-02-23;17;0,53;27;32;3,14;38;22;0,33;7;43
2017-02-23;18;0,49;25;32;3,21;33;23;0,27;8;39
2017-02-23;19;0,47;30;31;3,34;36;24;0,24;10;36
2017-02-23;20;0,43;33;32;3,31;34;26;0,22;15;36
2017-02-23;21;0,43;32;33;3,05;32;27;0,22;22;36
2017-02-23;22;0,47;35;34;2,78;33;27;0,24;37;36
2017-02-23;23;0,49;34;34;2,49;31;28;0,28;56;36
2017-02-23;24;0,51;38;34;2,21;30;30;0,34;41;41
2017-02-24;1;0,52;38;35;1,88;31;31;0,38;35;41
2017-02-24;2;0,52;34;35;1,54;28;31;0,39;29;38
2017-02-24;3;0,5;27;36;1,16;29;33;0,42;27;39
2017-02-24;4;0,45;23;37;0,93; ;34;0,45;24;42
2017-02-24;5;0,41;21;37;0,89; ;34;0,47;21;44
2017-02-24;6;0,37;23;37; ; ;35;0,5;20;44
2017-02-24;7;0,4;26;37; ; ;36;0,51;13;45
2017-02-24;8;0,4;25;37; ; ;37;0,52;13;52
2017-02-24;9;0,45;36;37; ; ;38;0,57;16;55
2017-02-24;10;0,51;49;38; ; ; ;0,64;23;59
2017-02-24;11;0,54;49;38; ; ; ;0,65;18;59
2017-02-24;12;0,61; ;37; ; ; ;0,64;15;59
2017-02-24;13;0,66; ;37; ; ; ;0,64;15;59
2017-02-24;14;0,69;30;38; ;29; ;0,6;11;59
2017-02-24;15;0,68;28;38; ;31; ;0,56;11;58
2017-02-24;16;0,67;29;39; ;35; ;0,49;10;58
2017-02-24;17;0,62;25;39; ;35; ;0,39;11;56
2017-02-24;18;0,55;28;39; ;35; ;0,34;11;55
2017-02-24;19;0,55;24;39; ;41; ;0,32;13;57
2017-02-24;20;0,52;26;39; ;30; ;0,32;16;58
2017-02-24;21;0,52;21;38;1,14;26; ;0,29;21;59
2017-02-24;22;0,5;16;38;1,09;21; ;0,3;26;59
2017-02-24;23;0,48;13;37;1,06;19; ;0,31;26;61
2017-02-24;24;0,46;10;36;1,01;18; ;0,31;28;55
2017-02-25;1;0,44;10;34;0,98;18; ;0,35;23;54
2017-02-25;2;0,42;8;33;0,94;15; ;0,36;23;53
2017-02-25;3;0,4;15;31;0,85;15; ;0,39;20;50
2017-02-25;4;0,38;19;30;0,81;15; ;0,43;18;47
2017-02-25;5;0,37;15;30;0,77;19; ;0,47;9;45
2017-02-25;6;0,37;17;29;0,75;14; ;0,53;7;45
2017-02-25;7;0,38;20;29;0,74;20; ;0,59;7;44
2017-02-25;8;0,42;25;28;0,79;26; ;0,66;11;39
2017-02-25;9;0,47;29;28;0,79;23; ;0,69;21;36
2017-02-25;10;0,5;26;26;0,8;27; ;0,72;22;31
2017-02-25;11;0,53;29;25;0,82;34;18;0,75;25;32
2017-02-25;12;0,54;17;25;0,86;41;20;0,74;25;34
2017-02-25;13;0,54;18;25;0,89;61;21;0,74;24;34
2017-02-25;14;0,55;44;25;0,91;56;23;0,72;21;35
2017-02-25;15;0,56;38;26;0,9;34;24;0,7;20;36
2017-02-25;16;0,53;36;26;0,83;34;24;0,67;18;37
2017-02-25;17;0,5;45;27;0,79;40;25;0,63;18;39
2017-02-25;18;0,48;53;28;0,76;43;26;0,59;17;41
2017-02-25;19;0,46;24;28;0,73;26;27;0,56;18;41
2017-02-25;20;0,47;22;28;0,72;32;28;0,52;19;42
2017-02-25;21;0,48;24;28;0,7;28;29;0,51;20;40
2017-02-25;22;0,48;22;28;0,71;32;28;0,51;22;40
2017-02-25;23;0,48;24;28;0,71;22;28;0,49;24;38
2017-02-25;24;0,49;21;28;0,72;23;31;0,49;31;40
2017-02-26;1;0,49;26;28;0,77;27;32;0,48;30;41
2017-02-26;2;0,51;36;29;0,77;21;33;0,46;26;45
2017-02-26;3;0,5;24;29;0,75;17;33;0,46;23;45
2017-02-26;4;0,49;15;30;0,72;12;35;0,47;22;46
2017-02-26;5;0,48;10;30;0,68;17;36;0,44;20;47
2017-02-26;6;0,46;12;30;0,63;11;37;0,43;17;49
2017-02-26;7;0,44;14;30;0,59;9;37;0,43;13;48
2017-02-26;8;0,43;12;30;0,54;9;37;0,42;12;46
2017-02-26;9;0,42;9;29;0,47;5;36;0,41;12;47
2017-02-26;10;0,39;7;28;0,42;4;37;0,4;12;46
2017-02-26;11;0,39;7;28;0,4;6;35;0,41;12;46
2017-02-26;12;0,38;10;28;0,38;5;34;0,41;10;45
2017-02-26;13;0,39;8;26;0,39;4;32;0,41;10;45
2017-02-26;14;0,39;7;25;0,41;6;31;0,38;9;44
2017-02-26;15;0,38;8;23;0,44;13;28;0,36;9;43
2017-02-26;16;0,37;7;23;0,46;16;29;0,33;7;42
2017-02-26;17;0,37;7;21;0,49;16;27;0,32;6;40
2017-02-26;18;0,38;10;20;0,51;15;26;0,34;7;40
2017-02-26;19;0,38;11;19;0,54;14;26;0,34;7;38
2017-02-26;20;0,4;19;19;0,56;12;25;0,36;8;36
2017-02-26;21;0,43;22;19;0,59;13;24;0,4;8;38
2017-02-26;22;0,45;18;20;0,61;17;26;0,46;10;44
2017-02-26;23;0,47;16;20;0,63;13;26;0,5;9;45
2017-02-26;24;0,48;13;20;0,65;11;23;0,53;10;43
2017-02-27;1;0,49;10;20;0,65;8;22;0,58;10;39
2017-02-27;2;0,49;8;19;0,64;5;21;0,6;11;36
2017-02-27;3;0,48;7;19;0,63;5;21;0,6;11;37
2017-02-27;4;0,45;10;19;0,62;11;19;0,59;20;35
2017-02-27;5;0,41;8;18;0,62;14;18;0,57;11;34
2017-02-27;6;0,38;17;18;0,6;13;17;0,55;6;33
2017-02-27;7;0,36;16;17;0,58;11;17;0,54;4;34
2017-02-27;8;0,34;8;17;0,54;6;16;0,55;5;34
2017-02-27;9;0,33;6;17;0,53;5;16;0,53;6;34
2017-02-27;10;0,33;7;17;0,52;5;17;0,52;7;34
2017-02-27;11;0,34;8;17;0,52;5;16;0,52; ;33
2017-02-27;12;0,34;9;18;0,52;6;16;0,53; ;31
2017-02-27;13;0,36;9;19;0,5;4;16; ; ;31
2017-02-27;14;0,36;9;19;0,49;6;16; ; ;31
2017-02-27;15;0,36;8;19;0,5;4;16; ; ;31
2017-02-27;16;0,37;9;19;0,51;12;16; ; ;31
2017-02-27;17;0,39;10;19;0,52;13;17; ; ;34
2017-02-27;18;0,41;14;21;0,54;11;17; ; ;33
2017-02-27;19;0,42;16;23;0,57;19;17; ; ;32
2017-02-27;20;0,47;24;24;0,62;27;17; ; ;29
2017-02-27;21;0,51;25;26;0,7;28;19; ; ;28
2017-02-27;22;0,57;26;29;0,79;30;20; ;51;20
2017-02-27;23;0,6;21;30;0,87;27;22; ;57;18
2017-02-27;24;0,63;19;31;0,94;28;23; ;67; 
2017-02-28;1;0,63;16;31;1;24;23; ;34; 
2017-02-28;2;0,62;13;31;1,04;22;23; ;22; 
2017-02-28;3;0,61;15;31;1,04;19;23;1,05;19; 
2017-02-28;4;0,56;14;31;1;19;24;0,95;19; 
2017-02-28;5;0,53;17;31;0,95;20;23;0,86;16; 
2017-02-28;6;0,48;14;32;0,88;18;24;0,68;13; 
2017-02-28;7;0,45;12;32;0,81;19;24;0,5;15; 
2017-02-28;8;0,42;13;33;0,76;21;25;0,32;11; 
2017-02-28;9;0,41;15;32;0,72;20;25;0,31;17; 
2017-02-28;10;0,41;14;33;0,69;18;24;0,32;11; 
2017-02-28;11;0,4;11;32;0,69;16;25;0,35;7; 
2017-02-28;12;0,4;11;31;0,69;23;25;0,34;10; 
2017-03-01;1;0,51;18;32;0,71;21;24;0,37;25;29
2017-03-01;2;0,51;15;32;0,7;16;24;0,41;24;29
2017-03-01;3;0,5;11;32;0,68;14;24;0,44;24;30
2017-03-01;4;0,48;10;33;0,66;14;24;0,47;21;31
2017-03-01;5;0,44;9;32;0,62;13;25;0,51;17;32
2017-03-01;6;0,43;13;33;0,6;15;25;0,55;22;34
2017-03-01;7;0,42;21;33;0,58;22;25;0,64;21;32
2017-03-01;8;0,44;24;34;0,59;27;25;0,75;25;31
2017-03-01;9;0,46;22;35;0,62;28;25;0,79;24;31
2017-03-01;10;0,48;16;37;0,67;21;27;0,81;17;32
2017-03-01;11;0,5;15;40;0,74;24;29;0,82;17;34
2017-03-01;12;0,52;14;42;0,81;23;31; ; ;34
2017-03-01;13;0,54;18;44;0,89;24;31; ; ;34
2017-03-01;14;0,55;22;45;0,97;34;32; ;25;34
2017-03-01;15;0,54;20;46;1,06;36;33; ;20;34
2017-03-01;16;0,52;24;47;1,1;43;34; ;18;37
2017-03-01;17;0,49;19;48;1,1;29;35; ;21;37
2017-03-01;18;0,48;23;48;1,12;35;35;0,26;22;37
2017-03-01;19;0,49;23;48;1,18;47;37;0,26; ;37
2017-03-01;20;0,5;24;48;1,18;41;39;0,26; ;38
2017-03-01;21;0,52;28;47;1,19;35;39; ; ;38
2017-03-01;22;0,53;26;48;1,18;38;40; ; ;38
2017-03-01;23;0,54;25;48;1,17;34;42; ; ;39
2017-03-01;24;0,53;19;47;1,12;25;44; ; ;41
2017-03-02;1;0,53;21;49;1,09;25;46; ; ;44
2017-03-02;2;0,53;24;52;1,01;28;50; ; ;49
2017-03-02;3;0,52;28;54;0,88;29;54; ; ;56
2017-03-02;4;0,52;24;55;0,82;29;55; ; ;56
2017-03-02;5;0,49;22;58;0,75;22;56; ; ;59
2017-03-02;6;0,46;21;60;0,66;22;58; ; ;62
2017-03-02;7;0,45;13;61;0,57;27;60; ; ;62
2017-03-02;8;0,45;16;62;0,55;32;61; ; ;63
2017-03-02;9;0,46;30;62;0,55;24;62; ; ;63
2017-03-02;10;0,46;23;62;0,56;26;61; ; ;64
2017-03-02;11;0,49;18;60;0,57;31;60; ; ;62
2017-03-02;12;0,5;17;59;0,57;20;59; ; ;61
2017-03-02;13;0,51;16;58;0,6;23;57; ; ;61
2017-03-02;14;0,52;15;58;0,62;16;57; ; ;61
2017-03-02;15;0,53;15;58;0,64;13;57; ; ;59
2017-03-02;16;0,53;13;56;0,66;15;56; ; ;56
2017-03-02;17;0,54;16;56;0,66;14;55; ; ;57
2017-03-02;18;0,56;19;56;0,67;14;55; ; ;56
2017-03-02;19;0,55;21;56;0,68;18;54; ; ;55
2017-03-02;20;0,57;22;57;0,69;22;53; ; ;56
2017-03-02;21;0,58;22;57;0,7;25;52; ; ;56
2017-03-02;22;0,57;20;57;0,73;20;53; ; ;57
2017-03-02;23;0,55;12;55;0,75;19;52; ; ;55
2017-03-02;24;0,53;13;54;0,74;21;50; ; ;54
2017-03-03;1;0,5;14;51;0,76;21;47; ; ;50
2017-03-03;2;0,46;12;47;0,75;15;43; ; ;44
2017-03-03;3;0,41;8;45;0,72;14;39; ; ;37
2017-03-03;4;0,36;6;42;0,67;12;38; ; ;36
2017-03-03;5;0,3;6;40;0,61;10;36; ; ;33
2017-03-03;6;0,28;7;37;0,55;13;33; ; ;28
2017-03-03;7;0,27;10;35;0,54;18;31; ; ;27
2017-03-03;8;0,36;15;33;0,56;23;30; ; ;25
2017-03-03;9;0,46;16;31;0,58;25;30; ; ;25
2017-03-03;10;0,53;15;29;0,65;28;31; ; ;23
2017-03-03;11;0,57; ;29;0,72;36;31; ; ;22
2017-03-03;12;0,63; ;27;0,9;40;31; ; ;22
2017-03-03;13; ; ;26;1,12;48;31; ; ;22
2017-03-03;14; ; ;26;1,35;46;31; ; ;22
2017-03-03;15; ; ;25;1,56;44;32; ; ;22
2017-03-03;16; ; ;25;1,71;40;33; ; ;23
2017-03-03;17; ; ; ;1,89;41;34; ; ;23
2017-03-03;18; ; ; ;1,94;33;34; ; ;22
2017-03-03;19; ; ; ;2,07;34;34; ; ;22
2017-03-03;20; ; ; ;2,07;31;34; ; ;21
2017-03-03;21; ; ; ;1,93;24;35; ; ;20
2017-03-03;22; ; ; ;1,75;24;33; ; ;18
2017-03-03;23; ; ; ;1,56;24;33; ; ;18
2017-03-03;24; ; ; ;1,41;26;33; ; ;18
2017-03-04;1; ; ; ;1,25;26;34; ; ;18
2017-03-04;2; ; ; ;1,19;26;35; ; ;19
2017-03-04;3; ; ; ;1,05;24;36; ; ;20
2017-03-04;4; ; ; ;0,93;23;36; ; ;20
2017-03-04;5; ; ; ;0,9;23;36; ; ;21
2017-03-04;6; ; ; ;0,9;22;36; ; ;22
2017-03-04;7; ; ; ;0,93;24;37; ; ;22
2017-03-04;8; ; ; ;0,94;23;37; ; ;23
2017-03-04;9; ; ; ;0,97;26;37; ; ;24
2017-03-04;10; ; ; ;0,98;26;38; ; ;24
2017-03-04;11; ; ; ;0,99;25;38; ; ;25
2017-03-04;12; ; ; ;0,98;21;38; ; ;25
2017-03-04;13; ; ; ;0,95;15;37; ; ;25
2017-03-04;14; ; ; ;0,91;11;37; ; ;26
2017-03-04;15; ; ; ;0,86;13;36; ; ;27
2017-03-04;16; ; ; ;0,81;14;34; ; ;26
2017-03-04;17; ; ; ;0,71;10;34; ; ;26
2017-03-04;18; ; ; ;0,62;11;32; ; ;28
2017-03-04;19; ; ; ;0,56;14;31; ; ;28
2017-03-04;20; ; ; ;0,53;15;31; ; ;27
2017-03-04;21; ; ; ;0,54;18;29; ; ;26
2017-03-04;22; ; ; ;0,57;25;29; ; ;26
2017-03-04;23; ; ; ;0,64;29;28; ; ;27
2017-03-04;24; ; ; ;0,72;24;29; ; ;28
2017-03-05;1; ; ; ;0,79;23;30; ; ;28
2017-03-05;2; ; ; ;0,86;22;29; ; ;28
2017-03-05;3; ; ; ;0,93;22;29; ; ;28
2017-03-05;4; ; ; ;0,99;20;29; ; ;28
2017-03-05;5; ; ; ;1,01;19;29; ; ;28
2017-03-05;6; ; ; ;0,97;14;29; ; ;29
2017-03-05;7; ; ; ;0,96;21;30; ; ;29
2017-03-05;8; ; ; ;0,95;21;29; ; ;29
2017-03-05;9; ; ; ;0,9;18;29; ; ;29
2017-03-05;10; ; ; ;0,82;11;28; ; ;28
2017-03-05;11; ; ; ;0,76;8;26; ; ;27
2017-03-05;12; ; ; ;0,68;6; ; ; ;26
2017-03-05;13; ; ; ;0,63;6; ; ; ;26
2017-03-05;14; ; ; ;0,62;7; ; ; ;25
2017-03-05;15; ; ; ;0,55;7; ; ; ;25
2017-03-05;16; ; ; ;0,46;9; ; ; ;27
2017-03-05;17; ; ; ;0,45;10; ; ; ;27
2017-03-05;18; ; ; ;0,46;14; ; ; ;27
2017-03-05;19; ; ; ;0,52;15; ; ; ;31
2017-03-05;20; ; ; ;0,57;19; ; ; ;32
2017-03-05;21; ; ; ;0,61;22; ; ; ;32
2017-03-05;22; ; ; ;0,65;24; ; ; ;31
2017-03-05;23; ; ; ;0,67;19; ; ; ;30
2017-03-05;24; ; ; ;0,67;16; ; ; ;29
2017-03-06;1; ; ; ;0,67;17; ; ; ;27
2017-03-06;2; ; ; ;0,66;14; ; ; ;27
2017-03-06;3; ; ; ;0,6;15; ; ; ;27
2017-03-06;4; ; ; ;0,54;10; ; ; ;26
2017-03-06;5; ; ; ;0,5;3; ; ; ;25
2017-03-06;6; ; ; ;0,46;6; ; ; ;24
2017-03-06;7; ; ; ;0,44;10; ; ; ;24
2017-03-06;8; ; ; ;0,43;12; ; ; ;24
2017-03-06;9; ; ; ;0,43;13; ; ; ;24
2017-03-06;10; ; ; ;0,44;11; ; ; ;25
2017-03-06;11; ; ; ;0,45;10; ; ; ;26
2017-03-06;12; ; ; ;0,47;10; ; ; ;26
2017-03-06;13; ; ; ;0,49;10; ; ; ;27
2017-03-06;14; ; ; ;0,52;15; ; ; ;27
2017-03-06;15; ; ; ;0,54;16; ; ; ;27
2017-03-06;16; ; ; ;0,55;13; ; ; ;26
2017-03-06;17; ; ; ;0,55;16; ; ; ;26
2017-03-06;18; ; ; ;0,59;30; ; ; ;25
2017-03-06;19; ; ; ;0,69;39; ; ; ;22
2017-03-06;20; ; ; ;0,78;40; ; ; ;22
2017-03-06;21; ; ; ;0,87;37; ; ; ;24
2017-03-06;22; ; ; ;0,94;36; ; ; ;26
2017-03-06;23; ; ; ;1,05;37; ; ; ;28
2017-03-06;24; ; ; ;1,15;31; ; ; ;31
2017-03-07;1; ; ; ;1,16;18; ; ; ;32
2017-03-07;2; ; ; ;1,12;14; ; ; ;32
2017-03-07;3; ; ; ;1,01;13; ; ; ;32
2017-03-07;4; ; ; ;0,91;9; ; ; ;32
2017-03-07;5; ; ; ;0,79;10; ; ; ;32
2017-03-07;6; ; ; ;0,7;15; ; ; ;33
2017-03-07;7; ; ; ;0,59;21; ; ; ;33
2017-03-07;8; ; ; ;0,57;26; ; ; ;32
2017-03-07;9; ; ; ;0,62;26;38; ; ;33
2017-03-07;10; ; ; ;0,66;25;38; ; ;33
2017-03-07;11; ; ; ;0,7;22;39; ; ;34
2017-03-07;12; ; ; ;0,73;17;39; ; ;34
2017-03-07;13; ; ; ;0,77;15;39; ; ;34
2017-03-07;14; ; ; ;0,8;17;39; ; ;35
2017-03-07;15; ; ; ;0,82;17;40; ; ;35
2017-03-07;16; ; ; ;0,77;17;39; ; ;34
2017-03-07;17; ; ; ;0,72;17;39; ; ;35
2017-03-07;18; ; ; ;0,7;18;40; ; ;35
2017-03-07;19; ; ; ;0,7;17;40; ; ;37
2017-03-07;20; ; ; ;0,7;17;40; ; ;38
2017-03-07;21; ; ; ;0,69;16;40; ; ;38
2017-03-07;22; ; ; ;0,67;16; ; ; ;38
2017-03-07;23; ; ; ;0,64;16; ; ; ;37
2017-03-07;24; ; ; ;0,63;17; ; ; ;35
2017-03-08;1; ; ; ;0,6;8; ; ; ;35
2017-03-08;2; ; ; ;0,57;9; ; ; ;35
2017-03-08;3; ; ; ;0,54;5; ; ; ;37
2017-03-08;4; ; ; ;0,51;6; ; ; ;37
2017-03-08;5; ; ; ;0,49;15; ; ; ;38
2017-03-08;6; ; ; ;0,48;17; ; ; ;39
2017-03-08;7; ; ; ;0,46;14; ; ; ;39
2017-03-08;8; ; ; ;0,45;15; ; ; ;39
2017-03-08;9; ; ; ;0,46;20; ; ; ;37
2017-03-08;10; ; ; ;0,49;14; ; ;21;37
2017-03-08;11; ; ; ;0,51;12; ; ;20;36
2017-03-08;12; ; ; ;0,53;16; ; ;19;37
2017-03-08;13; ; ; ;0,57;16; ; ;20;37
2017-03-08;14; ; ; ;0,6;15; ; ;19;38
2017-03-08;15; ; ; ;0,63;22; ;0,52;21;38
2017-03-08;16; ; ; ;0,68;24; ;0,54;19;39
2017-03-08;17; ; ; ;0,79;29; ;0,54;21;39
2017-03-08;18; ; ; ;0,89;30; ;0,58;20;38
2017-03-08;19; ; ; ;1,03;33; ;0,62;21;40
2017-03-08;20; ; ; ;1,05;26; ;0,65;20;47
2017-03-08;21; ; ; ;1,06;25; ;0,68;21;49
2017-03-08;22; ; ; ;1,05;21; ;0,71;22;49
2017-03-08;23; ; ; ;1,04;15; ;0,73;23;48
2017-03-08;24; ; ; ;0,99;15; ;0,71;18;52
2017-03-09;1; ; ; ;0,88;11; ;0,74;10;51
2017-03-09;2; ; ; ;0,77;15; ;0,76;8;51
2017-03-09;3; ; ; ;0,63;8; ; ;7;51
2017-03-09;4; ; ; ;0,6;7; ; ;7;49
2017-03-09;5; ; ; ;0,58;8; ; ;8;49
2017-03-09;6; ; ; ;0,58;14; ; ;12;48
2017-03-09;7; ; ; ;0,6;20; ; ;21;47
2017-03-09;8; ; ; ;0,64;25; ; ;27;47
2017-03-09;9; ; ; ;0,74;29; ;0,34;25;48
2017-03-09;10; ; ; ;0,82;26; ;0,36;32;47
2017-03-09;11; ; ; ;0,86; ; ;0,35;34;48
2017-03-09;12; ; ; ;0,9; ; ;0,36;23;47
2017-03-09;13; ; ; ;1,03; ; ;0,38;17;46
2017-03-09;14; ; ; ;1,14;24; ;0,39;11;46
2017-03-09;15; ; ; ;1,27;21; ;0,35;9;43
2017-03-09;16; ; ; ;1,43;36; ;0,31;9;41
2017-03-09;17; ; ; ;1,49;54; ;0,25;5;40
2017-03-09;18; ; ; ;1,6;36; ;0,18;5;39
2017-03-09;19; ; ; ;1,64;33; ;0,17;10;35
2017-03-09;20; ; ; ;1,66;32; ;0,18;19;27
2017-03-09;21; ; ; ;1,71;28; ;0,18;22;23
2017-03-09;22; ; ; ;1,72;25; ;0,18;23;22
2017-03-09;23; ; ; ;1,64;19; ;0,18;11;22
2017-03-09;24; ; ; ;1,5;17; ;0,16;11;17
2017-03-10;1; ; ; ;1,36;14; ;0,15;9;17
2017-03-10;2; ; ; ;1,19;12; ;0,16;10;17
2017-03-10;3; ; ; ;1;11; ;0,16;10;17
2017-03-10;4; ; ; ;0,82;6; ;0,14;9;17
2017-03-10;5; ; ; ;0,64;5; ;0,12;8;17
2017-03-10;6; ; ; ;0,5;11; ;0,11;12;18
2017-03-10;7; ; ; ;0,45;17; ;0,14;19;18
2017-03-10;8; ; ; ;0,41;19; ;0,2;19;19
2017-03-10;9; ; ; ;0,41;19; ;0,23;17;19
2017-03-10;10; ; ; ;0,44;17; ;0,25;17;21
2017-03-10;11; ; ; ;0,47;16; ;0,23;13;21
2017-03-10;12; ; ; ;0,52;16; ;0,24;11;21
2017-03-10;13; ; ; ;0,55; ; ;0,26;11;22
2017-03-10;14; ; ; ;0,59; ; ;0,28;13;22
2017-03-10;15; ; ; ;0,7;22; ;0,28;15;23
2017-03-10;16; ; ; ;0,78;23; ;0,26;15;25
2017-03-10;17; ; ; ;0,88;28; ;0,27;17;25
2017-03-10;18; ; ; ;0,95;25; ;0,28;16;26
2017-03-10;19; ; ; ;1,04;28; ;0,32;17;27
2017-03-10;20; ; ; ;1,1;26;30;0,36;24;27
2017-03-10;21; ; ; ;1,07;27;30;0,4;26;27
2017-03-10;22; ; ; ;1,05;26;31;0,47;30;27
2017-03-10;23; ; ; ;1,05;27;31;0,53;29;29
2017-03-10;24; ; ; ;1,08;26;32;0,6;28;31
2017-03-11;1; ; ; ;1,09;24;33;0,67;25;33
2017-03-11;2; ; ; ;1,1;24;34;0,75;26;36
2017-03-11;3; ; ; ;1,05;22;35;0,78;24;38
2017-03-11;4; ; ; ;1,02;21;36;0,77;23;40
2017-03-11;5; ; ; ;0,99;19;37;0,69;22;40
2017-03-11;6; ; ; ;0,95;18;37;0,67;21;41
2017-03-11;7; ; ; ;0,9;19;38;0,55;21;41
2017-03-11;8; ; ; ;0,8;16;38;0,48;22;41
2017-03-11;9; ; ; ;0,7;12;39; ;20;40
2017-03-11;10; ; ; ;0,61;10;39; ;20;40
2017-03-11;11; ; ; ;0,55;10; ; ;20;38
2017-03-11;12; ; ; ;0,51;10; ; ;21;38
2017-03-11;13; ; ; ;0,49;9; ; ;20;37
2017-03-11;14; ; ; ;0,46;6; ; ;21;38
2017-03-11;15; ; ; ;0,43;8; ; ;22;37
2017-03-11;16; ; ; ;0,44;9; ; ;24;37
2017-03-11;17; ; ; ;0,43;7; ; ;24;37
2017-03-11;18; ; ; ;0,44;12; ; ;25;37
2017-03-11;19; ; ; ;0,45;12; ; ;27;36
2017-03-11;20; ; ; ;0,46;15; ; ;31;36
2017-03-11;21; ; ; ;0,49;20; ; ;35;37
2017-03-11;22; ; ; ;0,49;11; ; ;47;36
2017-03-11;23; ; ; ;0,49;9; ; ;38;34
2017-03-11;24; ; ; ;0,49;8; ; ;25;33
2017-03-12;1; ; ; ;0,51;12; ; ;27;31
2017-03-12;2; ; ; ;0,52;17; ; ;23;28
2017-03-12;3; ; ; ;0,54;17; ; ;17;26
2017-03-12;4; ; ; ;0,54;11; ; ;12;24
2017-03-12;5; ; ; ;0,52;11; ; ;12;23
2017-03-12;6; ; ; ;0,51;11; ;0,33;11;22
2017-03-12;7; ; ; ;0,52;15; ;0,35;11;21
2017-03-12;8; ; ; ;0,52;13; ;0,35;12;20
2017-03-12;9; ; ; ;0,51;8; ;0,34;7;20
2017-03-12;10; ; ; ;0,48;6; ;0,33;6;20
2017-03-12;11; ; ; ;0,46;6; ;0,34;6;21
2017-03-12;12; ; ; ;0,47;8; ;0,37;7;22
2017-03-12;13; ; ; ;0,47;7; ;0,38;8;22
2017-03-12;14; ; ; ;0,48;7; ;0,38;7;22
2017-03-12;15; ; ; ;0,48;9; ;0,37;7;22
2017-03-12;16; ; ; ;0,49;8; ; ;8;22
2017-03-12;17; ; ; ;0,5;10; ; ;8;23
2017-03-12;18; ; ; ;0,52;11;20; ;8;23
2017-03-12;19; ; ; ;0,57;15;21; ;9;23
2017-03-12;20; ; ; ;0,61;18;21; ;12;23
2017-03-12;21; ; ; ;0,67;20;21; ;14;22
2017-03-12;22; ; ; ;0,71;20;21; ;15;22
2017-03-12;23; ; ; ;0,78;19;22; ;17;23
2017-03-12;24; ; ; ;0,81;20;22;0,26;18;23
2017-03-13;1; ; ; ;0,82;18;22;0,26;19;23
2017-03-13;2; ; ; ;0,82;18;22;0,27;20;24
2017-03-13;3; ; ; ;0,78;16;22;0,26;20;24
2017-03-13;4; ; ; ;0,73;14;22;0,24;18;25
2017-03-13;5; ; ; ;0,66;16;23;0,24;18;25
2017-03-13;6; ; ; ;0,62;18;23;0,24;21;25
2017-03-13;7; ; ; ;0,56;20;24;0,26;24;26
2017-03-13;8; ; ; ;0,56;25;24;0,33;26;27
2017-03-13;9; ; ; ;0,59;24;25;0,38;30;28
2017-03-13;10; ; ; ;0,61;23;25;0,41;28;28
2017-03-13;11; ; ; ;0,63;22;25;0,45;27;30
2017-03-13;12; ; ; ;0,66;21;26;0,48;28;30
2017-03-13;13; ; ; ;0,68;21;26;0,5;29;31
2017-03-13;14; ; ; ;0,7;20;26;0,53;29;32
2017-03-13;15; ; ; ;0,73;22;27;0,54;27;33
2017-03-13;16; ; ; ;0,72;23;28;0,52;27;34
2017-03-13;17; ; ; ;0,72;25;28;0,5;29;35
2017-03-13;18; ; ; ;0,73;28;29;0,49;30;35
2017-03-13;19; ; ; ;0,75;26;30;0,48;35;36
2017-03-13;20; ; ; ;0,76;23;30;0,47;39;37
2017-03-13;21; ; ; ;0,78;23;30;0,46;34;37
2017-03-13;22; ; ; ;0,77;21;30;0,42;33;38
2017-03-13;23; ; ; ;0,76;21;29;0,39;31;37
2017-03-13;24; ; ; ;0,74;22;29;0,34;31;36
2017-03-14;1; ; ; ;0,71;24;29;0,32;34;36
2017-03-14;2; ; ; ;0,66;20;29;0,28;33;37
2017-03-14;3; ; ; ;0,61;13;29;0,24;26;37
2017-03-14;4; ; ; ;0,58;11;29;0,2;25;37
2017-03-14;5; ; ; ;0,53;9;28;0,19;22;37
2017-03-14;6; ; ; ;0,5;13;28;0,17;24;36
2017-03-14;7; ; ; ;0,53;26;28;0,16;24;37
2017-03-14;8; ; ; ;0,6;32;29;0,18;26;39
2017-03-14;9; ; ; ;0,68;33;31;0,15;27;40
2017-03-14;10; ; ; ;0,75;39;32;0,16;27;39
2017-03-14;11; ; ; ;0,81;28;33;0,18;29;40
2017-03-14;12; ; ; ;0,86;25;34;0,21;27;40
2017-03-14;13; ; ; ;0,91;27;34;0,24;28;39
2017-03-14;14; ; ; ;0,95;30;34;0,28;29;38
2017-03-14;15; ; ; ;0,96; ;33;0,34;30;37
2017-03-14;16; ; ; ;0,91; ;33;0,35;27;37
2017-03-14;17; ; ; ; ; ;33;0,38;27;36
2017-03-14;18; ; ; ; ; ;33;0,4;29;36
2017-03-14;19; ; ; ; ; ; ;0,44;34;37
2017-03-14;20; ; ; ; ; ; ;0,47;26;36
2017-03-14;21; ; ; ; ; ; ;0,47;32;38
2017-03-14;22; ; ; ; ; ; ;0,46;32;41
2017-03-14;23; ; ; ; ; ; ;0,42;29;42
2017-03-14;24; ; ; ; ; ; ;0,38;21;41
2017-03-15;1; ; ; ; ; ; ;0,34;15;40
2017-03-15;2; ; ; ; ; ; ;0,33;11;39
2017-03-15;3; ; ; ; ; ; ;0,28;8;39
2017-03-15;4; ; ; ; ; ; ; ;7;39
2017-03-15;5; ; ; ; ; ; ; ;7;38
2017-03-15;6; ; ; ; ; ; ; ;10;38
2017-03-15;7; ; ; ; ; ; ; ;18;38
2017-03-15;8; ; ; ; ; ; ; ;19;36
2017-03-15;9; ; ; ; ; ; ; ;17;35
2017-03-15;10; ; ; ; ;21; ; ;17;35
2017-03-15;11; ; ; ; ;16; ; ;17;33
2017-03-15;12; ; ; ; ;22; ;0,1;17;33
2017-03-15;13; ; ; ; ;23; ;0,12;19;33
2017-03-15;14; ; ; ; ;39; ;0,2;26;35
2017-03-15;15; ; ; ;1,22;37; ;0,27;24;40
2017-03-15;16; ; ; ;1,22;23; ;0,26;20;42
2017-03-15;17; ; ; ;1,24;26; ;0,28;21;42
2017-03-15;18; ; ; ;1,3;26; ;0,3;24;41
2017-03-15;19; ; ; ;1,41;26; ;0,32;21;40
2017-03-15;20; ; ; ;1,44;24; ;0,35;20;38
2017-03-15;21; ; ; ;1,45;24; ;0,33;18;36
2017-03-15;22; ; ; ;1,37;22; ;0,26;18;32
2017-03-15;23; ; ; ;1,26;22; ;0,19;17;31
2017-03-15;24; ; ; ;1,22;19; ;0,2;17;31
2017-03-16;1; ; ; ;1,14;17; ;0,18;15;31
2017-03-16;2; ; ; ;1,05;14; ;0,18;15;32
2017-03-16;3; ; ; ;0,89;9; ;0,17;12;32
2017-03-16;4; ; ; ;0,8;7; ; ;11;32
2017-03-16;5; ; ; ;0,7;6; ; ;9;32
2017-03-16;6; ; ; ;0,62;7; ; ;8;32
2017-03-16;7; ; ; ;0,57;12; ; ;8;31
2017-03-16;8; ; ; ;0,57;18;25; ;8;30
2017-03-16;9; ; ; ;0,59;20;25; ;8;29
2017-03-16;10; ; ; ;0,63;19;25; ;7;29
2017-03-16;11; ; ; ;0,68;20;25; ; ;27
2017-03-16;12; ; ; ;0,76;20;25; ; ;26
2017-03-16;13; ; ; ;0,86;23;26; ; ;26
2017-03-16;14; ; ; ;0,99;28;27; ;12;23
2017-03-16;15; ; ; ;1,11;23;23; ;6;18
2017-03-16;16; ; ; ;1,12;20;22; ;7;15
2017-03-16;17; ; ; ;1,2;24;23; ;7;15
2017-03-16;18; ; ; ;1,26;27;23;0,33;8;15
2017-03-16;19; ; ; ;1,38;25;24;0,32;8;15
2017-03-16;20; ; ; ;1,49;28;25;0,32;11;16
2017-03-16;21; ; ; ;1,46;21;25;0,32;14;17
2017-03-16;22; ; ; ;1,39;21;26;0,34;16;18
2017-03-16;23; ; ; ;1,33;21;27;0,39;15;19
2017-03-16;24; ; ; ;1,34;22;27;0,44;17;20
2017-03-17;1; ; ; ;1,25;21;28;0,54;17;20
2017-03-17;2; ; ; ;1,15;20;28;0,62;18;20
2017-03-17;3; ; ; ;1,01;20;29;0,72;17;20
2017-03-17;4; ; ; ;0,87;19;30;0,8;15;21
2017-03-17;5; ; ; ;0,83;19;31;0,85;14;21
2017-03-17;6; ; ; ;0,8;16;32;0,86;14; 
2017-03-17;7; ; ; ;0,76;18;32;0,87;15; 
2017-03-17;8; ; ; ;0,78;24;33;0,91;15; 
2017-03-17;9; ; ; ;0,82;25;34;0,91;18; 
2017-03-17;10; ; ; ;0,87;24;35;0,9;17; 
2017-03-17;11; ; ; ;0,89;26;35;0,86;14; 
2017-03-17;12; ; ; ;0,92;25;36;0,8;11; 
2017-03-17;13; ; ; ;0,96;31;36;0,77;9; 
2017-03-17;14; ; ; ;1,01;25;36;0,77;10; 
2017-03-17;15; ; ; ;1,07;24;36;0,77;10; 
2017-03-17;16; ; ; ;1,05;24;35;0,75;11; 
2017-03-17;17; ; ; ;0,99;23;36;0,75;21; 
2017-03-17;18; ; ; ;0,92;53;36;0,8;27; 
2017-03-17;19; ; ; ;0,88;29;37;0,87;29; 
2017-03-17;20; ; ; ;0,83;31;36;0,95;26; 
2017-03-17;21; ; ; ;0,8;29;36;1,02;23; 
2017-03-17;22; ; ; ;0,77;26;36;1,07;21; 
2017-03-17;23; ; ; ;0,7;16;36;1,09;18; 
2017-03-17;24; ; ; ;0,63;16;36;1,08;14; 
2017-03-18;1; ; ; ;0,62;13;35;1,02;14; 
2017-03-18;2; ; ; ;0,6;8;34;0,95;14; 
2017-03-18;3; ; ; ;0,58;9;34;0,88;13;32
2017-03-18;4; ; ; ;0,57;12;33;0,82;11;31
2017-03-18;5; ; ; ;0,52;10;32;0,78;13;30
2017-03-18;6; ; ; ;0,48;11;31;0,72;14;30
2017-03-18;7; ; ; ;0,47;14;30;0,7;15;29
2017-03-18;8; ; ; ;0,47;15;30;0,68;15;29
2017-03-18;9; ; ; ;0,46;13;29;0,67;13;28
2017-03-18;10; ; ; ;0,47;9;28;0,67;14;28
2017-03-18;11; ; ; ;0,47;9;28;0,67;13;27
2017-03-18;12; ; ; ;0,47;6;27;0,67;12;27
2017-03-18;13; ; ; ;0,48;8;26;0,69;11;27
2017-03-18;14; ; ; ;0,5;11;25;0,72;10;27
2017-03-18;15; ; ; ;0,51;10;24;0,75;11;27
2017-03-18;16; ; ; ;0,53;10;24;0,78;9;26
2017-03-18;17; ; ; ;0,55;13;24;0,84;13;26
2017-03-18;18; ; ; ;0,6;13;23;0,86;11;25
2017-03-18;19; ; ; ;0,64;15;23;0,89;11;25
2017-03-18;20; ; ; ;0,69;17;23;0,91;11;24
2017-03-18;21; ; ; ;0,74;18;22;0,94;13;24
2017-03-18;22; ; ; ;0,78;17;22;0,98;17;24
2017-03-18;23; ; ; ;0,81;15;21;1;17;24
2017-03-18;24; ; ; ;0,82;13;21;1,01;12;24
2017-03-19;1; ; ; ;0,82;12;21;0,97;9;24
2017-03-19;2; ; ; ;0,79;9;21;0,95;8;23
2017-03-19;3; ; ; ;0,76;9;22;0,93;7;23
2017-03-19;4; ; ; ;0,72;9;22;0,89;8;23
2017-03-19;5; ; ; ;0,67;8;22;0,83;8;24
2017-03-19;6; ; ; ;0,62;9;22;0,78;7;24
2017-03-19;7; ; ; ;0,58;8;22;0,74;9;23
2017-03-19;8; ; ; ;0,53;7;22;0,71;11;23
2017-03-19;9; ; ; ;0,5;3;21;0,74;10;23
2017-03-19;10; ; ; ;0,46;2;21;0,77;10;23
2017-03-19;11; ; ; ;0,45;2;20;0,79;10;23
2017-03-19;12; ; ; ;0,43;1;20;0,84;10;23
2017-03-19;13; ; ; ;0,42;6;20;0,87;10;22
2017-03-19;14; ; ; ;0,41;13;20;0,89;7;22
2017-03-19;15; ; ; ;0,41;9;20;0,87;8;22
2017-03-19;16; ; ; ;0,43;5;19;0,85;9;23
2017-03-19;17; ; ; ;0,46;8;18;0,82;11;24
2017-03-19;18; ; ; ;0,49;8;18;0,77;9;25
2017-03-19;19; ; ; ;0,52;11;17;0,73;9;26
2017-03-19;20; ; ; ;0,56;13;17;0,69;11;27
2017-03-19;21; ; ; ;0,59;15;16;0,64;8;27
2017-03-19;22; ; ; ;0,62;10;16;0,61;10;26
2017-03-19;23; ; ; ;0,64;11;16;0,61;16;27
2017-03-19;24; ; ; ;0,65;11;16;0,63;16;28
2017-03-20;1; ; ; ;0,65;9;16;0,63;12;29
2017-03-20;2; ; ; ;0,63;7;16;0,63;7;30
2017-03-20;3; ; ; ;0,6;6;15;0,59;6;29
2017-03-20;4; ; ; ;0,56;6;16;0,52;6;29
2017-03-20;5; ; ; ;0,51;9;16;0,48;7;29
2017-03-20;6; ; ; ;0,48;11;16;0,43;13;29
2017-03-20;7; ; ; ;0,45;13;16;0,38;14;29
2017-03-20;8; ; ; ;0,47;20;16;0,33;14;30
2017-03-20;9; ; ; ;0,48;16;17;0,3;14;30
2017-03-20;10; ; ; ;0,5;14;17;0,27;16;30
2017-03-20;11; ; ; ;0,55;16;17;0,24;15;30
2017-03-20;12; ; ; ;0,61;17;18;0,25;15;30
2017-03-20;13; ; ; ;0,67;15;18;0,26;14;31
2017-03-20;14; ; ; ;0,72;12;19; ;13;32
2017-03-20;15; ; ; ;0,78;14;19; ;14;31
2017-03-20;16; ; ; ;0,8;15;20; ;16;31
2017-03-20;17; ; ; ;0,84;16;20; ;18;30
2017-03-20;18; ; ; ;0,86;22;21; ;16;29
2017-03-20;19; ; ; ;0,89;21;21; ;14;29
2017-03-20;20; ; ; ;0,89;18;22; ;13;29
2017-03-20;21; ; ; ;0,87;15;22;0,06;11;30
2017-03-20;22; ; ; ;0,85;12;22;0,06;12;31
2017-03-20;23; ; ; ;0,81;11;22;0,06;9;32
2017-03-20;24; ; ; ;0,77;8;22; ;9;32
2017-03-21;1; ; ; ;0,71;8;22; ;11;31
2017-03-21;2; ; ; ;0,65;6;22; ;6;30
2017-03-21;3; ; ; ;0,56;4;22; ;6;30
2017-03-21;4; ; ; ;0,51;6;22; ;6;30
2017-03-21;5; ; ; ;0,47;4;22; ;6;29
2017-03-21;6; ; ; ;0,44;6;21;0,58;7;29
2017-03-21;7; ; ; ;0,42;9;21;0,58;11;29
2017-03-21;8; ; ; ;0,42;11;21;0,61;13;28
2017-03-21;9; ; ; ;0,43;10;21;0,65;14;28
2017-03-21;10; ; ; ;0,46;13;20;0,67;12;30
2017-03-21;11; ; ; ;0,49;11;20;0,67;14;31
2017-03-21;12; ; ; ;0,51; ;20;0,69;14;31
2017-03-21;13; ; ; ;0,53; ;19;0,73;14;30
2017-03-21;14; ; ; ;0,64; ;20;0,85;13;30
2017-03-21;15; ; ; ;0,73; ;20;1;15;31
2017-03-21;16; ; ; ;0,79;17;19;1,14;15;31
2017-03-21;17; ; ; ;0,83;15;19;1,29;16;31
2017-03-21;18; ; ; ;0,85;18;19;1,45;17;30
2017-03-21;19; ; ; ;0,89;18;18;1,63;15;31
2017-03-21;20; ; ; ;0,87;16;18;1,8;14;33
2017-03-21;21; ; ; ;0,84;16;17;1,95;14;32
2017-03-21;22; ; ; ;0,79;16;17;2,01;11;32
2017-03-21;23; ; ; ;0,75;17;18;2,04;8;33
2017-03-21;24; ; ; ;0,7;13;18;2,05;9;32
2017-03-22;1; ; ; ;0,68;11;18;1,98;9;31
2017-03-22;2; ; ; ;0,63;8;18;2,06;5;31
2017-03-22;3; ; ; ;0,57;10;18;1,97;6;31
2017-03-22;4; ; ; ;0,52;10;18;1,94;5;32
2017-03-22;5; ; ; ;0,49;8;18;1,92;8;32
2017-03-22;6; ; ; ;0,47;10;18; ;10;33
2017-03-22;7; ; ; ;0,45;14;18; ;11;34
2017-03-22;8; ; ; ;0,47;15;18; ;11;34
2017-03-22;9; ; ; ;0,49;17;18; ;12;34
2017-03-22;10; ; ; ;0,52;15;18; ;11;33
2017-03-22;11; ; ; ;0,59;14;19; ; ;33
2017-03-22;12; ; ; ;0,64;13;19; ; ;33
2017-03-22;13; ; ; ;0,69;14;19; ;12;34
2017-03-22;14; ; ; ;0,73;16;18; ;12;34
2017-03-22;15; ; ; ;0,8;21;18; ;12;34
2017-03-22;16; ; ; ;0,83;20;19; ;14;36
2017-03-22;17; ; ; ;0,86;16;20; ;14;36
2017-03-22;18; ; ; ;0,88;17;20; ;14;37
2017-03-22;19; ; ; ;0,86;17;20; ;15;36
2017-03-22;20; ; ; ;0,86;20;20; ;17;39
2017-03-22;21; ; ; ;0,85;16;20; ;15;40
2017-03-22;22; ; ; ;0,82;15;21; ;14;39
2017-03-22;23; ; ; ;0,77;13;21; ;12;38
2017-03-22;24; ; ; ;0,7;12;21; ;13;38
2017-03-23;1; ; ; ;0,65;15;21; ;12;39
2017-03-23;2; ; ; ;0,6;17;21; ;11;39
2017-03-23;3; ; ; ;0,57;13;21; ;6;39
2017-03-23;4; ; ; ;0,53;16;21; ;10;38
2017-03-23;5; ; ; ;0,52;20;21; ;11;37
2017-03-23;6; ; ; ;0,51;20;21; ;10;37
2017-03-23;7; ; ; ;0,51;22;20; ;10;37
2017-03-23;8; ; ; ;0,52;18;20; ;11;38
2017-03-23;9; ; ; ;0,54;20;20; ;12;39
2017-03-23;10; ; ; ;0,55;18;20; ;14;38
2017-03-23;11; ; ; ;0,58;17;19; ;16;37
2017-03-23;12; ; ; ;0,65;20;20; ;14;36
2017-03-23;13; ; ; ;0,68;24;20; ;13;35
2017-03-23;14; ; ; ;0,7;23;20; ;14;34
2017-03-23;15; ; ; ;0,7;29;20; ;13;33
2017-03-23;16; ; ; ;0,73;30;19; ;14;32
2017-03-23;17; ; ; ;0,76;30;19; ;15;32
2017-03-23;18; ; ; ;0,83;31;19; ;17;31
2017-03-23;19; ; ; ;0,86;30;20; ;17;30
2017-03-23;20; ; ; ;0,87;29;19; ;17;26
2017-03-23;21; ; ; ;0,88;24;19; ;16;27
2017-03-23;22; ; ; ;0,9;25;19; ;18;27
2017-03-23;23; ; ; ;0,94;19;18; ;18;26
2017-03-23;24; ; ; ;0,95;22;18; ;17;26
2017-03-24;1; ; ; ;0,91;27;18; ;15;27
2017-03-24;2; ; ; ;0,85;20;19; ;16;27
2017-03-24;3; ; ; ;0,78;13;19; ;18;28
2017-03-24;4; ; ; ;0,72;12;19; ;17;29
2017-03-24;5; ; ; ;0,69;19;19; ;16;30
2017-03-24;6; ; ; ;0,7;24;19; ;14;30
2017-03-24;7; ; ; ;0,71;25;20; ;14;31
2017-03-24;8; ; ; ;0,74;27;20; ;15;32
2017-03-24;9; ; ; ;0,83;33;21; ;17;33
2017-03-24;10; ; ; ;0,88;28;22; ;20;34
2017-03-24;11; ; ; ;0,93;41;24; ;21;34
2017-03-24;12; ; ; ;0,99;42;25; ;19;34
2017-03-24;13; ; ; ;1,01;40;27; ;24;35
2017-03-24;14; ; ; ;1;36;28; ;26;37
2017-03-24;15; ; ; ;0,97;45;30; ;23;38
2017-03-24;16; ; ; ;0,9;30;30; ;21;36
2017-03-24;17; ; ; ;0,81;18;29; ;19;35
2017-03-24;18; ; ; ;0,79;40;29; ;20;33
2017-03-24;19; ; ; ;0,77;25;29; ;20;34
2017-03-24;20; ; ; ;0,78;33;30; ;21;35
2017-03-24;21; ; ; ;0,77;28;31; ;20;38
2017-03-24;22; ; ; ;0,77;21;32; ;18;39
2017-03-24;23; ; ; ;0,78;20;33; ;15;39
2017-03-24;24; ; ; ;0,8;22;33; ;12;37
2017-03-25;1; ; ; ;0,83;21;34; ;11;36
2017-03-25;2; ; ; ;0,82;19;34; ;12;36
2017-03-25;3; ; ; ;0,81;14;34; ;8;37
2017-03-25;4; ; ; ;0,75;11;35; ;7;36
2017-03-25;5; ; ; ;0,71;17;35; ;8;36
2017-03-25;6; ; ; ;0,7;15;36; ;14;36
2017-03-25;7; ; ; ;0,66;17;36; ;15;35
2017-03-25;8; ; ; ;0,64;19;36; ;14;33
2017-03-25;9; ; ; ;0,6;14;35; ;15;30
2017-03-25;10; ; ; ;0,57;12;34; ;16;29
2017-03-25;11; ; ; ;0,54;17;32; ;15;29
2017-03-25;12; ; ; ;0,55;19;31; ;13;29
2017-03-25;13; ; ; ;0,57;16;30; ;13;28
2017-03-25;14; ; ; ;0,58;13;29; ;13;27
2017-03-25;15; ; ; ;0,6;13;27; ;14;28
2017-03-25;16; ; ; ;0,6;12;28; ;13;29
2017-03-25;17; ; ; ;0,62;10;28; ;14;30
2017-03-25;18; ; ; ;0,65;16;29; ;15;32
2017-03-25;19; ; ; ;0,67;18;28; ;16;32
2017-03-25;20; ; ; ;0,67;16;28; ;16;32
2017-03-25;21; ; ; ;0,67;18;27; ;16;28
2017-03-25;22; ; ; ;0,67;18;26; ;15;29
2017-03-25;23; ; ; ;0,7;19;26; ;16;29
2017-03-25;24; ; ; ;0,74;16;26; ;16;29
2017-03-26;1; ; ; ;0,74;11;26; ;11;29
2017-03-26;2; ; ; ;0,71;8;26; ;9;28
2017-03-26;3; ; ; ;0,67;5;25; ;6;27
2017-03-26;4; ; ; ;0,63;4;25; ;4;27
2017-03-26;5; ; ; ;0,59;6;24; ;4;27
2017-03-26;6; ; ; ;0,55;7;24; ;4;27
2017-03-26;7; ; ; ;0,47;6;23; ;6;26
2017-03-26;8; ; ; ;0,39;5;23; ;7;26
2017-03-26;9; ; ; ;0,36;5;23; ;7;26
2017-03-26;10; ; ; ;0,34;4;23; ;7;26
2017-03-26;11; ; ; ;0,34;6;23; ;6;26
2017-03-26;12; ; ; ;0,34;5;23; ;8;26
2017-03-26;13; ; ; ;0,35;6;23; ;10;26
2017-03-26;14; ; ; ;0,35;5;23; ;7;25
2017-03-26;15; ; ; ;0,36;6;22; ;8;23
2017-03-26;16; ; ; ;0,38;8;21; ;9;24
2017-03-26;17; ; ; ;0,42;13; ; ;11;26
2017-03-26;18; ; ; ;0,47;14; ; ;13;27
2017-03-26;19; ; ; ;0,51;14; ; ;11;26
2017-03-26;20; ; ; ;0,56;15; ; ;13;25
2017-03-26;21; ; ; ;0,59;12; ; ;13;25
2017-03-26;22; ; ; ;0,61;11; ; ;13;21
2017-03-26;23; ; ; ;0,63;10; ; ;13;21
2017-03-26;24; ; ; ;0,62;11; ; ;10;21
2017-03-27;1; ; ; ;0,59;10; ; ;7;22
2017-03-27;2; ; ; ;0,56;8; ; ;3;22
2017-03-27;3; ; ; ;0,52;6; ; ;3;23
2017-03-27;4; ; ; ;0,47;7; ; ;2;23
2017-03-27;5; ; ; ;0,43;7; ; ;6;24
2017-03-27;6; ; ; ;0,4;9; ; ;9;24
2017-03-27;7; ; ; ;0,38;11; ; ;10;24
2017-03-27;8; ; ; ;0,38;12; ; ;10;26
2017-03-27;9; ; ; ;0,39;13; ; ;11;26
2017-03-27;10; ; ; ;0,4;15; ; ;11;26
2017-03-27;11; ; ; ;0,42;15; ; ;10;27
2017-03-27;12; ; ; ;0,45;13; ; ;11;28
2017-03-27;13; ; ; ;0,52;16; ; ;10;28
2017-03-27;14; ; ; ;0,61;18; ; ;11;29
2017-03-27;15; ; ; ;0,69;17; ; ;11;30
2017-03-27;16; ; ; ;0,79;18; ; ;13;29
2017-03-27;17; ; ; ;0,85;14; ;0,49;13;28
2017-03-27;18; ; ; ;0,91;17; ;0,51;15;27
2017-03-27;19; ; ; ;0,96;19; ;0,52;17;31
2017-03-27;20; ; ; ;0,98;15; ;0,53;14;32
2017-03-27;21; ; ; ;0,95;15; ;0,55;13;32
2017-03-27;22; ; ; ;0,9;15; ;0,56;13;33
2017-03-27;23; ; ; ;0,85;14; ;0,57;13;33
2017-03-27;24; ; ; ;0,79;10; ;0,58;10;34
2017-03-28;1; ; ; ;0,72;7; ;0,57;4;33
2017-03-28;2; ; ; ;0,64;6; ;0,54;4;33
2017-03-28;3; ; ; ;0,56;5; ;0,52;2;32
2017-03-28;4; ; ; ;0,52;4; ;0,5;3;31
2017-03-28;5; ; ; ;0,47;4; ;0,48;4;31
2017-03-28;6; ; ; ;0,43;6; ;0,48;7;31
2017-03-28;7; ; ; ;0,4;9; ;0,47;9;30
2017-03-28;8; ; ; ;0,37;13;23;0,47;10;30
2017-03-28;9; ; ; ;0,39;12;23;0,5;11;29
2017-03-28;10; ; ; ;0,41;15;23;0,53;11;29
2017-03-28;11; ;11; ;0,45;13;23;0,56;11;29
2017-03-28;12; ;12; ;0,49;12;23;0,58;11;28
2017-03-28;13; ;18; ;0,54;11;23;0,59;11;29
2017-03-28;14; ;13; ;0,6;13;23;0,61;11;29
2017-03-28;15; ;12; ;0,65;12;22;0,61;11;28
2017-03-28;16; ;13; ;0,72;16;22;0,62;13;28
2017-03-28;17; ;14; ;0,78;17;20;0,63;15;29
2017-03-28;18; ;16; ;0,81;20;19;0,64;18;29
2017-03-28;19; ;18; ;0,83;19;18;0,65;18;26
2017-03-28;20; ;20; ;0,83;19;18;0,66;18;25
2017-03-28;21;0,87;20; ;0,81;14;18;0,68;15;25
2017-03-28;22;0,86;21; ;0,79;17;18;0,69;18;25
2017-03-28;23;0,84;20; ;0,76;16; ;0,71;18;25
2017-03-28;24;0,81;17; ;0,68;14; ;0,71;14;26
2017-03-29;1;0,78;18; ;0,6;8; ;0,68;7;26
2017-03-29;2;0,74;18; ;0,55;7; ;0,64;13;27
2017-03-29;3;0,7;21; ;0,49;5; ;0,61;13;28
2017-03-29;4;0,67;20; ;0,45;6; ;0,57;4;28
2017-03-29;5;0,64;17; ;0,43;7; ;0,54;4;29
2017-03-29;6;0,61;17; ;0,38;5; ;0,51;9;29
2017-03-29;7;0,59;16; ;0,36;8; ;0,49;12;29
2017-03-29;8;0,59;15; ;0,35;13; ;0,48;13;30
2017-03-29;9;0,61;15;17;0,36;13; ;0,5;15;30
2017-03-29;10;0,62;14;17;0,38;13; ;0,52;13;30
2017-03-29;11;0,65;13;17;0,39;8; ;0,54;13;30
2017-03-29;12;0,62;12;17;0,42;9; ;0,56;12;29
2017-03-29;13;0,6;15;17;0,46;10; ;0,58;12;30
2017-03-29;14;0,6; ;18;0,53;15; ;0,59;11;30
2017-03-29;15;0,6; ;18;0,6;14; ;0,6;14;32
2017-03-29;16;0,59;10;19;0,67;16; ;0,6;13;31
2017-03-29;17;0,59;12;19;0,73;15; ;0,61;15;32
2017-03-29;18;0,58;18;19;0,77;15; ;0,62;16;31
2017-03-29;19;0,59;23;20;0,85;19; ;0,64;16;35
2017-03-29;20;0,64;20;20;0,89;22; ;0,66;17;36
2017-03-29;21;0,68;17;19;0,92;16; ;0,68;15;35
2017-03-29;22;0,7;14;19;0,89;13; ;0,69;15;34
2017-03-29;23;0,71;11;20;0,85;10; ;0,7;10;34
2017-03-29;24;0,69;9;20;0,78;8;25;0,69;5;34
2017-03-30;1;0,67;18;19;0,72;7;24;0,66;3;35
2017-03-30;2;0,64;12;19;0,65;6;23;0,62;3;34
2017-03-30;3;0,6;8;19;0,57;4;23;0,58;3;34
2017-03-30;4;0,57;4;19;0,49;4;23;0,54;4;33
2017-03-30;5;0,53;4;19;0,42;6;22;0,49;3;33
2017-03-30;6;0,5;5;19;0,38;9;22;0,46;7;34
2017-03-30;7;0,49;9;19;0,36;14;22;0,45;12;34
2017-03-30;8;0,48;12;19;0,35;13;22;0,44;13;34
2017-03-30;9;0,5;17;19;0,36;15;22;0,47;14;35
2017-03-30;10;0,51;16;19;0,38;15;21;0,49;14;35
2017-03-30;11;0,53;17;19;0,42;15;21;0,51;13;36
2017-03-30;12;0,56;14;20;0,45;15;21;0,56;13;37
2017-03-30;13;0,59;18;21;0,52;17;21;0,59;12;38
2017-03-30;14;0,59;16;22;0,57;14;22;0,61;13;38
2017-03-30;15;0,64;19;22;0,62;15;24;0,64;14;37
2017-03-30;16;0,66;21;24;0,65;20;26;0,67;15;38
2017-03-30;17;0,69;22;24;0,71;22;26;0,7;17;39
2017-03-30;18;0,74;23;23;0,8;24;25;0,73;17;38
2017-03-30;19;0,79;23;24;0,92;25;26;0,78;18;37
2017-03-30;20;0,86;24;25;0,99;24;26;0,8;18;35
2017-03-30;21;0,92;24;25;1,03;24;27;0,84;17;38
2017-03-30;22;0,98;24;26;1,08;23;28;0,86;17;39
2017-03-30;23;0,97;21;27;1,09;20;28;0,86;16;38
2017-03-30;24;0,96;18;27;1,1;16;28;0,83;16;37
2017-03-31;1;0,92;17;27;1,04;12;28;0,79;14;36
2017-03-31;2;0,85;9;27;0,93;6;28;0,74;6;36
2017-03-31;3;0,77;6;27;0,78;5;28;0,68;8;36
2017-03-31;4;0,67;6;27;0,68;8;28;0,62;5;36
2017-03-31;5;0,57;6;26;0,58;7;28;0,56;6;36
2017-03-31;6;0,51;7;26;0,49;8;28;0,52;11;36
2017-03-31;7;0,47;10;26;0,42;11;28;0,51;12;35
2017-03-31;8;0,45;13;26;0,38;13;27;0,52;13;34
2017-03-31;9;0,46;12;26;0,37;13;27;0,55;13;34
2017-03-31;10;0,49;10;26;0,38;11;27;0,57;12;34
2017-03-31;11;0,53;9;25;0,38;11;27;0,59;14;34
2017-03-31;12;0,56;10;24;0,39; ;27;0,61;12;32
2017-03-31;13;0,59;11;24;0,44; ;27;0,63;14;32
2017-03-31;14;0,62;14;23;0,49;13;27;0,63;14;31
2017-03-31;15;0,63;18;22;0,61;19;24;0,63;14;31
2017-03-31;16;0,67;18;21;0,74;20;23;0,62;14;29
2017-03-31;17;0,67;18;20;0,87;23;24;0,61;14;29
2017-03-31;18;0,67;18;21;1,06;26;25;0,62;16;29
2017-03-31;19;0,68;21;20;1,06;20;25;0,64;17;27
2017-03-31;20;0,7;19;19;1,02;19;25;0,64;17;27
2017-03-31;21;0,7;19;19;1,03;20;24;0,65;18;27
2017-03-31;22;0,71;17;18;1,03;18;24;0,66;18;27
2017-03-31;23;0,7;15;18;0,97;16;23;0,67;14;27
2017-03-31;24;0,67;16;17;0,88;13;23;0,67;11;27
2017-04-01;1;0,65;20;17;0,78;11;23;0,65;7;27
2017-04-01;2;0,63;19;17;0,64;10;22;0,61;6;27
2017-04-01;3;0,59;19;17;0,56;7;22;0,57;5;27
2017-04-01;4;0,55;10;17;0,51;4;22;0,55;5;27
2017-04-01;5;0,51;6;18;0,47;4;23;0,52;5;28
2017-04-01;6;0,48;7;18;0,43;5;23;0,49;5;28
2017-04-01;7;0,46;9;18;0,41;12;23;0,47;7;28
2017-04-01;8;0,45;10;19;0,4;8;23;0,46;12;28
2017-04-01;9;0,44;10;19;0,39;9;23;0,47;12;28
2017-04-01;10;0,43;10;19;0,38;7;23;0,48;12;28
2017-04-01;11;0,45;8;19;0,38;6;22;0,49;12;27
2017-04-01;12;0,46;10;19;0,39;7;22;0,49;11;27
2017-04-01;13;0,48;14;19;0,4;8;21;0,5;10;26
2017-04-01;14;0,48;13;20;0,42;9;21;0,5;10;27
2017-04-01;15;0,49;9;20;0,45;10;21;0,51;12;27
2017-04-01;16;0,48;8;20;0,48;12;20;0,51;13;27
2017-04-01;17;0,5;12;20;0,52;13;19;0,52;14;26
2017-04-01;18;0,5;17;20;0,58;16;18;0,53;15;30
2017-04-01;19;0,49;24;20;0,6;18;18;0,55;17;31
2017-04-01;20;0,52;22;20;0,63;21;17;0,57;19;30
2017-04-01;21;0,55;25;21;0,67;20;17;0,59;16;28
2017-04-01;22;0,58;24;21;0,68;16;18;0,6;12;28
2017-04-01;23;0,58;22;22;0,69;15;17;0,62;12;28
2017-04-01;24;0,58;21;22;0,68;12;18;0,62;8;28
2017-04-02;1;0,58;20;23;0,64;11;18;0,61;5;29
2017-04-02;2;0,57;9;23;0,59;6;19;0,59;4;29
2017-04-02;3;0,55;7;23;0,56;4;19;0,56;3;29
2017-04-02;4;0,5;7;23;0,52;8;19;0,53;3;30
2017-04-02;5;0,45;5;23;0,47;12;19;0,51;2;29
2017-04-02;6;0,41;6;23;0,43;10;19;0,49;3;30
2017-04-02;7;0,4;6;23;0,4;9;20;0,47;4;30
2017-04-02;8;0,39;6;23;0,37;11;19;0,46;8;29
2017-04-02;9;0,38;6;23;0,36;9;19;0,47;10;29
2017-04-02;10;0,37;6;23;0,36;10;19;0,48;6;29
2017-04-02;11;0,37;6;23;0,36;6;20;0,49;5;29
2017-04-02;12;0,37;7;23;0,36;6;20;0,5;5;30
2017-04-02;13;0,39;8;23;0,37;9;21;0,52;10;30
2017-04-02;14;0,42;10;23;0,39;9;21;0,53;8;31
2017-04-02;15;0,46;12;23;0,41;10;21;0,55;9;32
2017-04-02;16;0,49;13;23;0,44;12; ;0,57;8;33
2017-04-02;17;0,54;16;23;0,47;13; ;0,6;12;37
2017-04-02;18;0,6;17;23;0,54;17; ;0,65;13;35
2017-04-02;19;0,64;15;23;0,59;15; ;0,68;13;31
2017-04-02;20;0,67;15;22;0,64;16; ;0,71;12;30
2017-04-02;21;0,7;16;22;0,72;18; ;0,74;15;30
2017-04-02;22;0,74;18;22;0,8;20; ;0,78;13;31
2017-04-02;23;0,76;18;21;0,89;21; ;0,82;13;32
2017-04-02;24;0,76;16;20;0,93;19; ;0,83;11;32
2017-04-03;1;0,73;17;20;0,95;20; ;0,79;9;31
2017-04-03;2;0,68;13;20;0,91;17; ;0,76;10;31
2017-04-03;3;0,64;11;19;0,87;14; ;0,72;8;31
2017-04-03;4;0,6;9;19;0,83;12; ;0,68;6;30
2017-04-03;5;0,55;9;18;0,74;9; ;0,63;3;29
2017-04-03;6;0,48;8;18;0,65;11; ;0,57;4;29
2017-04-03;7;0,42;15;18;0,57;19; ;0,52;8;29
2017-04-03;8;0,47;24;18;0,57;25; ;0,51;12;29
2017-04-03;9;0,53;25;19;0,61;30; ;0,53;13;30
2017-04-03;10;0,57;23;19;0,68;27; ;0,54;17;30
2017-04-03;11;0,58;17;19;0,74;28; ;0,54;21;30
2017-04-03;12;0,61;20;20;0,85;32; ;0,55;15;30
2017-04-03;13;0,64;21;19;0,94;29; ;0,55;13;30
2017-04-03;14;0,67;23;20;1,05;34; ;0,56;11;30
2017-04-03;15;0,69;25;19;1,15;34; ;0,56;16;28
2017-04-03;16;0,65;26;20;1,22;35; ;0,54;14;27
2017-04-03;17;0,59;26;20;1,21;50; ;0,53;21;22
2017-04-03;18;0,59;44;21;1,16;46; ;0,58;32;23
2017-04-03;19;0,64;56;21;1,14;45; ;0,64;35;26
2017-04-03;20;0,66;53;23;1,1;46; ;0,69;36;30
2017-04-03;21;0,68;49;24;1,08;45; ;0,73;35;31
2017-04-03;22;0,71;39;26;1,05;40; ;0,77;31;32
2017-04-03;23;0,7;29;26;1,01;33; ;0,81;28;32
2017-04-03;24;0,69;24;26;0,92;30; ;0,83;24;33
2017-04-04;1;0,67;17;26;0,89;22; ;0,81;16;33
2017-04-04;2;0,62;12;26;0,86;18; ;0,74;13;32
2017-04-04;3;0,56;12;26;0,8;11;37;0,66;8;33
2017-04-04;4;0,5;14;26;0,73;7;36;0,61;9;33
2017-04-04;5;0,44;13;26;0,66;8;34;0,56;9;34
2017-04-04;6;0,39;16;26;0,58;14;33;0,52;17;34
2017-04-04;7;0,38;19;26;0,52;22;33;0,5;19;35
2017-04-04;8;0,44;28;25;0,52;30;32;0,51;17;35
2017-04-04;9;0,48;29;25;0,53;29;31;0,56;21;37
2017-04-04;10;0,5;31;25;0,57;26;29;0,59;23;37
2017-04-04;11;0,53;27;26;0,63;25;28;0,62;24;37
2017-04-04;12;0,57; ;26;0,71;26;28;0,63;20;37
2017-04-04;13;0,58; ;27;0,81;30;28;0,66;20;38
2017-04-04;14;0,62;23;27;0,91;36;28;0,66;20;38
2017-04-04;15;0,61;24;27;0,94;28;28;0,66;20;38
2017-04-04;16;0,59;35;28;0,96;35;27;0,65;23;39
2017-04-04;17;0,59;36;28;1,01;40;26;0,64;27;39
2017-04-04;18;0,66;35;28;1,09;46;26;0,66;30;36
2017-04-04;19;0,71;36;27;1,15;42;26;0,69;32;34
2017-04-04;20;0,79;41;27;1,2;43;25;0,72;31;32
2017-04-04;21;0,91;38;27;1,28;44;25;0,77;32;32
2017-04-04;22;1,02;38;27;1,39;45;27;0,87;31;33
2017-04-04;23;1,17;39;29;1,55;42;29;0,99;31;35
2017-04-04;24;1,23;35;31;1,64;38;30;1,08;30;39
2017-04-05;1;1,28;31;31;1,65;37;31;1,18;29;45
2017-04-05;2;1,3;30;32;1,61;34;33;1,27;29;51
2017-04-05;3;1,24;26;33;1,53;30;33;1,3;28;54
2017-04-05;4;1,15;25;34;1,44;28;34;1,29;28;55
2017-04-05;5;1,05;24;35;1,29;28;35;1,23;27;55
2017-04-05;6;0,95;26;36;1,11;27;36;1,14;27;56
2017-04-05;7;0,81;23;37;0,93;24;36;1,02;28;56
2017-04-05;8;0,72;20; ;0,84;23;36;0,91;24;55
2017-04-05;9;0,67;20; ;0,8;24;37;0,76;21;53
2017-04-05;10;0,61;17; ;0,79;26;37;0,63;20;52
2017-04-05;11;0,59;17; ;0,81;22;39;0,54;13;52
2017-04-05;12;0,59;15; ;0,88;25;39;0,48;7;51
2017-04-05;13;0,57;17; ;0,91;22;39;0,44;8;51
2017-04-05;14;0,56;17; ;0,99;36;41;0,39;6;51
2017-04-05;15;0,56;17; ;1,07;28;42;0,35;6;51
2017-04-05;16;0,52;14; ;1,09;25;43;0,31;7;50
2017-04-05;17;0,47;16; ;1,09;24;42;0,28;7;50
2017-04-05;18;0,47;20; ;1,15;33;43;0,26;10;51
2017-04-05;19;0,5;25; ;1,24;34;44;0,25;13;51
2017-04-05;20;0,53;25; ;1,3;33;45;0,26;17;50
2017-04-05;21;0,57;25; ;1,32;28;45;0,3;20;49
2017-04-05;22;0,59;24; ;1,28;27;44;0,34;21;50
2017-04-05;23;0,59;22; ;1,22;25;43;0,38;21;50
2017-04-05;24;0,61;20; ;1,17;22;42;0,41;17;48
2017-04-06;1;0,6;15; ;1,11;17;41;0,45;12;43
2017-04-06;2;0,57;13; ;1;16;40;0,48;8;38
2017-04-06;3;0,52;11; ;0,85;14;39;0,49;8;36
2017-04-06;4;0,45;7; ;0,69;14;39;0,5;8;35
2017-04-06;5;0,38;10; ;0,61;14;39;0,49;9;35
2017-04-06;6;0,32;13; ;0,56;17;38;0,48;10;35
2017-04-06;7;0,32;17; ;0,62;21;38;0,48;12;35
2017-04-06;8;0,4;20; ;0,71;23;39;0,5;15;35
2017-04-06;9;0,49;24; ;0,78;20;39;0,51;17;36
2017-04-06;10;0,55;24; ;0,82;17;39;0,53;19;38
2017-04-06;11;0,55;16; ;0,84;13;38;0,54;16;38
2017-04-06;12;0,59;19; ;0,85;9;37;0,55;7;38
2017-04-06;13;0,62;21; ;0,85;6;36;0,55;7;38
2017-04-06;14;0,61;18; ;0,84;6;32;0,54;8;38
2017-04-06;15;0,59;20; ;0,76;8;31;0,53;7;37
2017-04-06;16;0,5;13; ;0,67;9;30;0,51;7;36
2017-04-06;17;0,41;17; ;0,66;15;29;0,49;10;36
2017-04-06;18;0,36;15; ;0,66;19;27;0,48;11;35
2017-04-06;19;0,39;18; ;0,71;19;26;0,48;9;35
2017-04-06;20;0,39;18; ;0,75;20;24;0,49;13;34
2017-04-06;21;0,41;20; ;0,8;19;22;0,5;13;33
2017-04-06;22;0,43;14; ;0,85;19;21;0,51;12;29
2017-04-06;23;0,44;11; ;0,84;9;20;0,52;8;26
2017-04-06;24;0,43;9; ;0,82;9;20;0,51;6;24
2017-04-07;1;0,42;7; ;0,75;8;20;0,5;6;23
2017-04-07;2;0,4;8; ;0,69;6;20;0,48;5;22
2017-04-07;3;0,36;12; ;0,6;6;20;0,46;5;22
2017-04-07;4;0,32;5; ;0,54;4;20;0,44;5;21
2017-04-07;5;0,27;5; ;0,48;4;19;0,43;5;21
2017-04-07;6;0,25;7; ;0,41;8;19;0,41;8;20
2017-04-07;7;0,23;11; ;0,4;15;19;0,41;14;20
2017-04-07;8;0,25;15; ;0,39;15;18;0,42;18;19
2017-04-07;9;0,27;15; ;0,4;17;17;0,45;18;18
2017-04-07;10;0,29;14; ;0,41;16;17;0,47;17;17
2017-04-07;11;0,3;12; ;0,42;16;18;0,49;17;17
2017-04-07;12;0,32;11; ;0,45;13;18;0,51;14;18
2017-04-07;13;0,37;12; ;0,48;17;18;0,52;12;19
2017-04-07;14;0,41;12; ;0,51;15;19;0,53;13;19
2017-04-07;15;0,49;10; ;0,56;18;20;0,53;15;19
2017-04-07;16;0,5;20; ;0,66;24;20;0,53;18;20
2017-04-07;17;0,52;27; ;0,73;24;21;0,54;20;20
2017-04-07;18; ;25; ;0,77;26;23;0,57;23;22
2017-04-07;19; ;29; ;0,81;30;23;0,62;26;21
2017-04-07;20; ;26; ;0,84;28;23;0,68;26;23
2017-04-07;21; ;27; ;0,84;26;24;0,72;25;23
2017-04-07;22; ;24; ;0,88;26;24;0,77;22;24
2017-04-07;23; ;18; ;0,9;23;24;0,77;12;25
2017-04-07;24; ;17; ;0,86;23;25;0,77;13;26
2017-04-08;1; ;17; ;0,82;15;26;0,76;15;27
2017-04-08;2; ;14; ;0,78;10;26;0,72;9;27
2017-04-08;3; ;17; ;0,72;11;26;0,66;9;28
2017-04-08;4; ;9; ;0,69;9;27;0,6;8;28
2017-04-08;5; ;14; ;0,67;11;28;0,55;9;29
2017-04-08;6; ;12; ;0,62;9;28;0,5;9;30
2017-04-08;7; ;13; ;0,57;11;29;0,5;12;30
2017-04-08;8; ;14; ;0,54;13;29;0,5;14;31
2017-04-08;9; ;16; ;0,55;18;29;0,5;16;31
2017-04-08;10; ;12; ;0,58;17;29;0,51;17;31
2017-04-08;11; ;12; ;0,62;18;29;0,51;17;32
2017-04-08;12; ;13; ;0,68;17;29;0,52;15;31
2017-04-08;13; ;13; ;0,74;16;29;0,53;13;31
2017-04-08;14; ;14; ;0,77;13;30;0,55;14;31
2017-04-08;15; ;13; ;0,8;15;32;0,55;14;33
2017-04-08;16; ;18; ;0,82;16;33;0,56;14;37
2017-04-08;17; ;19; ;0,82;13;33;0,57;15;37
2017-04-08;18; ;20; ;0,84;17;34;0,57;13;42
2017-04-08;19; ;21; ;0,89;21;35;0,59;18;45
2017-04-08;20; ;22; ;0,87;21;35;0,62;19;47
2017-04-08;21; ;11; ;0,83;15;34;0,64;16;46
2017-04-08;22; ;12; ;0,82;15;33;0,65;16;46
2017-04-08;23; ;12; ;0,8;12;32;0,66;17;45
2017-04-08;24; ;12; ;0,77;9;31;0,67;13;44
2017-04-09;1; ;12; ;0,75;10;29;0,66;9;43
2017-04-09;2; ;9; ;0,7;6;28;0,65;8;42
2017-04-09;3; ;7; ;0,61;7;27;0,62;7;41
2017-04-09;4; ;8; ;0,57;11;27;0,58;6;41
2017-04-09;5; ;7; ;0,54;8;26;0,55;9;40
2017-04-09;6; ;8; ;0,52;11;26;0,53;8;39
2017-04-09;7; ;12; ;0,51;11;25;0,5;7;39
2017-04-09;8; ;12; ;0,51;12;25;0,48;7;39
2017-04-09;9; ;12; ;0,5;11;25;0,47;8;39
2017-04-09;10; ;12; ;0,5;14;25;0,47;11;41
2017-04-09;11; ;12; ;0,51;9;24;0,47;12;40
2017-04-09;12; ;13; ;0,52;12;24;0,49;8;41
2017-04-09;13; ;13; ;0,54;13;23;0,5;10;42
2017-04-09;14; ;14; ;0,54;13;23;0,51;7;41
2017-04-09;15; ;14; ;0,55;15;22;0,53;10;42
2017-04-09;16; ;12; ;0,56;16;20;0,55;9;39
2017-04-09;17; ;15; ;0,61;16;19;0,56;7;37
2017-04-09;18; ;17;19;0,64;16;17;0,58;8;31
2017-04-09;19; ;17;18;0,69;17;15;0,6;10;28
2017-04-09;20; ;16;18;0,73;16;15;0,62;11;26
2017-04-09;21; ;17;18;0,74;16;15;0,62;10;25
2017-04-09;22; ;16;18;0,76;12;15;0,63;10;24
2017-04-09;23; ;14;17;0,75;12;15;0,62;8;24
2017-04-09;24; ;12;17;0,73;11;15;0,61;8;24
2017-04-10;1; ;13;15;0,7;12;14;0,6;7;24
2017-04-10;2; ;10;14;0,67;9;14;0,59;6;24
2017-04-10;3; ;7;14;0,62;5;14;0,57; ;24
2017-04-10;4; ;4;14;0,58;4;14;0,55; ;24
2017-04-10;5; ;5;13;0,57;6;14; ; ;24
2017-04-10;6; ;6;13;0,55;9;13; ; ;23
2017-04-10;7; ;10;12;0,56;11;13; ; ;23
2017-04-10;8; ;13;12;0,58;13;13; ; ;23
2017-04-10;9; ;13;12;0,61;14;12; ; ;22
2017-04-10;10; ;14;12;0,64;14;12; ; ;20
2017-04-10;11; ;17;11;0,71;20;12; ;18;19
2017-04-10;12; ;18;11;0,78;21;11; ;13;18
2017-04-10;13; ;18;10;0,85;22;11; ;15; 
2017-04-10;14; ;14;10;0,89;16;10; ;20; 
2017-04-10;15; ;13;10;0,92;16;9; ;20; 
2017-04-10;16; ;15;9;0,94;18;8;0,59;19; 
2017-04-10;17; ;14;9;0,95;18;8;0,59;23; 
2017-04-10;18; ;15;9;0,97;18;8;0,59;20; 
2017-04-10;19; ;16;9;0,93;20;8;0,57;16; 
2017-04-10;20; ;19;9;0,9;21;7;0,57;21; 
2017-04-10;21; ;18;9;0,84;20;7;0,56;24; 
2017-04-10;22; ;18;8;0,83;19;7;0,56;23; 
2017-04-10;23; ;16; ;0,8;18;7;0,56;22; 
2017-04-10;24; ;13; ;0,76;16;7;0,54;19; 
2017-04-11;1; ;11; ;0,71;14;8;0,53;14; 
2017-04-11;2; ;9; ;0,65;11;8;0,51;12; 
2017-04-11;3; ;7; ;0,6;9;8;0,5;11; 
2017-04-11;4; ;6; ;0,54;8;8;0,49;8; 
2017-04-11;5; ;7; ;0,5;8;8;0,47;6; 
2017-04-11;6; ;10; ;0,45;11;8;0,44;5; 
2017-04-11;7; ;15; ;0,43;15;8;0,43;7; 
2017-04-11;8; ;17; ;0,43;17;9;0,44;7; 
2017-04-11;9; ;16; ;0,47;17;9;0,46;7; 
2017-04-11;10; ;17; ;0,51;18;10;0,47;10; 
2017-04-11;11; ;10; ;0,57;19;11;0,48;10; 
2017-04-11;12; ; ; ;0,67;20;12;0,48;5; 
2017-04-11;13; ; ; ;0,77;22;13;0,48;5;13
2017-04-11;14; ;14; ;0,86;22;14;0,49;4;13
2017-04-11;15; ;15; ;0,99;28;16;0,48;5;14
2017-04-11;16; ;14; ;1,05;20;17;0,45;5;15
2017-04-11;17; ;16; ;1,13;26;18;0,41;5;16
2017-04-11;18; ;19; ;1,21;28;18;0,39;7;16
2017-04-11;19;0,55;19; ;1,3;31;19;0,39;9;16
2017-04-11;20;0,55;19; ;1,31;26;19;0,39;10;17
2017-04-11;21;0,57;21; ;1,29;25;20;0,39;9;18
2017-04-11;22;0,57;20; ;1,28;26; ;0,38;11;18
2017-04-11;23;0,59;20; ;1,22;26; ;0,4;13;19
2017-04-11;24;0,57;20; ;1,17;24; ;0,41;12;19
2017-04-12;1;0,56;16; ;1,09;19; ;0,41;11;20
2017-04-12;2;0,52;9; ;0,97;16; ;0,41;9;21
2017-04-12;3;0,49;7; ;0,82;16; ;0,39;7;21
2017-04-12;4;0,46;7; ;0,72;11; ;0,38;9;22
2017-04-12;5;0,43;14; ;0,64;14; ;0,37;9;22
2017-04-12;6;0,42;13; ;0,58;19; ;0,36;10;22
2017-04-12;7;0,42;18;21;0,54;23; ;0,35;13;23
2017-04-12;8;0,44;21;20;0,58;28; ;0,38;14;24
2017-04-12;9;0,47;22;19;0,65;28; ;0,42;17;24
2017-04-12;10;0,51;23;18;0,73;30; ;0,46;17;25
2017-04-12;11;0,54;19;18;0,82;27; ;0,48;12;25
2017-04-12;12;0,56;14;21;0,9;28; ;0,48;7;26
2017-04-12;13;0,58;15; ;1;27; ;0,48;9;26
2017-04-12;14;0,61;17; ;1,08;28; ;0,48;8;26
2017-04-12;15;0,6;19; ;1,12;28; ;0,47;9;27
2017-04-12;16;0,6;24; ;1,09;29; ;0,45;15;27
2017-04-12;17;0,6;28; ;1;29; ;0,43;20;28
2017-04-12;18;0,62;33; ;0,93;32; ;0,44;25;30
2017-04-12;19;0,67;35; ;0,89;35; ;0,48;26;31
2017-04-12;20;0,72;31; ;0,87;38; ;0,53;26;33
2017-04-12;21;0,76;28; ;0,89;35; ;0,59;24;33
2017-04-12;22;0,77;25; ;0,9;31; ;0,65;20;34
2017-04-12;23;0,8;25; ;0,92;27; ;0,67;19;34
2017-04-12;24;0,81; ; ;0,91;25; ;0,68;18;35
2017-04-13;1;0,79;22; ;0,92;21; ;0,67;16;35
2017-04-13;2;0,77;22; ;0,91;21; ;0,65;17;35
2017-04-13;3;0,72;22; ;0,91;26;42;0,62;15;35
2017-04-13;4;0,67;21; ;0,89;25;41;0,59;15;35
2017-04-13;5;0,63;20; ;0,8;23;40;0,55;16;35
2017-04-13;6;0,59;21; ;0,72;22;39;0,54;18;36
2017-04-13;7;0,57;23; ;0,65;23;38;0,59;17;36
2017-04-13;8;0,62;26; ;0,61;21;37;0,64;20;35
2017-04-13;9;0,7;28; ;0,6;17;37;0,7;19;35
2017-04-13;10;0,7;18; ;0,58;14;34;0,7;17;34
2017-04-13;11;0,68;14; ;0,56;12;33;0,69;14;33
2017-04-13;12;0,67;15; ;0,52;10;32;0,69;13;34
2017-04-13;13;0,67;15; ;0,5;10;31;0,68;13;33
2017-04-13;14;0,66;15; ;0,48;12;30;0,65;13;34
2017-04-13;15;0,62;20; ;0,5;16;28;0,59;9;33
2017-04-13;16;0,57;21; ;0,52;19;28;0,52;13;33
2017-04-13;17;0,49;21; ;0,56;21;27;0,45;14;32
2017-04-13;18;0,48;22; ;0,6;21;27;0,45;13;31
2017-04-13;19;0,51;25; ;0,66;24;27;0,45;13;30
2017-04-13;20;0,52;25; ;0,72;24;26;0,46;14;29
2017-04-13;21;0,54;21; ;0,77;24;25;0,47;15;28
2017-04-13;22;0,55;18; ;0,8;21;24;0,48;15;28
2017-04-13;23;0,56;20; ;0,8;20;23;0,5;17;27
2017-04-13;24;0,56;18; ;0,8;20;22;0,51;14;26
2017-04-14;1;0,57;14; ;0,79;19;22;0,51; ;25
2017-04-14;2;0,56;10; ;0,77;16;22;0,52; ;25
2017-04-14;3;0,53;10; ;0,72;12;22; ; ;25
2017-04-14;4;0,5;15; ;0,66;12;22; ; ;25
2017-04-14;5;0,48;20; ;0,62;14;22; ; ;25
2017-04-14;6;0,47;18; ;0,59;14;22; ; ;24
2017-04-14;7;0,47;19; ;0,58;13;21; ; ;24
2017-04-14;8;0,49;19; ;0,58;18;21; ; ;23
2017-04-14;9;0,51;19; ;0,57;16;20; ; ;23
2017-04-14;10;0,52;12; ;0,55;12;20; ; ;23
2017-04-14;11;0,52;8; ;0,53;14;20; ; ;22
2017-04-14;12;0,52;8; ;0,52;18;20; ; ;22
2017-04-14;13;0,52;14; ;0,51;9;19; ; ;21
2017-04-14;14;0,51;11; ;0,52;10;19; ; ;21
2017-04-14;15;0,49;7; ;0,51;10;20; ; ;21
2017-04-14;16;0,47;9; ;0,5;10;20; ; ;21
2017-04-14;17;0,43;14; ;0,5;13;20; ; ;20
2017-04-14;18;0,43;20; ;0,53;14;19; ; ;20
2017-04-14;19;0,44;19; ;0,56;16;19; ; ;20
2017-04-14;20;0,45;18; ;0,59;14;19; ; ;20
2017-04-14;21;0,46;14; ;0,61;18;18; ; ;20
2017-04-14;22;0,47;16; ;0,62;16;18; ; ;20
2017-04-14;23;0,48;15; ;0,63;16;18; ; ;20
2017-04-14;24;0,5;14; ;0,64;17;18; ; ;19
2017-04-15;1;0,51;13; ;0,64;13;18; ; ;19
2017-04-15;2;0,51;20; ;0,63;17;17; ; ;19
2017-04-15;3;0,5;14; ;0,59;9;16; ; ;18
2017-04-15;4;0,48;8; ;0,57;5;16; ; ;18
2017-04-15;5;0,47;8; ;0,53;7;16; ; ;18
2017-04-15;6;0,46;8; ;0,5;6;15; ; ;18
2017-04-15;7;0,44;10; ;0,48;8;15; ; ;18
2017-04-15;8;0,43;18; ;0,45;18;15; ; ;17
2017-04-15;9;0,43;19; ;0,44;18;15; ; ;17
2017-04-15;10;0,43;16; ;0,45;15;16; ; ;18
2017-04-15;11;0,45;12; ;0,47;14;15; ; ;18
2017-04-15;12;0,47;13; ;0,51;15;16; ; ;17
2017-04-15;13;0,49;15; ;0,55;19;16; ; ;18
2017-04-15;14;0,5;8; ;0,61;14;15; ; ;17
2017-04-15;15;0,53;11; ;0,63;15;16; ; ;17
2017-04-15;16;0,56;17; ;0,66;18;16; ; ;17
2017-04-15;17;0,57;16; ;0,67;17;16; ; ;17
2017-04-15;18;0,57;15; ;0,67;15;17; ; ;17
2017-04-15;19;0,56;17; ;0,67;20;16; ; ;17
2017-04-15;20;0,58;16; ;0,67;17;16; ; ;16
2017-04-15;21;0,59;20; ;0,67;22;16; ; ;16
2017-04-15;22;0,61;21; ;0,67;22;16; ; ;16
2017-04-15;23;0,6;21; ;0,72;22;16; ; ;16
2017-04-15;24;0,61;19; ;0,78;25;17; ; ;17
2017-04-16;1;0,62;16; ;0,84;24;17; ; ;18
2017-04-16;2;0,62;16; ;0,89;24;17; ; ;19
2017-04-16;3;0,62;13; ;0,91;20;18; ; ;20
2017-04-16;4;0,6;6; ;0,92;15;18; ; ;20
2017-04-16;5;0,58;8; ;0,9;12;19; ; ;20
2017-04-16;6;0,56;7; ;0,87;14;19; ; ;20
2017-04-16;7;0,54;7; ;0,82;15; ; ; ;20
2017-04-16;8;0,52;6; ;0,74;16; ; ; ;19
2017-04-16;9;0,49;6; ;0,68;13; ; ; ;19
2017-04-16;10;0,49;8; ;0,61;12; ; ; ;19
2017-04-16;11;0,49;8; ;0,58;13; ; ; ;19
2017-04-16;12;0,5;7; ;0,57;13; ; ; ;19
2017-04-16;13;0,51;9; ;0,59;17; ; ; ;19
2017-04-16;14;0,53;11; ;0,6;16; ; ; ;20
2017-04-16;15;0,54;8; ;0,61;15; ; ; ;21
2017-04-16;16;0,55;11; ;0,61;11; ; ; ;21
2017-04-16;17;0,55;12; ;0,61;14; ; ; ;21
2017-04-16;18;0,55;10; ;0,62;14; ; ; ;21
2017-04-16;19;0,56;11; ;0,63;15; ; ; ;21
2017-04-16;20;0,56;14; ;0,65;17; ; ; ;22
2017-04-16;21;0,57;12; ;0,67;20; ; ; ;21
2017-04-16;22;0,57;15; ;0,69;23; ; ; ;21
2017-04-16;23;0,57;14; ;0,73;22; ; ; ;20
2017-04-16;24;0,57;13; ;0,77;21; ; ; ;19
2017-04-17;1;0,58;12; ;0,79;17; ; ; ;18
2017-04-17;2;0,58;10; ;0,79;13; ; ; ;17
2017-04-17;3;0,57;6; ;0,77;11; ; ; ;17
2017-04-17;4;0,55;6; ;0,73;11; ; ; ;16
2017-04-17;5;0,51;9; ;0,68;13; ; ; ;16
2017-04-17;6;0,5;12; ;0,64;16; ; ; ;16
2017-04-17;7;0,49;18; ;0,63;23; ; ; ;17
2017-04-17;8;0,5;19; ;0,65;28; ; ; ;17
2017-04-17;9;0,56;23; ;0,71;30; ; ; ;17
2017-04-17;10;0,6;25; ;0,82;32; ; ; ;19
2017-04-17;11;0,61;28; ;0,97;36; ; ;15;20
2017-04-17;12;0,64; ; ;1,12;35; ; ;15;21
2017-04-17;13;0,86; ; ;1,23;30; ; ;13;21
2017-04-17;14;0,91;20; ;1,28;25; ; ;12;21
2017-04-17;15; ;20; ;1,31;21; ; ;12;20
2017-04-17;16; ;17; ;1,33;22; ;0,56;12;20
2017-04-17;17; ;18; ;1,32;22; ;0,55;13;20
2017-04-17;18; ;17; ;1,27;22;29;0,55;15;20
2017-04-17;19; ;19; ;1,19;25;29;0,52;11;20
2017-04-17;20; ;20; ;1,08;23;29;0,51;12;19
2017-04-17;21; ;22; ;1;23;28;0,5;11;19
2017-04-17;22; ;22; ;0,97;22;28;0,5;11;20
2017-04-17;23; ;21; ;0,93;22;27;0,5;11;20
2017-04-17;24; ;22; ;0,86;24;27;0,5; ;20
2017-04-18;1; ;23; ;0,82;24;25;0,5; ;21
2017-04-18;2; ;23; ;0,76;23;25; ; ;21
2017-04-18;3; ;22; ;0,68;21;25; ;8;21
2017-04-18;4; ;18; ;0,64;14;25; ;12;21
2017-04-18;5; ;7; ;0,6;9;24; ;12;20
2017-04-18;6; ;9; ;0,56;11;24; ;11;20
2017-04-18;7; ;14; ;0,54;17;24; ;13;19
2017-04-18;8; ;19; ;0,55;23;23;1,71;13;19
2017-04-18;9; ;17; ;0,56;26;22;1,77;16;18
2017-04-18;10; ;19; ;0,59;25;21;1,84;15;16
2017-04-18;11; ;15; ;0,63;23;21;1,97; ;16
2017-04-18;12; ;13; ;0,66;19;20;2,01; ;16
2017-04-18;13; ;18; ;0,74;23;19; ; ;15
2017-04-18;14; ;13; ;0,85;23;18; ;16;13
2017-04-18;15; ;15; ;0,93;22;18; ;16;12
2017-04-18;16; ;17; ;0,99;23;17; ;15;11
2017-04-18;17; ;18; ;1,03;24;17; ;17;10
2017-04-18;18; ;20; ;1,07;24;17; ;18;9
2017-04-18;19; ;24; ;1,1;22;17;1,34;19;8
2017-04-18;20; ;22; ;1,12;25;17;1,35;20;8
2017-04-18;21; ;24; ;1,1;26;17;1,36;19;8
2017-04-18;22; ;21; ;1,03;21;17;1,37;16;8
2017-04-18;23; ;19; ;0,97;22;18;1,41;16;8
2017-04-18;24; ;14; ;0,89;13;18;1,42;17;9
2017-04-19;1; ;14; ;0,81;9;18;1,29;17;10
2017-04-19;2; ;10; ;0,71;6;18;1,15;16;10
2017-04-19;3; ;6; ;0,62;6;18;1;15;10
2017-04-19;4; ;11; ;0,56;9;17;0,86;15;10
2017-04-19;5; ;16; ;0,5;8;18;0,71;13;10
2017-04-19;6; ;9; ;0,46;11;18;0,57;11;11
2017-04-19;7; ;12; ;0,43;14;18;0,42;11;11
2017-04-19;8; ;17; ;0,45;21;18;0,28;11;12
2017-04-19;9; ;18; ;0,48;19;18;0,27;11;12
2017-04-19;10; ;19; ;0,53;20;18;0,27;12;14
2017-04-19;11; ;17; ;0,6;23;18;0,28;13;14
2017-04-19;12; ;17; ;0,7;21;18;0,28;14;13
2017-04-19;13; ;15; ;0,78;19;18;0,28;12;14
2017-04-19;14; ;15; ;0,86;19;18;0,28;11;14
2017-04-19;15; ;17; ;0,94;20;17;0,29;12;15
2017-04-19;16; ;17; ;0,99;20;17;0,29;12;16
2017-04-19;17; ;17; ;1,04;20;18;0,29;11;17
2017-04-19;18; ;15; ;1,06;17;18;0,3;12;18
2017-04-19;19; ;15; ;1,1;17;18;0,31;12;19
2017-04-19;20; ;18; ;1,2;27;19;0,32;13;20
2017-04-19;21; ;18; ;1,26;23;20;0,33;11;20
2017-04-19;22; ;17; ;1,31;21;21;0,33;12;20
2017-04-19;23; ;17; ;1,34;22;22;0,34;9;21
2017-04-19;24; ;16; ;1,34;19;23;0,34;11;22
2017-04-20;1; ;14; ;1,32;16;23;0,34;13;24
2017-04-20;2; ;14; ;1,31;17;24;0,33;13;25
2017-04-20;3; ;14; ;1,26;16;25;0,32; ;26
2017-04-20;4; ;13; ;1,09;16;25;0,32; ;27
2017-04-20;5; ;12; ;0,97;14;26; ; ;28
2017-04-20;6; ;11; ;0,88;14;26; ; ;28
2017-04-20;7; ;14; ;0,79;17;27; ; ;29
2017-04-20;8; ;17; ;0,79;22;27; ; ;29
2017-04-20;9; ;18; ;0,83;23;27; ; ;29
2017-04-20;10; ;17; ;0,82;24;27; ; ;28
2017-04-20;11; ;17; ;0,83;23;28; ; ;27
2017-04-20;12; ;17; ;0,93; ;28; ; ;27
2017-04-20;13; ;20; ;0,99;26;28; ;14;26
2017-04-20;14; ;18; ;1,09;29;29; ;13;26
2017-04-20;15; ;18; ;1,21;34;30; ;14;26
2017-04-20;16; ;20; ;1,2;31;30; ;13;25
2017-04-20;17; ;22; ;1,21;31;30; ;17;26
2017-04-20;18; ;28; ;1,23;44;31;0,27;21;27
2017-04-20;19; ;31; ;1,18;49;32;0,28;26;28
2017-04-20;20; ;29; ;1,21;42;32;0,3;28;31
2017-04-20;21; ;29; ;1,29;37;34;0,32;22;31
2017-04-20;22; ;27; ;1,43;35;40;0,33;16;31
2017-04-20;23; ;25; ;1,4;31;41;0,34;16;32
2017-04-20;24; ;24; ;1,36;28;41;0,34;17;32
2017-04-21;1; ;22; ;1,33;23;41;0,35;22;31
2017-04-21;2; ;21; ;1,29;23;41;0,34;20;32
2017-04-21;3; ;20; ;1,29;22;41;0,33;22;31
2017-04-21;4; ;19; ;1,22;21;41;0,3;20;30
2017-04-21;5; ;14; ;1,1;16;41;0,28;20;30
2017-04-21;6; ;13; ;0,9;16;41;0,26;17;30
2017-04-21;7; ;18; ;0,85;21;40;0,25;14;30
2017-04-21;8; ;21; ;0,89;23;40;0,24;13;30
2017-04-21;9; ;22; ;0,91;25;40;0,24;14;30
2017-04-21;10; ;22; ;0,94;26;40;0,24;14;31
2017-04-21;11; ;20; ;0,98;26;40;0,24;16;33
2017-04-21;12; ;17; ;1,03;24;40;0,24;17;33
2017-04-21;13; ;16; ;1,07;24;41;0,24;16;34
2017-04-21;14; ;16; ;1,11;23;40;0,24;15;35
2017-04-21;15; ;15; ;1,15;24;40;0,23;15;36
2017-04-21;16; ;15; ;1,14;22;40;0,23;15;37
2017-04-21;17; ;19; ;1,12;23;41;0,21;15;37
2017-04-21;18; ;19; ;1,1;25;40;0,2;16;36
2017-04-21;19; ;21; ;1,09;26;39;0,19;20;35
2017-04-21;20; ;22; ;1,07;26;39;0,19;23;33
2017-04-21;21; ;21; ;1,09;29;37;0,19;24;34
2017-04-21;22; ;20; ;1,12;26;32;0,18;21;34
2017-04-21;23; ;19; ;1,13;25;31;0,18;20;33
2017-04-21;24; ;20; ;1,16;23;31;0,18;23;32
2017-04-22;1; ;19; ;1,18;24;32;0,19;24;32
2017-04-22;2; ;18; ;1,19;21;32;0,21;24;31
2017-04-22;3; ;17; ;1,17;20;32;0,23;23;31
2017-04-22;4; ;16; ;1,15;20;32;0,24;22;32
2017-04-22;5; ;17; ;1,1;19;32;0,26;21;32
2017-04-22;6; ;17; ;1,05;20;32;0,27;20;33
2017-04-22;7; ;20; ;1,02;23;32;0,29;17;33
2017-04-22;8; ;21; ;1,04;27;32;0,31;15;33
2017-04-22;9; ;25; ;1,03;26;33;0,32;18;34
2017-04-22;10; ;24; ;1;27;33;0,32;19;34
2017-04-22;11; ;19; ;0,99;19;33;0,32;19;33
2017-04-22;12; ;15; ;0,96;17;32;0,32;18;33
2017-04-22;13; ;15; ;0,94;13;32;0,32;16;33
2017-04-22;14; ;16; ;0,93;13;31;0,32;18;33
2017-04-22;15; ;20; ;0,9;23;30;0,32;19;32
2017-04-22;16; ;21; ;0,84;23;30;0,32;21;31
2017-04-22;17; ;19; ;0,8;19;29;0,31;23;31
2017-04-22;18; ;22; ;0,78;19;29;0,31;22;30
2017-04-22;19; ;23; ;0,79;24;28;0,31;22;30
2017-04-22;20; ;24; ;0,83;26;28;0,32;22;30
2017-04-22;21; ;24; ;0,89;27;26;0,33;21;29
2017-04-22;22; ;24; ;0,95;27;25;0,35;23;29
2017-04-22;23; ;25; ;0,97;22;24;0,37;24;30
2017-04-22;24; ;30; ;0,98;20;24;0,38;21;30
2017-04-23;1; ;23; ;1,01;23;23;0,38;19;30
2017-04-23;2; ;21; ;1,07;28;23;0,37;21;29
2017-04-23;3; ;21; ;1,13;27;23;0,36;23;29
2017-04-23;4; ;20; ;1,13;25;22;0,35;25;28
2017-04-23;5; ;20; ;1,11;26;22;0,33;27;28
2017-04-23;6; ;21; ;1,07;26;22;0,3;22;28
2017-04-23;7; ;25; ;1,05;21;21;0,27;24;27
2017-04-23;8; ;25; ;1,03;19;20;0,25;24;26
2017-04-23;9; ;18; ;1,01;17;19;0,24;23;25
2017-04-23;10; ;12; ;0,94;12;18;0,23;24;24
2017-04-23;11; ;9; ;0,85;7;18;0,22;19;24
2017-04-23;12; ;10; ;0,8;7;17;0,21;17;24
2017-04-23;13; ;10; ;0,76;6;17;0,21;17;24
2017-04-23;14; ;10; ;0,73;9;17;0,2;18;25
2017-04-23;15; ;11; ;0,71;9;17;0,2;21;25
2017-04-23;16; ;11; ;0,68;9;16;0,19;17;25
2017-04-23;17; ;12; ;0,66;9;15;0,19;19;24
2017-04-23;18; ;18; ;0,66;19;15;0,19;19;24
2017-04-23;19; ;25; ;0,71;26;15;0,2;26;25
2017-04-23;20; ;23; ;0,78;28;15;0,21;26;24
2017-04-23;21; ;26; ;0,84;28;14;0,21;24;23
2017-04-23;22; ;25; ;0,88;24;14;0,22;25;23
2017-04-23;23; ;22; ;0,9;18;13;0,22;22;21
2017-04-23;24; ;16; ;0,9;15;12;0,22;21;20
2017-04-24;1; ;11; ;0,9;14;12;0,23;21;19
2017-04-24;2; ;12; ;0,89;12;11;0,24;18;18
2017-04-24;3; ;10; ;0,84;16;11;0,25;17;18
2017-04-24;4; ;16; ;0,78;18;11;0,25;21;18
2017-04-24;5; ;17; ;0,72;18;10;0,26;18;17
2017-04-24;6; ;14; ;0,68;12;10;0,26;16;17
2017-04-24;7; ;16; ;0,68;16;10;0,28;17;17
2017-04-24;8; ;19; ;0,68;20;11;0,29;18;18
2017-04-24;9; ;19; ;0,71;20;11;0,3;17;19
2017-04-24;10; ;17; ;0,74;19;12;0,31;17;19
2017-04-24;11; ;13; ;0,76;16;12;0,31;18;19
2017-04-24;12; ;13; ;0,78;20;13;0,32;17;20
2017-04-24;13; ;13; ;0,81;22;13;0,32;17;19
2017-04-24;14; ;13; ;0,85;24;14;0,33;16;19
2017-04-24;15; ;17; ;0,88;27;15;0,33;17;19
2017-04-24;16; ;17; ;0,92;27;16;0,33;19;19
2017-04-24;17; ;22; ;0,97;32;18;0,33;20;19
2017-04-24;18; ;24; ;1,09;37;19;0,33;25;20
2017-04-24;19; ;31; ;1,28;39;22;0,34;26;20
2017-04-24;20; ;35; ;1,37;33;23;0,35;27;22
2017-04-24;21; ;32; ;1,41;30;24;0,35;25;23
2017-04-24;22; ;33; ;1,47;36;24;0,36;21;23
2017-04-24;23; ;32; ;1,54;34;26;0,37;19;24
2017-04-24;24; ;32; ;1,57;33;27;0,38;20;26
2017-04-25;1; ;30; ;1,57;30;28;0,37;18;28
2017-04-25;2; ;27; ;1,47;26;29;0,36;17;28
2017-04-25;3; ;26; ;1,33;28;30;0,35;16;29
2017-04-25;4; ;23; ;1,31;29;31;0,34;17;30
2017-04-25;5; ;23; ;1,32;28;33;0,34;16;31
2017-04-25;6; ;24; ;1,29;25;34;0,35;15;32
2017-04-25;7; ;24; ;1,27;25;36;0,34;14;33
2017-04-25;8; ;22; ;1,28;24;36;0,32;14; 
2017-04-25;9; ;18; ;1,25;18;36;0,32;15; 
2017-04-25;10; ;19; ;1,25;25;37;0,31;17; 
2017-04-25;11; ;24; ;1,27;25;38;0,32;19; 
2017-04-25;12; ;21; ;1,27;21;39;0,32; ; 
2017-04-25;13; ;18; ;1,33;25;39;0,32; ; 
2017-04-25;14; ;21; ;1,44;29;40;0,34;18; 
2017-04-25;15; ;22; ;1,54;33;40;0,38;16; 
2017-04-25;16; ;21; ;1,56;26;40;0,43;18; 
2017-04-25;17; ;17; ;1,6;26;39;0,47;19; 
2017-04-25;18; ;19; ;1,65;28;37;0,5;14; 
2017-04-25;19; ;21; ;1,67;29;35;0,5;16; 
2017-04-25;20; ;20; ;1,72;33;33;0,49;16; 
2017-04-25;21; ;20; ;1,66;26;33;0,5;16; 
2017-04-25;22; ;18; ;1,54;22;32;0,49;15; 
2017-04-25;23; ;16; ;1,42;22;31;0,47;15; 
2017-04-25;24; ;12; ;1,35;17;30;0,45;15; 
2017-04-26;1; ;7; ;1,27;11;29;0,44;14; 
2017-04-26;2; ;5; ;1,17;10;27;0,44;10; 
2017-04-26;3; ;4; ;1,05;9;26;0,43;10; 
2017-04-26;4; ;4; ;0,9;6;25;0,42;9; 
2017-04-26;5; ;5; ;0,81;6;23;0,41;10; 
2017-04-26;6; ;7; ;0,75;9;21;0,41;8; 
2017-04-26;7; ;10; ;0,7;13;20;0,42;8; 
2017-04-26;8; ;14; ;0,7;18;19;0,42;7; 
2017-04-26;9; ;16; ;0,74;19;19;0,44;7; 
2017-04-26;10; ;14; ;0,78;17;18;0,45;6; 
2017-04-26;11; ;14; ;0,81;16;17;0,46;9;10
2017-04-26;12; ;13; ;0,86;16;16;0,47;7;11
2017-04-26;13; ;12; ;0,91;18;16;0,46;5;12
2017-04-26;14; ;12; ;0,95;19;15;0,45;6;11
2017-04-26;15; ;14; ;0,97;19;15;0,44;6;12
2017-04-26;16; ;13; ;0,96;17;14;0,42;7;12
2017-04-26;17; ;15; ;0,96;23;15;0,39;8;13
2017-04-26;18; ;17; ;0,96;20;15;0,37;9;13
2017-04-26;19; ;18; ;0,97;22;16;0,36;11;14
2017-04-26;20; ;20; ;0,97;24;16;0,36;12;14
2017-04-26;21; ;22; ;0,96;25;16;0,38;13;15
2017-04-26;22; ;21; ;0,95;23;16;0,39;14;16
2017-04-26;23; ;21; ;0,95;23;17;0,41;14;16
2017-04-26;24; ;19; ;0,96;24;17;0,42;13;16
2017-04-27;1; ;15; ;0,95;20;18;0,43;15;16
2017-04-27;2; ;12; ;0,93;13;19;0,44;14;16
2017-04-27;3; ;11; ;0,9;14;19;0,44;13;17
2017-04-27;4; ;10; ;0,87;13;20;0,43;14;17
2017-04-27;5; ;9; ;0,84;12;20;0,42;13;17
2017-04-27;6; ;13; ;0,82;15;20;0,42;13;17
2017-04-27;7; ;18; ;0,82;21;20;0,45;16;17
2017-04-27;8; ;22; ;0,86;25;20;0,52;19;18
2017-04-27;9; ;25; ;0,93;27;21;0,6;20;19
2017-04-27;10; ;24; ;1,01;33;21;0,68;20;20
2017-04-27;11; ;25; ;1,07;31;23;0,74;19;21
2017-04-27;12; ;22; ;1,11;24;24;0,78;18;22
2017-04-27;13; ;21; ;1,15;24;25;0,81;18;23
2017-04-27;14; ;19; ;1,18;24;25;0,83;18;24
2017-04-27;15; ;19; ;1,18;22;25;0,82;16;24
2017-04-27;16; ;19; ;1,15;26;25;0,77;17;25
2017-04-27;17; ;19; ;1,09;27;26;0,7;19;25
2017-04-27;18; ;24; ;1,07;30;26;0,65;21;26
2017-04-27;19; ;29; ;1,09;35;28;0,66;27;26
2017-04-27;20; ;29; ;1,11;33;29;0,7;30;27
2017-04-27;21; ;28; ;1,12;33;30;0,72;30;28
2017-04-27;22; ;28; ;1,13;31;30;0,72;25;28
2017-04-27;23; ;27; ;1,12;28;30;0,73;22;28
2017-04-27;24; ;25; ;1,11;26;30;0,73;20;28
2017-04-28;1; ;22; ;1,08;25;29;0,73;20;29
2017-04-28;2; ;16; ;1,02;19;30;0,71;19;29
2017-04-28;3; ;13; ;0,93;15;30;0,65;20;29
2017-04-28;4; ;11; ;0,85;11;30;0,58;19;30
2017-04-28;5; ;13; ;0,79;13;30;0,53;19;30
2017-04-28;6; ;19; ;0,75;18;30;0,51;19;30
2017-04-28;7; ;20; ;0,72;20;30;0,51;20;30
2017-04-28;8; ;23; ;0,73;23;30;0,54;24;31
2017-04-28;9; ;24; ;0,76;25;30;0,56;23;31
2017-04-28;10; ;23; ;0,82;25;30;0,6;24;31
2017-04-28;11; ;22; ;0,87;25;29;0,64;24;31
2017-04-28;12; ;22; ;0,93;27;29;0,68;24;31
2017-04-28;13; ;22; ;1;29;29;0,71;23;31
2017-04-28;14; ;22; ;1,05;28;29;0,73;22;31
2017-04-28;15; ;25; ;1,08;29;29;0,75;24;31
2017-04-28;16; ;29; ;1,09;33;29;0,76;29;32
2017-04-28;17; ;32; ;1,08;36;29;0,78;33;33
2017-04-28;18; ;35; ;1,06;34;26;0,82;38;34
2017-04-28;19; ;34; ;1,06;35;23;0,89;37;35
2017-04-28;20; ;35; ;1,06;35;22;0,97;37;36
2017-04-28;21; ;32; ;1,05;36;20;1,03;33;36
2017-04-28;22; ;31; ;1,05;36;20;1,08;32;36
2017-04-28;23; ;30; ;1,05;32;20;1,1;29;37
2017-04-28;24; ;26; ;1,06;31;21;1,1;27;37
2017-04-29;1; ;23; ;1,08;27;22;1,07;24;38
2017-04-29;2; ;23; ;1,1;26;22;1,02;23;38
2017-04-29;3; ;24; ;1,11;25;22;0,93;21;39
2017-04-29;4; ;22; ;1,11;23;23;0,83;21;39
2017-04-29;5; ;20; ;1,08;19;23;0,76;20;39
2017-04-29;6;0,86;18; ;1,05;20;23;0,7;18;40
2017-04-29;7;0,87;19; ;1,05;21;23;0,67;19;40
2017-04-29;8;0,89;21; ;1,06;23;23;0,67;19;40
2017-04-29;9;0,89;21; ;1,08;25;24;0,7;19;40
2017-04-29;10;0,9;24;27;1,1;29;23;0,71;21;39
2017-04-29;11;0,91;29;27;1,12;32;24;0,74;20;39
2017-04-29;12;0,94;29;29;1,13;30;26;0,77;23;40
2017-04-29;13;0,97;26;30;1,15;27;27;0,81;29;42
2017-04-29;14;1,01;27;31;1,17;22;28;0,85;30;44
2017-04-29;15;1,01;24;32;1,15;15;29;0,86;29;44
2017-04-29;16;0,99;16;32;1,11;11;29;0,82;25;44
2017-04-29;17;0,97;20;33;1,06;19;28;0,79;23;43
2017-04-29;18;0,97;25;33;1;18;29;0,78;24;42
2017-04-29;19;0,97;27;33;0,97;24;30;0,81;26;41
2017-04-29;20;1,02;29;34;0,96;25;30;0,85;26;41
2017-04-29;21;1,05;28;34;0,95;26;30;0,87;24;40
2017-04-29;22;1,08;28;34;0,95;27;29;0,86;23;40
2017-04-29;23;1,08;23;33;0,95;21;29;0,85;23;40
2017-04-29;24;1,09;23;33;0,97;22;28;0,86;22;39
2017-04-30;1;1,1;26;33;0,97;20;28;0,87;20;39
2017-04-30;2;1,09;26;33;0,96;15;27;0,86;19;38
2017-04-30;3;1,05;21;32;0,92;14;27;0,81;19;38
2017-04-30;4;0,97;19;32;0,89;14;26;0,74;17;38
2017-04-30;5;0,89;18;31;0,86;16;26;0,68;17;38
2017-04-30;6;0,85;18;30;0,84;18;25;0,65;18;37
2017-04-30;7;0,84;21;30;0,84;20;25;0,64;19;37
2017-04-30;8;0,83;22;29;0,83;19;25;0,65;21;36
2017-04-30;9;0,82;20;29;0,82;16;24;0,64;20;36
2017-04-30;10;0,8;18;28;0,83;16;23;0,63;19;35
2017-04-30;11;0,81;16;28;0,84;17;21;0,62;16;33
2017-04-30;12;0,81;16;26;0,85;16;19;0,62;16;32
2017-05-01;1;1,3;27;29;0,98;19;14;1,33;29;27
2017-05-01;2;1,28;24;29;0,97;17;14;1,27;24;28
2017-05-01;3;1,21;21;29;0,93;16;14;1,12;22;28
2017-05-01;4;1,09;24;29;0,9;13;14;0,97;20;27
2017-05-01;5;1,05;25;29;0,88;13;15;0,87;18;27
2017-05-01;6;0,99;23;29;0,86;17;15;0,74;19;27
2017-05-01;7;0,9;19;29;0,87;19;15;0,62;20;27
2017-05-01;8;0,81;20;29;0,89;21;15;0,52;23;28
2017-05-01;9;0,78;20;30;0,91;16;15;0,49;23;28
2017-05-01;10;0,76;16;30;0,89;10;16;0,47;21;29
2017-05-01;11;0,76;12;29;0,88;8;16;0,46;19;28
2017-05-01;12;0,76;13;29;0,87;7;15;0,46;19;28
2017-05-01;13;0,76;15;29;0,87;10;15;0,47;20;28
2017-05-01;14;0,8;14;28;0,86;10;15;0,48;20;28
2017-05-01;15;0,83;12;28;0,83;7;14;0,48;23;28
2017-05-01;16;0,86;12;27;0,79;9;14;0,49;25;28
2017-05-01;17;0,88;15;26;0,77;14;14;0,51;26;28
2017-05-01;18;0,91;22;26;0,83;30;14;0,53;24;29
2017-05-01;19;0,98;32;24;0,93;34;15;0,59;25;28
2017-05-01;20;1,16;35;22;1,04;38;14;0,67;24;27
2017-05-01;21;1,3;38;23;1,15;37;14;0,72;23;26
2017-05-01;22;1,32;33;24;1,19;30;15;0,74;22;26
2017-05-01;23;1,31;22;24;1,21;23;15;0,74;17;25
2017-05-01;24;1,31;19;23;1,21;16;15;0,72;16;24
2017-05-02;1;1,28;15;23;1,19;24;15;0,71;15;23
2017-05-02;2;1,24;15;22;1,12;21;14;0,7;16;22
2017-05-02;3;1,15;10;22;1,01;21;14;0,64;15;22
2017-05-02;4;0,95;8;21;0,89;19;14;0,57;16;22
2017-05-02;5;0,75;10;21;0,76;19;14;0,52;16;22
2017-05-02;6;0,67;11;21;0,7;14;14;0,48;14;21
2017-05-02;7;0,64;16;21;0,68;12;14;0,49;16;21
2017-05-02;8;0,65;20;21;0,69;17;13;0,52;18;21
2017-05-02;9;0,68;20;21;0,7;16;13;0,55;18;21
2017-05-02;10;0,72;18;21;0,72;14;14;0,58;19;22
2017-05-02;11;0,77;18;21;0,73;14;14;0,62;21;23
2017-05-02;12;0,81;16;22;0,76;19;15;0,65;21;24
2017-05-02;13;0,87;19;22;0,8;22;16;0,69;21;24
2017-05-02;14;0,92;19;22;0,83;32;16;0,71;18;24
2017-05-02;15;0,96;19;22;0,87;32;18;0,71;18;25
2017-05-02;16;0,99;24;22;0,95;33;19;0,7;20;25
2017-05-02;17;1;28;23;1,1;36;20;0,68;22;25
2017-05-02;18;1,03;34;23;1,27;38;21;0,65;21;25
2017-05-02;19;1,11;36;24;1,42;39;22;0,63;21;25
2017-05-02;20;1,18;36;24;1,52;36;22;0,62;21;24
2017-05-02;21;1,22;33;22;1,58;31;23;0,61;19;25
2017-05-02;22;1,24;31;22;1,61;29;23;0,62;19;25
2017-05-02;23;1,24;32;21;1,65;31;23;0,61;18;26
2017-05-02;24;1,24;31;21;1,62;31;24;0,6;17;26
2017-05-03;1;1,27;29;21;1,56;32;25;0,6;17;26
2017-05-03;2;1,27;27;22;1,45;30;26;0,63;18;26
2017-05-03;3;1,2;25;23;1,33;27;26;0,67;16;28
2017-05-03;4;1,13;23;23;1,26;27;27;0,68;15;30
2017-05-03;5;1,07;23;24;1,22;27;28;0,7;14;31
2017-05-03;6;1,05;24;25;1,27;31;30;0,73;14;33
2017-05-03;7;1,09;27;26;1,36;41;32;0,78;16;35
2017-05-03;8;1,18;33;27;1,46;42;34;0,92;19;38
2017-05-03;9;1,27;33;29;1,54;40;36;1,07;21;40
2017-05-03;10;1,39;42;31;1,78;55;41;1,23;31;42
2017-05-03;11;1,44;45;33;1,99;58;49;1,27;26;42
2017-05-03;12;1,54;28;35;2,19;53;54;1,25;17;42
2017-05-03;13;1,51; ;35;2,33;46;57;1,22;15;42
2017-05-03;14;1,52; ;36;2,39;44;60;1,18;19;42
2017-05-03;15;1,48;23;36;2,42;49;62;1,14;24;42
2017-05-03;16;1,35;29;36;2,36;41;64;1,02;25;43
2017-05-03;17;1,19;27;37;2,3;40;65;0,88;22;43
2017-05-03;18;0,99;26;37;2,08;42;66;0,71;23;42
2017-05-03;19;1;34;36;1,95;41;66;0,67;25;43
2017-05-03;20;1,02;34;36;1,79;38;65;0,66;23;43
2017-05-03;21;1,05;33;36;1,65;35;65;0,66;20;43
2017-05-03;22;1,04;29;36;1,51;24;66;0,65;18;43
2017-05-03;23;1,01;25;36;1,38;22;66;0,63;17;43
2017-05-03;24;0,98;23;36;1,29;13;66;0,59;16;44
2017-05-04;1;0,94;11;35;1,18;12;65;0,58;14;44
2017-05-04;2;0,9;7;35;1,08;12;64;0,55;14;43
2017-05-04;3;0,84;8;35;0,96;12;64;0,51;14;42
2017-05-04;4;0,78;8;35;0,88;12;64;0,49;15;41
2017-05-04;5;0,73;6;35;0,82;10;63;0,48;15;41
2017-05-04;6;0,69;8;34;0,8;16;62;0,49;14;40
2017-05-04;7;0,68;15;34;0,8;28;61;0,52;18;39
2017-05-04;8;0,7;25;33;0,84;35;60;0,56;18;37
2017-05-04;9;0,75;30;31;0,89;32;59;0,59;20;35
2017-05-04;10;0,8;24;30;0,92;30;54;0,62;22;33
2017-05-04;11;0,86;20;27;0,95;25;46;0,65;30;32
2017-05-04;12;0,93;20;26;0,98;21;42;0,67; ;31
2017-05-04;13;1;23;25;1,02;24;39;0,72; ;31
2017-05-04;14;1,06;23;25;1,04;24;37;0,75;29;31
2017-05-04;15;1,1;17;25;1,03;21;34;0,74;33;32
2017-05-04;16;1,11;20;25;1;19;32;0,72;27;31
2017-05-04;17;1,12;22;24;0,98;26;30;0,72;31;31
2017-05-04;18;1,15;27;24;0,99;31;28;0,76;34;32
2017-05-04;19;1,21;32;25;1,07;39;29;0,79;34;35
2017-05-04;20;1,29;34;26;1,15;43;30;0,81;34;36
2017-05-04;21;1,37;34;26;1,22;42;32;0,83;30;38
2017-05-04;22;1,45;33;27;1,26;42;32;0,85;30;38
2017-05-04;23;1,57;33;28;1,3;37;33;0,88;29;38
2017-05-04;24;1,67;31;30;1,35;34;33;0,91;29;38
2017-05-05;1;1,68;26;30;1,34;27;33;0,9;25;39
2017-05-05;2;1,66;21;30;1,3;16;33;0,85;27;39
2017-05-05;3;1,56;15;30;1,2;13;33;0,79;29;38
2017-05-05;4;1,43;13;30;1,09;9;33;0,72;28;38
2017-05-05;5;1,3;12;30;0,98;9;33;0,66;25;38
2017-05-05;6;1,16;15;30;0,9;11;33;0,62;24;38
2017-05-05;7;1,03;21;30;0,84;19;32;0,59;30;38
2017-05-05;8;0,95;24;30;0,77;23;31;0,59;33;38
2017-05-05;9;0,95;23;30;0,77;21;30;0,62;31;39
2017-05-05;10;0,94;20;30;0,78;17;31;0,65;28;40
2017-05-05;11;0,96;20;30;0,8;20;30;0,7;33;41
2017-05-05;12;1,01;27;31;0,87;29;30;0,75;31;41
2017-05-05;13;1,07;31;31;0,93;30;33;0,79;28;42
2017-05-05;14;1,12;26;32;0,99;29;34;0,82;26;42
2017-05-05;15;1,15;19;32;1,01;22;35;0,81;24;42
2017-05-05;16;1,02;16;32;1,05;27;36;0,76;24;42
2017-05-05;17;0,9;19;32;1,09;33;37;0,72;30;43
2017-05-05;18;0,83;24;32;1,2;38;38;0,7;34;42
2017-05-05;19;0,8;31;32;1,38;39;38;0,68;30;44
2017-05-05;20;0,77;33;31;1,43;36;37;0,66;27;44
2017-05-05;21;0,71;30;31;1,45;33;36;0,65;31;42
2017-05-05;22;0,72;30;30;1,48;31;35;0,63;30;41
2017-05-05;23;0,7;25;30;1,52;26;35;0,63;26;41
2017-05-05;24;0,71;17;28;1,57;23;34;0,63;23;40
2017-05-06;1;0,69;12;28;1,53;19;34;0,62;22;40
2017-05-06;2;0,66;11;27;1,4;15;34;0,61;17;39
2017-05-06;3;0,59;10;26;1,2;12;33;0,58;15;40
2017-05-06;4;0,5;10;26;1,08;14;33;0,56;16;39
2017-05-06;5;0,42;8;26;0,99;8;32;0,53;22;38
2017-05-06;6;0,35;8;25;0,9;8;32;0,52;21;37
2017-05-06;7;0,31;10;25;0,83;9;32;0,5;20;37
2017-05-06;8;0,28;12;24;0,72;16;32;0,48;17;36
2017-05-06;9;0,28;13;24;0,7;18;32;0,48;17;35
2017-05-06;10;0,29;13;23;0,7;17;32;0,48;18;34
2017-05-06;11;0,31;11;23;0,7;14;32;0,48;17;33
2017-05-06;12;0,34;12;22;0,71;11;32;0,48;17;33
2017-05-06;13;0,36;11;21;0,73;13;28;0,49;18;32
2017-05-06;14;0,39;10;20;0,74;12;26;0,5;17;30
2017-05-06;15;0,41;13;19;0,77;15;25;0,51;17;29
2017-05-06;16;0,43;18;19;0,82;17;24;0,51;19;29
2017-05-06;17;0,44;15;19;0,84;19;23;0,51;19;29
2017-05-06;18;0,44;14;19;0,84;14;22;0,5;21;28
2017-05-06;19;0,44;18;19;0,85;18;21;0,5;22;24
2017-05-06;20;0,44;19;18;0,86;18;20;0,51;19;22
2017-05-06;21;0,44;14;18;0,86;12;20;0,5;17;22
2017-05-06;22;0,43;17;18;0,86;11;19;0,5;14;23
2017-05-06;23;0,43;12;17;0,83;7;19;0,49;13;22
2017-05-06;24;0,42;11;17;0,8;14;19;0,48;13;22
2017-05-07;1;0,42;9;17;0,77;9;18;0,47;10;22
2017-05-07;2;0,4;8;17;0,76;14;18;0,46;9;22
2017-05-07;3;0,38;8;17;0,74;11;18;0,45;9;22
2017-05-07;4;0,35;7;17;0,72;10;19;0,44;8;22
2017-05-07;5;0,32;7;17;0,7;10;19;0,43;9;22
2017-05-07;6;0,3;6;17;0,69;12;19;0,43;9;22
2017-05-07;7;0,28;6;17;0,69;15;19;0,43;11;22
2017-05-07;8;0,27;7;17;0,68;13;19;0,43;13;22
2017-05-07;9;0,25;7;17;0,67;13;18;0,44;11;21
2017-05-07;10;0,25;7;17;0,67;11;18;0,44;8;20
2017-05-07;11;0,25;7;16;0,68;12;17;0,45;14;20
2017-05-07;12;0,26;6;16;0,69;15;16;0,45;13;19
2017-05-07;13;0,29;10;16;0,71;18;16;0,47;16;20
2017-05-07;14;0,34;12;16;0,73;15;18;0,5;17;25
2017-05-07;15;0,38;12;16;0,75;16;20;0,53;19;27
2017-05-07;16;0,43;17;16;0,8;18;20;0,55;17;28
2017-05-07;17;0,51;20;16;0,89;21;20;0,58;17;26
2017-05-07;18;0,61;20;17;0,98;22;20;0,61;20;25
2017-05-07;19;0,7;19;17;1,08;23;20;0,65;20;25
2017-05-07;20;0,81;20;17;1,22;24;20;0,7;19;26
2017-05-07;21;0,91;21;17;1,3;23;19;0,73;20;26
2017-05-07;22;0,96;20;16;1,39;23;19;0,75;19;26
2017-05-07;23;1,02;21;16;1,45;23;19;0,75;19;26
2017-05-07;24;1;17;16;1,47;21;19;0,75;22;26
2017-05-08;1;0,95;15;16;1,41;17;19;0,74;23;26
2017-05-08;2;0,87;17;16;1,36;21;19;0,73;24;26
2017-05-08;3;0,79;19;17;1,28;20;18;0,7;25;25
2017-05-08;4;0,67;14;17;1,15;11;18;0,65;13;25
2017-05-08;5;0,54;15; ;1,06;16;18;0,6;22;25
2017-05-08;6;0,46;17; ;1;21;18;0,57;25;25
2017-05-08;7;0,41;19; ;0,97;24;18;0,57;21;25
2017-05-08;8;0,49;21; ;1,04;33;19;0,59;19;25
2017-05-08;9;0,59;23; ;1,13;31;20;0,64;21;27
2017-05-08;10;0,71;24; ;1,25;34;21;0,72;22;28
2017-05-08;11;0,77;22; ;1,38;33;23;0,77;19;29
2017-05-08;12;0,81;17; ;1,48;25;24;0,79;19;29
2017-05-08;13;0,84;14; ;1,6;23;25;0,8;19;28
2017-05-08;14;0,86;12; ;1,65;20;24;0,81;19;24
2017-05-08;15;0,84;12; ;1,71;21;22;0,78;19;21
2017-05-08;16;0,76;13; ;1,73;20;21;0,75;19;19
2017-05-08;17;0,67;13; ;1,75;21;21;0,68;18;19
2017-05-08;18;0,55;14; ;1,72;23;21;0,59;19;19
2017-05-08;19;0,51;15; ;1,72;22;21;0,54;20;18
2017-05-08;20;0,5;15; ;1,7;22;21;0,52;18;16
2017-05-08;21;0,5;17; ;1,65;22;21;0,51;19;16
2017-05-08;22;0,48;15; ;1,62;22;21;0,5;23;15
2017-05-08;23;0,47;14; ;1,55;20;22;0,49;21;15
2017-05-08;24;0,44;12;19;1,44;18;22;0,47;16;15
2017-05-09;1;0,4;10;19;1,31;16;22;0,46;12;15
2017-05-09;2;0,37;8;19;1,19;13;23;0,44;16;15
2017-05-09;3;0,32;8;19;1,04;13;23;0,43;8;16
2017-05-09;4;0,27;6;19;0,95;13;23;0,41;7;16
2017-05-09;5;0,22;7;19;0,88;14;24;0,4;11;16
2017-05-09;6;0,19;11;19;0,83;17;24;0,39;21;16
2017-05-09;7;0,19;16;20;0,81;22;24;0,39;21;16
2017-05-09;8;0,23;19;20;0,86;26;24;0,41;17;16
2017-05-09;9;0,32;21;20;0,96;33;24;0,45;17;16
2017-05-09;10;0,39;24;20;1,09;34;24;0,5;19;15
2017-05-09;11;0,44;23;19;1,17;32;24;0,54;22;14
2017-05-09;12;0,49;19;20;1,27;29;24;0,57;22;15
2017-05-09;13;0,53;17;21;1,46;35;25;0,57;18;15
2017-05-09;14;0,56;14;21;1,56;26;25;0,57;13;14
2017-05-09;15;0,57;13;21;1,62;25;27;0,55;14;15
2017-05-09;16;0,53;16;21;1,67;29;28;0,51;12;15
2017-05-09;17;0,47;16;21;1,66;29;33;0,46;17;16
2017-05-09;18;0,44;22;22;1,7;32;35;0,41;22;16
2017-05-09;19;0,47;26;22;1,82;34;36;0,38;31;17
2017-05-09;20;0,53;26;23;1,88;33;38;0,38;27;18
2017-05-09;21;0,6;25;24;1,83;31;39;0,43;26;19
2017-05-09;22;0,66;25;25;1,86;31;40;0,47;25;19
2017-05-09;23;0,71;24;26;1,89;31;41;0,52;25;20
2017-05-09;24;0,72;21;27;1,82;27;42;0,55;26;21
2017-05-10;1;0,7;13;27;1,74;20;43;0,56;11;22
2017-05-10;2;0,67;10;27;1,6;16;43;0,57;8;22
2017-05-10;3;0,59;7;27;1,4;13;43;0,56;4;22
2017-05-10;4;0,49;6;27;1,24;10;43;0,53;4;22
2017-05-10;5;0,38;8;27;1,1;14;43;0,47;6;22
2017-05-10;6;0,28;11;27;0,99;19;43;0,43;15;21
2017-05-10;7;0,22;20;27;0,89;25;43;0,4;27;21
2017-05-10;8;0,21;26;27;0,9;39;43;0,4;29;21
2017-05-10;9;0,25;27;27;1;41;44;0,43;28;21
2017-05-10;10;0,3;27;27;1,09;36;45;0,46;28;22
2017-05-10;11;0,32;18;27;1,18;33;45;0,47;20;21
2017-05-10;12;0,58; ;27;1,26;24;45;0,49;22;21
2017-05-10;13;0,61; ;27;1,33;26;45;0,5;22;21
2017-05-10;14;0,62;14;27;1,41;26;45;0,51;23;22
2017-05-10;15;0,63;16;27;1,45;24;44;0,51;23;22
2017-05-10;16;0,61;16;27;1,43;23;43;0,49;24;23
2017-05-10;17;0,57;15;27;1,4;31;41;0,47;26;23
2017-05-10;18;0,53;18;27;1,4;30;41;0,46;28;24
2017-05-10;19;0,51;20;26;1,43;34;40;0,46;28;24
2017-05-10;20;0,31;22;26;1,46;26;39;0,46;27;24
2017-05-10;21;0,33;22;24;1,48;30;37;0,46;24;23
2017-05-10;22;0,36;26;23;1,49;31;37;0,46;26;22
2017-05-10;23;0,39;26;22;1,47;25;36;0,45;17;22
2017-05-10;24;0,43;23;21;1,44;26;36;0,44;22;21
2017-05-11;1;0,43;19;20;1,35;15;35;0,43;25;20
2017-05-11;2;0,41;8;20;1,24;13;34;0,41;13;20
2017-05-11;3;0,38;13;19;1,11;11;34;0,39;9;20
2017-05-11;4;0,34;11;19;1;8;34;0,38;6;21
2017-05-11;5;0,3;6;19;0,89;7;34;0,37;5;21
2017-05-11;6;0,25;7;19;0,8;9;34;0,36;17;20
2017-05-11;7;0,21;14;19;0,76;17;34;0,37;23;20
2017-05-11;8;0,19;20;18;0,75;25;33;0,4;29;20
2017-05-11;9;0,2;24;17;0,83;32;33;0,42;29;20
2017-05-11;10;0,22;21;16;0,9;30;32;0,44;26;20
2017-05-11;11;0,25;20;16;0,99;28;33;0,46;25;20
2017-05-11;12;0,29;18;15;1,07;27;32;0,48;25;20
2017-05-11;13;0,32;18;15;1,15;27;31;0,49;28;21
2017-05-11;14;0,36;16;15;1,22;24;31;0,51;25;21
2017-05-11;15;0,38;17;15;1,3;27;32;0,52;28;21
2017-05-11;16;0,38;18;15;1,33;23;31;0,51;25;21
2017-05-11;17;0,38;21;15;1,29;23;29;0,5;25;21
2017-05-11;18;0,39;19;14;1,27;21;28;0,49;26;20
2017-05-11;19;0,4;19;15;1,23;21;28;0,5;26;21
2017-05-11;20;0,41;21;15;1,26;26;28;0,51;27;21
2017-05-11;21;0,42;20;15;1,25;23;27;0,52;26;22
2017-05-11;22;0,42;15;15;1,2;17;27;0,52;20;22
2017-05-11;23;0,42;14;14;1,12;16;25;0,51;18;22
2017-05-11;24;0,41;13;14;1,07;12;24;0,5;10;22
2017-05-12;1;0,38;16;13;1,03;9;24;0,49;6;22
2017-05-12;2;0,35;12;13;0,98;6;24;0,47;5;22
2017-05-12;3;0,32;9;13;0,93;5;24;0,45;3;22
2017-05-12;4;0,29;5;13;0,83;7;23;0,43;6;22
2017-05-12;5;0,25;5;13;0,76;14;23;0,4;12;22
2017-05-12;6;0,23;8;13;0,74;16;23;0,39;19;22
2017-05-12;7;0,22;13;13;0,73;14;23;0,4;22;22
2017-05-12;8;0,24;21;13;0,76;25;23;0,41;23;22
2017-05-12;9;0,3;25;13;0,82;28;22;0,43;23;21
2017-05-12;10;0,39;27;13;0,93;35;21;0,45;26;21
2017-05-12;11;0,47;26;14;1,11;36;19;0,51;22;21
2017-05-12;12;0,54;24;15;1,51;35;20;0,56;24;22
2017-05-12;13;0,62;25;15;1,64;30;20;0,6;23;22
2017-05-12;14;0,67;20;15;1,74;29;19;0,61;19;21
2017-05-12;15;0,7;23;15;1,84;29;19;0,63;23;21
2017-05-12;16;0,71;19;15;1,89;24;18;0,62;21;21
2017-05-12;17;0,68;20;15;1,89;25;18;0,62;21;21
2017-05-12;18;0,64;20;15;1,85;25;17;0,63;23;21
2017-05-12;19;0,61;22;15;1,75;26;17;0,61;23;21
2017-05-12;20;0,58;21;15;1,42;23;16;0,58;22;20
2017-05-12;21;0,56;20;15;1,33;21;16;0,57;23;20
2017-05-12;22;0,58;23;15;1,38;29;16;0,58;29;19
2017-05-12;23;0,6;20;16;1,41;27;18;0,59;26;20
2017-05-12;24;0,6;18;16;1,43;23;19;0,59;23;21
2017-05-13;1;0,6;16;17;1,44;22;20;0,59;21;22
2017-05-13;2;0,57;15;17;1,51;21;20;0,57;11;22
2017-05-13;3;0,54;14;18;1,48;20;21;0,56;14;22
2017-05-13;4;0,51;16;18;1,47;22;21;0,56;24;23
2017-05-13;5;0,48;15;18;1,47;20;22;0,55;22;23
2017-05-13;6;0,43;14;18;1,36;20;22;0,54;20;24
2017-05-13;7;0,38;13;19;1,27;19;23;0,53;21;24
2017-05-13;8;0,36;15;19;1,21;20;23;0,53;21;24
2017-05-13;9;0,37;16;19;1,22;25;24;0,53;24;24
2017-05-13;10;0,38;17;19;1,18;28;24;0,54;23;24
2017-05-13;11;0,4;16;18;1,2;28;23;0,54;17;23
2017-05-13;12;0,41;16;16;1,22;26;22;0,53;16;21
2017-05-13;13;0,43;17;16;1,25;25;21;0,52;14;20
2017-05-13;14;0,44;13;16;1,29;24;22;0,51;12;20
2017-05-13;15;0,46;14;16;1,31;25;22;0,51;19;20
2017-05-13;16;0,47;14;16;1,34;27;23;0,51;17;20
2017-05-13;17;0,47;15;16;1,31;24;23;0,49;15;19
2017-05-13;18;0,47;17;16;1,3;25;23;0,48;18;19
2017-05-13;19;0,5;21;17;1,32;26;24;0,48;27;19
2017-05-13;20;0,54;22;17;1,35;26;25;0,5;28;19
2017-05-13;21;0,57;19;17;1,36;24;25;0,52;26;20
2017-05-13;22;0,6;20;18;1,37;24;26;0,55;25;21
2017-05-13;23;0,62;17;17;1,35;22;26;0,56;26;21
2017-05-13;24;0,63;14;17;1,32;19;25;0,56;21;21
2017-05-14;1;0,62;13;18;1,32;17;25;0,57;19;20
2017-05-14;2;0,62;13;18;1,3;16;25;0,58;20;20
2017-05-14;3;0,6;12;17;1,28;16;25;0,58;17;20
2017-05-14;4;0,54;11;17;1,21;14;25;0,56;10;20
2017-05-14;5;0,49;9;17;1,14;13;24;0,54;13;20
2017-05-14;6;0,45;10;16;1,1;14;24;0,52;18; 
2017-05-14;7;0,43;12;16;1,1;17;24;0,51;19; 
2017-05-14;8;0,41;13;16;1,1;18;23;0,51;19; 
2017-05-14;9;0,4;14;16;1,08;19;23;0,51;13; 
2017-05-14;10;0,38;12;16;1,04;18;22;0,5;17; 
2017-05-14;11;0,37;11;16;1;16;22;0,49;17; 
2017-05-14;12;0,36;12;16;0,99;15;22;0,49;16; 
2017-05-14;13;0,37;11;16;1;21;21;0,48;19; 
2017-05-14;14;0,39;18;16;0,97;19;20;0,48;20; 
2017-05-14;15;0,39;18;17;0,92;16;20;0,48;25; 
2017-05-14;16;0,4;21;16;0,89;21;19;0,49;25; 
2017-05-14;17;0,44;25;16;0,88;27;18;0,5;27; 
2017-05-14;18;0,5;26;17;0,9;29;18;0,51;30; 
2017-05-14;19;0,58;27;17;0,96;31;17;0,53;28; 
2017-05-14;20;0,65;29;18;1,06;33;17;0,56;28; 
2017-05-14;21;0,71;29;18;1,09;30;17;0,58;30; 
2017-05-14;22;0,73;26;18;1,13;28;16;0,58;31; 
2017-05-14;23;0,76;27;18;1,19;29;15;0,59;30; 
2017-05-14;24;0,79;25;18;1,22;25;15;0,59;28; 
2017-05-15;1;0,79;24;18;1,19;18;14;0,6;26; 
2017-05-15;2;0,78;22;19;1,16;17;14;0,63;23; 
2017-05-15;3;0,76;22;20;1,12;25;14;0,66;23; 
2017-05-15;4;0,73;20;22;1,05;24;15;0,67;28; 
2017-05-15;5;0,68;19;23;1,01;24;15;0,68;27; 
2017-05-15;6;0,67;18;23;1;21;16;0,69;26; 
2017-05-15;7;0,68;19;24;1;24;16;0,7;19; 
2017-05-15;8;0,7;20;25;1,07;28;17;0,72;18; 
2017-05-15;9;0,75;21;26;1,18;26;18;0,75;19; 
2017-05-15;10;0,79;22;27;1,27;28;19;0,74;18; 
2017-05-15;11;0,77;21;28;1,29; ;21;0,71;21; 
2017-05-15;12;0,77;20;28;1,32;27;22;0,68;20; 
2017-05-15;13;0,77;17;29; ; ;22;0,67;20; 
2017-05-15;14;0,78;18;29; ;26;23;0,66;22; 
2017-05-15;15;0,76;19;28; ;25;23;0,63;23; 
2017-05-15;16;0,72;21;29; ;29;24;0,59;26; 
2017-05-15;17;0,66;23;30; ;31;25;0,54;28; 
2017-05-15;18;0,63;22;30; ;34;26;0,51;29; 
2017-05-15;19;0,65;24;29;1,07;30;26;0,52;27; 
2017-05-15;20;0,74;26;29;1,1;32;26;0,56;29; 
2017-05-15;21;0,85;28;29;1,13;33;27;0,62;32; 
2017-05-15;22;0,91;25;30;1,19;31;27;0,69;30; 
2017-05-15;23;0,97;25;31;1,24;30;27;0,76;31; 
2017-05-15;24;1,02;23;31;1,27;29;28;0,82;25; 
2017-05-16;1;1,04;22;31;1,26;28;29;0,86;23; 
2017-05-16;2;1,05;20;31;1,2;26;30;0,89;22; 
2017-05-16;3;1,01;18;31;1,16;26;30;0,89;21; 
2017-05-16;4;0,93;19;31;1,12;26;30;0,86;20; 
2017-05-16;5;0,84;18;30;1,05;25; ;0,81;21; 
2017-05-16;6;0,79;19;31;1,01;27; ;0,77;20; 
2017-05-16;7;0,79;22;31;1,01;38; ;0,74;24; 
2017-05-16;8;0,89;28;32;1,14;44; ;0,82;31; 
2017-05-16;9;1,11;38;32;1,33;49; ;0,94;36; 
2017-05-16;10;1,35;48;34;1,44;42; ;1,11;52; 
2017-05-16;11;1,43;38;35;1,44;32; ;1,25;50; 
2017-05-16;12;1,44;29;36;1,42;29; ;1,34;35; 
2017-05-16;13;1,45;29;37;1,4;28; ;1,45; ; 
2017-05-16;14;1,47;34;38;1,35;24; ;1,43; ; 
2017-05-16;15;1,43;26;38;1,29;34; ;1,38;25; 
2017-05-16;16;1,29;33;39;1,16;34; ;1,21;29; 
2017-05-16;17;1,07;38;39;1;37; ;1;31; 
2017-05-16;18;0,82;33;39;0,88;28; ;0,78;31; 
2017-05-16;19;0,76;33;40;0,94;36; ;0,57;32; 
2017-05-16;20;0,77;33;39;1;38; ;0,58;33; 
2017-05-16;21;0,78;33;38;1,06;36; ;0,57;32; 
2017-05-16;22;0,76;30;37;1,11;32; ;0,55;28; 
2017-05-16;23;0,76;26;37;1,1;28; ;0,54;25; 
2017-05-16;24;0,74;21;36;1,06;21; ;0,51;15; 
2017-05-17;1;0,71;23;35;0,98;19; ;0,49;14; 
2017-05-17;2;0,69;21;34;0,94;16; ;0,45;11; 
2017-05-17;3;0,63;11;33;0,82;12; ;0,41;16; 
2017-05-17;4;0,58;11;33;0,72;9; ;0,38;19; 
2017-05-17;5;0,53;13;32;0,62;9; ;0,37;24; 
2017-05-17;6;0,5;18;31;0,55;15; ;0,37;25; 
2017-05-17;7;0,51;23;30;0,54;25; ;0,41;27; 
2017-05-17;8;0,6;29;29;0,56;27; ;0,46;26; 
2017-05-17;9;0,64;24;28;0,58;26; ;0,5;24; 
2017-05-17;10;0,66;19;26;0,6;18; ;0,55;22; 
2017-05-17;11;0,7;19;24;0,63;19; ;0,57;19; 
2017-05-17;12;0,72;17;23;0,7;21; ;0,58;20; 
2017-05-17;13;0,73;15;22;0,76;19; ;0,59;20; 
2017-05-17;14;0,73;14;21;0,82;23; ;0,58;21; 
2017-05-17;15;0,71;11;21;0,84;21; ;0,55;21; 
2017-05-17;16;0,6;12;20;0,85;18; ;0,51;20; 
2017-05-17;17;0,56;14;19;0,87;22; ;0,47;20; 
2017-05-17;18;0,55;17;17;0,91;26; ;0,45;23; 
2017-05-17;19;0,55;20;17;0,93;24; ;0,44;23; 
2017-05-17;20;0,56;23;17;0,94;31; ;0,44;26; 
2017-05-17;21;0,58;25;17;0,97;31; ;0,46;27; 
2017-05-17;22;0,6;19;17;0,95;23; ;0,46;20; 
2017-05-17;23;0,61;18;17;0,91;15; ;0,46;12; 
2017-05-17;24;0,61;15;17;0,87;11; ;0,45;10; 
2017-05-18;1;0,6;13;16;0,81;11; ;0,44;10; 
2017-05-18;2;0,58;10;16;0,73;10; ;0,42;8; 
2017-05-18;3;0,54;6;16;0,67;8; ;0,4;8; 
2017-05-18;4;0,51;10;15;0,6;12; ;0,38;8; 
2017-05-18;5;0,46;6;15;0,51;12; ;0,35;11; 
2017-05-18;6;0,43;6;15;0,47;12; ;0,34;14; 
2017-05-18;7;0,42;12;15;0,47;14; ;0,35;16; 
2017-05-18;8;0,43;15;14;0,51;19;18;0,39;18; 
2017-05-18;9;0,45;16;14;0,55;20;18;0,41;17; 
2017-05-18;10;0,47;14;14;0,6;21;18;0,44;18; 
2017-05-18;11;0,5;15;14;0,69;24;18;0,46;17; 
2017-05-18;12;0,53;15;14;0,77;22;19;0,48;16; 
2017-05-18;13;0,56;14;14;0,87;22;20;0,49;14; 
2017-05-18;14;0,59;16;14;0,97;23;20;0,5;18; 
2017-05-18;15;0,62;17;14;1,05;24;20;0,52;19; 
2017-05-18;16;0,63;16;15;1,1;22;20;0,53;18; 
2017-05-18;17;0,64;17;15;1,13;21;20;0,55;20; 
2017-05-18;18;0,65;17;15;1,15;21;20;0,57;19;20
2017-05-18;19;0,68;18;15;1,14;21;20;0,61;20;20
2017-05-18;20;0,72;19;15;1,14;21;19;0,62;19;21
2017-05-18;21;0,76;20;16;1,13;24;19;0,63;20;22
2017-05-18;22;0,78;20;16;1,07;19;20;0,63;19;22
2017-05-18;23;0,78;20;16;0,99;14;20;0,61;18;22
2017-05-18;24;0,76;13;16;0,93;14;19;0,59;13;22
2017-05-19;1;0,73;9;16;0,86;10;20;0,54;9;22
2017-05-19;2;0,7;11;16;0,78;9;20;0,5;9;22
2017-05-19;3;0,65;7;16;0,69;11;19;0,45;8;22
2017-05-19;4;0,59;7;16;0,6;9;20;0,42;8;22
2017-05-19;5;0,52;5;16;0,5;9;20;0,4;9;22
2017-05-19;6;0,47;6;16;0,45;9;19;0,38;10;22
2017-05-19;7;0,46;11;16;0,42;15;19;0,39;16;21
2017-05-19;8;0,5;16;16;0,42;18;19;0,43;21;21
2017-05-19;9;0,61;19;15;0,48;21;18;0,5;22;20
2017-05-19;10;0,68;16;16;0,54;17;18;0,57;18;21
2017-05-19;11;0,7;15;16;0,59;17;17;0,62;17;21
2017-05-19;12;0,71;18;16;0,64;18;16;0,67;18;21
2017-05-19;13;0,76; ;16;0,68;18;16;0,71;18;21
2017-05-19;14;0,82; ;15;0,72;18;15;0,75;18;22
2017-05-19;15;1,02;19;15;0,73;14;14;0,76;21;21
2017-05-19;16;1,03;17;15;0,72;13;13;0,74;26;21
2017-05-19;17;0,93;17;14;0,67;15;13;0,69;19;21
2017-05-19;18;0,9;16;14;0,63;14;13;0,65;17;21
2017-05-19;19;0,92;15; ;0,62;16;12;0,63;18;21
2017-05-19;20;0,96;15; ;0,6;15;12;0,6;18;21
2017-05-19;21;0,93;16; ;0,6;15;11;0,58;17;20
2017-05-19;22;0,9;15; ;0,6;15;10;0,56;16;20
2017-05-19;23;0,75;12; ;0,6;14;10;0,54;14;19
2017-05-19;24;0,71;11; ;0,6;11;11;0,51;13;20
2017-05-20;1;0,67;10; ;0,59;9;10;0,49;12;20
2017-05-20;2;0,63;10; ;0,58;9;10;0,46;10;20
2017-05-20;3;0,59;8; ;0,56;8;10;0,43;10;19
2017-05-20;4;0,55;7; ;0,53;7;10;0,4;9;19
2017-05-20;5;0,51;7; ;0,5;7;9;0,38;10;19
2017-05-20;6;0,48;8; ;0,48;9;9;0,37;13;19
2017-05-20;7;0,46;11; ;0,47;10;10;0,36;14;19
2017-05-20;8;0,45;13; ;0,47;13;9;0,37;15;19
2017-05-20;9;0,45;15; ;0,48;13;9;0,37;15;18
2017-05-20;10;0,47;15; ;0,49;15;9;0,37;18;18
2017-05-20;11;0,49;16; ;0,5;14;8;0,38;20;17
2017-05-20;12;0,52;17; ;0,52;16;8;0,4;18;17
2017-05-20;13;0,55;16; ;0,55;18;8;0,43;21;16
2017-05-20;14;0,58;16;7;0,57;15;8;0,46;18;16
2017-05-20;15;0,62;17;7;0,58;15;7;0,47;18;17
2017-05-20;16;0,64;16;8;0,58;14;7;0,48;17;17
2017-05-20;17;0,66;14;7;0,58;13;7;0,49;14;16
2017-05-20;18;0,66;15;7;0,59;13;6;0,5;15;15
2017-05-20;19;0,68;15;8;0,59;15;6;0,51;16;14
2017-05-20;20;0,69;17;8;0,6;15;6;0,52;18;14
2017-05-20;21;0,7;15;8;0,59;14;6;0,52;16;14
2017-05-20;22;0,71;14;8;0,58;13;6;0,52;15;14
2017-05-20;23;0,7;13;9;0,57;11;6;0,51;12;14
2017-05-20;24;0,69;11;9;0,57;10;6;0,5;12;13
2017-05-21;1;0,68;11;9;0,56;10;6;0,5;12;13
2017-05-21;2;0,68;11;9;0,54;11;6;0,5;13;13
2017-05-21;3;0,65;11;9;0,51;11;6;0,5;13;14
2017-05-21;4;0,62;9;10;0,49;12;7;0,49;13;14
2017-05-21;5;0,59;8;10;0,46;11;7;0,46;11;14
2017-05-21;6;0,56;8;10;0,44;10;7;0,43;11;14
2017-05-21;7;0,54;9;10;0,43;13;7;0,44;12;14
2017-05-21;8;0,53;9;10;0,43;13;7;0,45;13;15
2017-05-21;9;0,52;9;10;0,44;14;7;0,44;13;14
2017-05-21;10;0,51;9;10;0,45;13;7;0,43;12;14
2017-05-21;11;0,5;9;10;0,45;13;7;0,42;11;14
2017-05-21;12;0,51;7;10;0,46;12;7;0,42;11;13
2017-05-21;13;0,52;10;9;0,47;13;7;0,44;12;13
2017-05-21;14;0,54;10;9;0,48;12;7;0,45;11;12
2017-05-21;15;0,55;10;9;0,47;12;7;0,45;12;12
2017-05-21;16;0,56;9;9;0,46;14;7;0,45;13;12
2017-05-21;17;0,58;12;10;0,44;14;7;0,45;14;12
2017-05-21;18;0,61;17;10;0,45;22;8;0,49;23;13
2017-05-21;19;0,67;22;10;0,47;26;8;0,55;25;13
2017-05-21;20;0,8;23;11;0,54;28;8;0,64;27;14
2017-05-21;21;0,87;23;12;0,59;27;9;0,71;25;15
2017-05-21;22;0,95;22;13;0,64;26;10;0,78;24;16
2017-05-21;23;1;22;14;0,7;26;11;0,82;24;16
2017-05-21;24;1,07;21;16;0,75;25;11;0,85;22;17
2017-05-22;1;1,11;19;17;0,82;24;12;0,87;22;17
2017-05-22;2;1,13;19;17;0,87;23;12;0,87;22;17
2017-05-22;3;1,08;18;18;0,88;23;13;0,82;22;17
2017-05-22;4;0,98;18;19;0,85;25;13;0,75;22;18
2017-05-22;5;0,93;18;19;0,85;25;14;0,69;23;18
2017-05-22;6;0,89;21;20;0,84;25;14;0,71;31;19
2017-05-22;7;0,94;24;21;0,9;28;14;0,73;28;21
2017-05-22;8;1,05;28;23;0,95;28;15;0,86;36;22
2017-05-22;9;1,28;32;25;1,06;38;15;1,08;45;25
2017-05-22;10;1,4;35;26;1,1;31;16;1,21;41;27
2017-05-22;11;1,47;27;27;1,11;25;17;1,28;34;31
2017-05-22;12;1,51;24;28;1,11;22;17;1,3;29;34
2017-05-22;13;1,53;21;29;1,09;19;18;1,29;22;35
2017-05-22;14;1,51;18;29;1,06;22;19;1,21;22;37
2017-05-22;15;1,42;18;29;0,98;31;20;1,14;23;37
2017-05-22;16;1,25;21;29;0,97;36;20;0,98;26;38
2017-05-22;17;1,03;27;30;0,92;35;22;0,73;29;39
2017-05-22;18;0,93;30;30;0,88;32;23;0,58;29;40
2017-05-22;19;0,9;31;30;0,93;35;24;0,5;31;41
2017-05-22;20;0,9;28;30;0,95;30;24;0,48;29;40
2017-05-22;21;0,91;27;29;0,97;28;24;0,46;22;40
2017-05-22;22;0,93;25;28;1;24;23;0,45;25;39
2017-05-22;23;0,96;22;28;0,99;23;23;0,45;21;39
2017-05-22;24;0,97;21;27;0,92;23;23;0,44;20;39
2017-05-23;1;0,96;22;26;0,81;18;22;0,46;22;39
2017-05-23;2;0,91;15;25;0,75;19;22;0,45;19;39
2017-05-23;3;0,85;15;24;0,65;19;21;0,44;19;39
2017-05-23;4;0,8;14;24;0,6;19;21;0,41;16;39
2017-05-23;5;0,75;15;23;0,57;17;21;0,41;14;38
2017-05-23;6;0,71;19;22;0,54;17;21;0,41;16;37
2017-05-23;7;0,7;21;22;0,54;22;21;0,42;20;36
2017-05-23;8;0,7;21;20;0,59;25;21;0,45;21;34
2017-05-23;9;0,71;21;19;0,65;30;21;0,46;22;33
2017-05-23;10;0,75;21;18;0,7;22;21;0,48;19;34
2017-05-23;11;0,78;20;17;0,75;21;20;0,49;16;33
2017-05-23;12;0,81;15;17;0,78;20;21;0,5;16;33
2017-05-23;13;0,83;19;18;0,83;21;20;0,52;17;32
2017-05-23;14;0,85;17;18;0,91;25;20;0,53;17;31
2017-05-23;15;0,85;18;17;1;29;21;0,53;19;31
2017-05-23;16;0,84;21;18;1,05;28;21;0,51;18;31
2017-05-23;17;0,83;23;18;1,08;27;20;0,5;23;29
2017-05-23;18;0,83;24;18;1,14;28;19;0,5;24;29
2017-05-23;19;0,83;25;17;1,2;29;19;0,51;24;28
2017-05-23;20;0,89;27;17;1,25;30;19;0,54;24;28
2017-05-23;21;0,97;27;18;1,29;30;19;0,57;25;29
2017-05-23;22;1,08;26;18;1,28;27;20;0,61;25;29
2017-05-23;23;1,13;24;18;1,22;25;20;0,61;21;30
2017-05-23;24;1,15;21;19;1,14;20;20;0,63;22;30
2017-05-24;1;1,15;16;19;1,04;15;20;0,62;20;30
2017-05-24;2;1,12;14;19;0,95;17;21;0,6;17;30
2017-05-24;3;1,11;16;19;0,84;13;21;0,6;19;30
2017-05-24;4;1,05;14;19;0,74;10;20;0,56;18;30
2017-05-24;5;0,95;10;19;0,63;8;21;0,52;14;31
2017-05-24;6;0,83;12;19;0,53;11;21;0,49;14;31
2017-05-24;7;0,77;13;19;0,47;13;21;0,5;16;31
2017-05-24;8;0,78;15;20;0,46;16;20;0,52;19;32
2017-05-24;9;0,85;19;20;0,5;18;20;0,58;20;32
2017-05-24;10;0,93;19;20;0,57;24;20;0,63;21;29
2017-05-24;11;1;22;21;0,72;34;21;0,64;24;28
2017-05-24;12;1,05;23;22;0,83;26;21;0,68; ;27
2017-05-24;13;1,11;19;22;0,88;18;22;0,71; ;28
2017-05-24;14;1,17;20;23;0,94;19;23;0,74;20;29
2017-05-24;15;1,22;20;24;1,03;22;23;0,72;20;29
2017-05-24;16;1,24;22;25;1,22;31;23;0,65;18;29
2017-05-24;17;1,21;21;26;1,34;28;24;0,56;21;30
2017-05-24;18;1,17;21;27;1,36;26;25;0,48;22;30
2017-05-24;19;1,15;21;28;1,33;26;25;0,47;20;31
2017-05-24;20;1,16;20;29;1,3;21;26;0,46;20;32
2017-05-24;21;1,16;18;30;1,31;19;26;0,43;19;32
2017-05-24;22;1,13;20;30;1,33;22;26;0,38;25;31
2017-05-24;23;1,1;20;29;1,29;22;26;0,34;25;31
2017-05-24;24;1,06;19;29;1,11;19;26;0,33;24;32
2017-05-25;1;1,02;19;29;0,99;17;26;0,33;23;31
2017-05-25;2;0,98;16;29;0,9;17;26;0,33;22;32
2017-05-25;3;0,93;15;30;0,81;18;26;0,33; ;32
2017-05-25;4;0,87;14;30;0,77;17;27;0,31; ;32
2017-05-25;5;0,84;14;31;0,74;17;27; ; ;32
2017-05-25;6;0,81;10;31;0,7;14;28; ; ;33
2017-05-25;7;0,78;10;31;0,68;14;28; ; ;33
2017-05-25;8;0,77;10;31;0,7;16;28; ; ;32
2017-05-25;9;0,76;11;31;0,71;17;28; ; ;31
2017-05-25;10;0,76;13;30;0,76;19;28; ; ;30
2017-05-25;11;0,77;12;29;0,77;19;27; ; ;30
2017-05-25;12;0,79;13;28;0,81;19;25; ; ;28
2017-05-25;13;0,81;12;26;0,83;18;25; ; ;27
2017-05-25;14;0,84;13;26;0,87;20;24; ; ;26
2017-05-25;15;0,86;13;24;0,92;19;23; ; ;24
2017-05-25;16;0,86;10;23;0,93;17;22; ; ;23
2017-05-25;17;0,87;11;21;0,92;16;20; ; ;22
2017-05-25;18;0,88;11;19;0,89;17;19; ; ;20
2017-05-25;19;0,88;12;18;0,9;20;18; ; ;19
2017-05-25;20;0,89;14;17;0,91;21;17; ; ;17
2017-05-25;21;0,9;15;16;0,93;22;16; ; ;16
2017-05-25;22;0,92;17;16;0,91;22;16; ; ;16
2017-05-25;23;0,94;18;16;0,9;23;16; ; ;16
2017-05-25;24;0,97;18;16;0,91;23;16; ; ;16
2017-05-26;1;0,99;17;16;0,92;22;16; ; ;17
2017-05-26;2;1;16;16;0,89;20;16; ; ;16
2017-05-26;3;0,99;14;16;0,83;17;16; ; ;16
2017-05-26;4;0,95;12;16;0,77;17;15; ; ;16
2017-05-26;5;0,91;10;15;0,7;15;15; ; ;15
2017-05-26;6;0,87;14;15;0,66;18;14; ; ;14
2017-05-26;7;0,85;16;15;0,64;21;14; ; ;15
2017-05-26;8;0,85;18;15;0,66;25;15; ; ;15
2017-05-26;9;0,89;20;16;0,75;32;16; ; ;15
2017-05-26;10;0,93;17;17;0,84;27;17; ; ;15
2017-05-26;11;0,95;18;17;0,93;27;17; ;23;15
2017-05-26;12;0,98;20;17;1;27;17; ;20;15
2017-05-26;13;1;16;18;1,04;23;18; ;19;15
2017-05-26;14;1,03;16;18;1,06;23;18; ;20;14
2017-05-26;15;1,05;15;18;1,09;24;18; ;20;15
2017-05-26;16;1,03;16;18;1,08;26;19;0,31;18;15
2017-05-26;17;1;19;18;1,06;32;19;0,3;23;16
2017-05-26;18;1;23;19;1,06;31;20;0,29;31;16
2017-05-26;19;1,06;24;19;1,12;31;21;0,29;29;16
2017-05-26;20;1,11;24;20;1,17;29;22;0,32;28;17
2017-05-26;21;1,2;24;20;1,27;30;24;0,35;27;18
2017-05-26;22;1,3;24;21;1,37;31;25;0,41;31;19
2017-05-26;23;1,33;24;23;1,42;30;26;0,44;32;20
2017-05-26;24;1,28;18;23;1,4;24;27;0,45;31;20
2017-05-27;1;1,27;15;23;1,33;23;28;0,47;27;20
2017-05-27;2;1,21;14;23;1,26;20;28;0,5;24;20
2017-05-27;3;1,16;17;24;1,13;18;29;0,49;19;20
2017-05-27;4;1,1;15;24;1,03;16;29;0,47;18;20
2017-05-27;5;1,02;16;24;0,9;18;30;0,44;20;20
2017-05-27;6;0,92;14;25;0,78;23;30;0,39;25;20
2017-05-27;7;0,83;19;25;0,7;27;30;0,38;32;20
2017-05-27;8;0,82;19;25;0,71;49;30;0,39;35;21
2017-05-27;9;0,82;20;24;0,72;32;30;0,38;31;21
2017-05-27;10;0,84;20;24;0,76;31;30;0,38;28;20
2017-05-27;11;0,85;17;24;0,79;28;30;0,38;26;21
2017-05-27;12;0,87;14;25;0,83;26;31;0,37;27;22
2017-05-27;13;0,89;15;25;0,84;23;31;0,37;22;22
2017-05-27;14;0,91;15;26;0,85;25;32;0,37;22;23
2017-05-27;15;0,93;13;26;0,83;19;32;0,38;26;23
2017-05-27;16;0,94;14;26;0,79;18;32;0,37;29;24
2017-05-27;17;0,93;12;26;0,75;17;31;0,37;27;24
2017-05-27;18;0,92;17;25;0,69;22;31;0,36;23;24
2017-05-27;19;0,93;20;25;0,66;25;29;0,35;32;24
2017-05-27;20;0,95;21;25;0,65;29;28;0,36;35;23
2017-05-27;21;0,96;22;24;0,67;30;27;0,37;36;22
2017-05-27;22;0,98;23;24;0,68;27;26;0,38;38;22
2017-05-27;23;0,99;22;23;0,69;23;25;0,38;33;22
2017-05-27;24;1;20;22;0,69;21;24;0,38;30;21
2017-05-28;1;1,02;23;22;0,71;23;24;0,39;25;20
2017-05-28;2;1,03;19;21;0,71;17;23;0,41;23;20
2017-05-28;3;1,01;11;21;0,68;16;23;0,41;23;20
2017-05-28;4;1;20;21;0,64;17;22;0,42;34;19
2017-05-28;5;0,98;19;21;0,61;25;22;0,42;29;19
2017-05-28;6;0,96;17;21;0,6;24;22;0,42;26;20
2017-05-28;7;0,94;17;21;0,61;25;22;0,42;27;19
2017-05-28;8;0,93;20;20;0,62;26;21;0,44;29;19
2017-05-28;9;0,92;19;20;0,62;26;21;0,44;32;19
2017-05-28;10;0,91;17;20;0,62;25;20;0,45;30;19
2017-05-28;11;0,94;21;20;0,65;27;20;0,47;30;19
2017-05-28;12;0,95;20;19;0,65;18;19;0,47;27;18
2017-05-28;13;0,96;18;19;0,64;20;18;0,48;27;19
2017-05-28;14;0,98;13;19;0,62;13;17;0,48;23;18
2017-05-28;15;0,98;10;19;0,59;11;17;0,48;21;18
2017-05-28;16;0,99;12;19;0,56;15;16;0,48;25;17
2017-05-28;17;1;14;19;0,54;18;16;0,47;26;17
2017-05-28;18;1,01;17;19;0,55;20;16;0,46;23;17
2017-05-28;19;1,03;19;19;0,58;25;16;0,45;29;17
2017-05-28;20;1,05;20;19;0,67;26;16;0,46;29;18
2017-05-28;21;1,05;20;19;0,71;25;16;0,48;30;18
2017-05-28;22;1,06;18;19;0,77;25;16;0,49;29;17
2017-05-28;23;1,08;18;18;0,82;26;16;0,5;32;16
2017-05-28;24;1,09;20;18;0,85;25;15;0,52;29;16
2017-05-29;1;1,09;20;18;0,88;24;15;0,52;22;17
2017-05-29;2;1,08;18;18;0,87;22;15;0,51;18;17
2017-05-29;3;1,04;17;18;0,81;20;15;0,5;14;16
2017-05-29;4;1,01;13;18;0,71;19;15;0,47;15;16
2017-05-29;5;0,98;14;17;0,64;20;15;0,44;16;16
2017-05-29;6;0,96;17;17;0,6;24;15;0,42;26;15
2017-05-29;7;0,96;20;17;0,59;26;15;0,41;27;16
2017-05-29;8;0,99;21;18;0,65;30;15;0,41;25;16
2017-05-29;9;1,06;23;18;0,74;32;16;0,44;25;16
2017-05-29;10;1,13;25;19;0,83;36;16;0,47;25;17
2017-05-29;11;1,2;29;19;0,94;37;17;0,5;26;17
2017-05-29;12;1,28;31;20;1,07;39;17;0,52;27;17
2017-05-29;13;1,34;30;22;1,17;37;19;0,54;27;18
2017-05-29;14;1,36;20;22;1,24;35;20;0,54;26;18
2017-05-29;15;1,37;19;22;1,28;30;20;0,56;29;18
2017-05-29;16;1,33;20;22;1,27;33;21;0,55;32;19
2017-05-29;17;1,3;23;23;1,28;37;22;0,52;33;19
2017-05-29;18;1,3;27;23;1,31;35;23;0,49;35;19
2017-05-29;19;1,28;27;23;1,37;37;24;0,48;36;20
2017-05-29;20;1,26;26;23;1,42;36;25;0,5;34;20
2017-05-29;21;1,27;27;23;1,43;34;25;0,54;29;22
2017-05-29;22;1,34;28;25;1,46;33;26;0,58;30;23
2017-05-29;23;1,39;27;27;1,46;32;27;0,61;30;24
2017-05-29;24;1,4;26;29;1,44;32;28;0,65;32;26
2017-05-30;1;1,39;24;30;1,38;30;29;0,69;33;28
2017-05-30;2;1,34;23;30;1,26;29;30;0,69;34;28
2017-05-30;3;1,29;24;30;1,11;27;30;0,67;38;29
2017-05-30;4;1,24;22;31;0,95;28;31;0,64;34;30
2017-05-30;5;1,2;22;32;0,85;27;31;0,6;31;30
2017-05-30;6;1,16;25;33;0,77;30;31;0,6;33;32
2017-05-30;7;1,17;29;33;0,75;35;31;0,62;37;33
2017-05-30;8;1,26;31;34;0,83;60;32;0,67;40;34
2017-05-30;9;1,35;33;35;0,9;45;32;0,72;40;35
2017-05-30;10;1,38; ;35;1,02;46;33;0,75;31;36
2017-05-30;11;1,64;32;35;1,15;49;34;0,78;30;36
2017-05-30;12;1,76;33;33;1,27;38;35;0,78;28;36
2017-05-30;13;1,86;19;33;1,38;35;34;0,78;24;36
2017-05-30;14; ; ;33;1,43;32;34;0,73;24;37
2017-05-30;15; ; ;33;1,46;30;35;0,66;21;37
2017-05-30;16; ;22;33;1,4;31;35;0,54;20;37
2017-05-30;17; ;25;32;1,36;32;35;0,47; ;38
2017-05-30;18;1,49;27;31;1,33;33;35;0,43; ;38
2017-05-30;19;1,22;23;30;1,31;32;35; ; ;38
2017-05-30;20;1,12;23;31;1,26;30;34; ; ;38
2017-05-30;21;1,12;22;30;1,2;28;34; ; ;37
2017-05-30;22;1,12;23;29;1,15;24;34; ; ;37
2017-05-30;23;1,13;24;26;1,11;26;33; ; ;36
2017-05-30;24;1,12;24;24;1,04;26;32; ; ;35
2017-05-31;1;1,11;23;24;1;29;32; ; ;34
2017-05-31;2;1,1;21;25;0,93;28;32; ; ;34
2017-05-31;3;1,08;18;25;0,82;26;32; ; ;33
2017-05-31;4;1,03;14;25;0,75;25;32; ; ;33
2017-05-31;5;1;14;25;0,7;24;31; ; ;33
2017-05-31;6;0,96;20;24;0,68;30;31; ; ;32
2017-05-31;7;0,95;26;23;0,67;34;31; ; ;30
2017-05-31;8;0,98;27;22;0,75;41;31; ; ;29
2017-05-31;9;1,02;31;22;0,82;43;30; ;20;28
2017-05-31;10;1,06;32;24;0,94;47;30; ;28;28
2017-05-31;11;1,08;25;24;0,98;50;30; ;33;29
2017-05-31;12;1,1;24;25;1,06; ;31; ;30;28
2017-05-31;13;1,13;25;26;1,19; ;31; ;31;28
2017-05-31;14;1,15;20;26;1,29;29;31;0,46;26;28
2017-05-31;15;1,16;21;26;1,32;25;30;0,44;24;28
2017-05-31;16;1,13;23;26;1,24;26;30;0,43;30;28
2017-05-31;17;1,08;23;27;1,2;30;29;0,44;29;28
2017-05-31;18;1,05;27;27;1,13;29;29;0,41;32;28
2017-05-31;19;1,06;25;28;1,16;30;29;0,38;38;28
2017-05-31;20;1,12;31;28;1,17;33;28;0,39;40;27
2017-05-31;21;1,18;30;29;1,21;36;28;0,42;36;27
2017-05-31;22;1,33;39;33;1,28;39;29;0,48;35;27
2017-05-31;23;1,39;30;34;1,39;36;30;0,57;31;30
2017-05-31;24;1,47;28;36;1,42;29;32;0,64;31;34
2017-06-01;1;1,44;25;37;1,41;29;32;0,68;30;34
2017-06-01;2;1,42;24;38;1,4;30;32;0,75;27;35
2017-06-01;3;1,36;23;40;1,37;28;34;0,85;30;38
2017-06-01;4;1,23;22;42;1,35;26;36;0,93;23;41
2017-06-01;5;1,09;21;44;1,27;25;37;0,99;23;44
2017-06-01;6;0,86;21;45;1,16;25;38;1;24;46
2017-06-01;7;0,72;24;46;1,07;30;39;0,96;29;48
2017-06-01;8;0,61;27;46;1,09;33;40;0,91;28;49
2017-06-01;9;0,63;31;48;1,19;40;41;0,93;37;51
2017-06-01;10;0,68;33;50;1,33;48;43;0,94;37;53
2017-06-01;11;0,76;36;52;1,46;49;46;0,91;40;56
2017-06-01;12;0,86;37;54;1,59;49;47;0,88;43;57
2017-06-01;13;0,94;40;56;1,74;58;49;0,89;46;60
2017-06-01;14;0,98;35;58;1,86;62;52;0,89;56;64
2017-06-01;15;1,03;42;59;1,96;58;55;0,9;53;67
2017-06-01;16;1,03;41;62;2,03;56;57;0,93;56;70
2017-06-01;17;1,02;42;64;2,03;58;60;0,91;45;72
2017-06-01;18;0,95;39;66;1,99;52;63;0,87;42;75
2017-06-01;19;0,92;40;69;1,94;48;65;0,86;44;78
2017-06-01;20;0,95;43;71;1,86;44;67;0,87;42;81
2017-06-01;21;1,03;37;72;1,74;43;68;0,87;48;84
2017-06-01;22;1,15;38;70;1,6;39;69;0,92;53;87
2017-06-01;23;1,25;38;70;1,48;41;68;0,98;51;86
2017-06-01;24;1,4;37;70;1,39;39;66;1,05;49;86
2017-06-02;1;1,48;32;70;1,34;37;67;1,23;55;88
2017-06-02;2;1,54;27;69;1,24;34;67;1,39;44;89
2017-06-02;3;1,56;25;69;1,16; ;67;1,43;37;87
2017-06-02;4;1,49;25;68;1,1;34;66;1,43;34;86
2017-06-02;5;1,35;27;68;1,03;32;65;1,37;36;84
2017-06-02;6;1,22;28;68;1,03;32;64;1,25;34;81
2017-06-02;7;1,09;30;68;1,05;36;64;1,15;38;80
2017-06-02;8;1,01;35;68;1,13;44;63;1,08;43;80
2017-06-02;9;1,05;38;67;1,19;45;63;1;55;79
2017-06-02;10;1,11;42;65;1,29;47;60;1;59;79
2017-06-02;11;1,13;46;64;1,34;49;58;1;46;77
2017-06-02;12;1,11;40;64;1,35;39;55;0,99;47;78
2017-06-02;13;1,14;39;63;1,38;39;52;1;51;77
2017-06-02;14;1,15;32;63;1,36;25;50;1,04;49;76
2017-06-02;15;1,13;23;62;1,29;18;48;1,03;35;75
2017-06-02;16;1,03;22;60;1,15;27;45;0,99;36;73
2017-06-02;17;0,84;23;58;1;30;42;0,87;36;71
2017-06-02;18;0,68;24;56;0,84;30;40;0,7;37;69
2017-06-02;19;0,59;29;54;0,72;30;37;0,63;40;67
2017-06-02;20;0,56;28;51;0,67;26;35;0,61;36;65
2017-06-02;21;0,54;28;49;0,65;28;33;0,59;33;63
2017-06-02;22;0,55;28;47;0,67;28;32;0,56;30;60
2017-06-02;23;0,57;26;45;0,68;23;30;0,55;30;58
2017-06-02;24;0,57;21;43;0,67;20;30;0,53;27;55
2017-06-03;1;0,56;19;42;0,64;21;29;0,54;25;52
2017-06-03;2;0,53;15;40;0,62;18;28;0,53;21;49
2017-06-03;3;0,46;12;37;0,58;15;27;0,5;17;47
2017-06-03;4;0,41;11;35;0,55;11;26;0,46;19;46
2017-06-03;5;0,34;10;33;0,51;10;25;0,44;19;45
2017-06-03;6;0,28;12;32;0,49;11;24;0,43;22;44
2017-06-03;7;0,24;14;31;0,5;12;23;0,43;22;44
2017-06-03;8;0,23;13;30;0,52;14;22;0,46;22;43
2017-06-03;9;0,22;14;28;0,56;15;21;0,46;26;41
2017-06-03;10;0,23;15;26;0,59;13;20;0,47;23;39
2017-06-03;11;0,26;14;24;0,61;10;18;0,47;20;38
2017-06-03;12;0,3;18;22;0,64;16;16;0,5;23;36
2017-06-03;13;0,35;17;20;0,66;16;15;0,53;22;35
2017-06-03;14;0,4;18;18;0,67;17;14;0,57;23;33
2017-06-03;15;0,44;16;17;0,67;17;13;0,6;25;31
2017-06-03;16;0,47;16;17;0,67;17;12;0,63;23;30
2017-06-03;17;0,48;16;16;0,66;17;12;0,65;23;29
2017-06-03;18;0,5;17;16;0,65;18;11;0,68;27;28
2017-06-03;19;0,54;20;16;0,69;23;11;0,71;25;27
2017-06-03;20;0,6;21;17;0,73;24;11;0,76;25;27
2017-06-03;21;0,67;21;17;0,76;23;11;0,81;26;26
2017-06-03;22;0,74;20;18;0,82;23;12;0,86;25;26
2017-06-03;23;0,8;18;19;0,89;22;12;0,91;23;26
2017-06-03;24;0,86;18;20;0,96;22;13;0,95;22;26
2017-06-04;1;0,9;17;20;1,01;21;14;0,98;23;27
2017-06-04;2;0,91;15;21;1,05;20;14;0,99;22;28
2017-06-04;3;0,9;15;22;1,05;19;15;0,99;21;28
2017-06-04;4;0,86;14;23;1,03;18;16;0,96;21;30
2017-06-04;5;0,78;13;24;1,01;17;16;0,91;22;31
2017-06-04;6;0,69;12;25;0,97;18;17;0,83;25;31
2017-06-04;7;0,59;11;26;0,9;17;18;0,74;23;32
2017-06-04;8;0,51;10;26;0,84;17;18;0,65;23;32
2017-06-04;9;0,44;10;26;0,79;16;18;0,59;22;32
2017-06-04;10;0,4;10;26;0,74;17;19;0,53;20;31
2017-06-04;11;0,36;11;27;0,7;16;19;0,49;21;31
2017-06-04;12;0,32;11;26;0,68;17;19;0,47;20;30
2017-06-04;13;0,33;14;27;0,69;20;19;0,46;21;29
2017-06-04;14;0,34;12;27;0,69;18;20;0,45;20;30
2017-06-04;15;0,36;10;27;0,68;21;20;0,45;15;30
2017-06-04;16;0,39;13;27;0,7;23;21;0,46;22;29
2017-06-04;17;0,42;19;28;0,73;29;21;0,46;22;29
2017-06-04;18;0,49;25;29;0,82;32;22;0,48;31;29
2017-06-04;19;0,61;27;31;0,85;26;23;0,53;36;31
2017-06-04;20;0,76;28;32;0,95;33;24;0,59;35;32
2017-06-04;21;0,84;28;33;1,04;34;24;0,7;36;33
2017-06-04;22;0,86;25;33;1,1;30;25;0,79;27;34
2017-06-04;23;0,86;22;32;1,16;29;26;0,84;30;35
2017-06-04;24;0,85;19;32;1,16;26;26;0,85;33;34
2017-06-05;1;0,81;17;31;1,13;24;26;0,85;29;32
2017-06-05;2;0,73;17;31;1,04;22;26;0,83;25;31
2017-06-05;3;0,58;15;30;1;21;25;0,77;27;31
2017-06-05;4;0,41;16;30;0,86;20;24;0,69;30;30
2017-06-05;5;0,28;18;29;0,72;24;24;0,55;32;29
2017-06-05;6;0,23;19;29;0,63;26;23;0,45;32;28
2017-06-05;7;0,24;23;29;0,58;32;23;0,39;29;27
2017-06-05;8;0,32;26;29;0,64;38;23;0,41;31;27
2017-06-05;9;0,46;30;31;0,79;42;25;0,49;43;28
2017-06-05;10;0,56;30;32;0,94;44;26;0,62;45;31
2017-06-05;11;0,63;32;34;1,09;51;28;0,71;38;33
2017-06-05;12;0,69;31;35;1,21;40;30;0,76;36;35
2017-06-05;13;0,72;25;35;1,32;41;30;0,79;34;36
2017-06-05;14;0,76;30;38;1,44;41;31;0,8;33;35
2017-06-05;15;0,78;34;40;1,52;43;32;0,8;34;37
2017-06-05;16;0,77;33;42;1,54;42;37;0,77;32;38
2017-06-05;17;0,67;29;43;1,49;37;39;0,68;30;39
2017-06-05;18;0,65;28;43;1,46;38;39;0,56;38;39
2017-06-05;19;0,69;30;42;1,47;37;39;0,47;35;37
2017-06-05;20;0,78;30;42;1,44;32;40;0,45;33;37
2017-06-05;21;0,89;29;42;1,42;33;40;0,49;39;36
2017-06-05;22;0,99;30;42;1,34;29;40;0,59;46;36
2017-06-05;23;1,11;36;44;1,25;27;39;0,74;50;38
2017-06-05;24;1,24;35;45;1,18;30;38;0,92;50;42
2017-06-06;1;1,41;35;47;1,29;47;39;1,15;49;48
2017-06-06;2;1,52;32;49;1,35;41;42;1,34;40;54
2017-06-06;3;1,58;31;51;1,32;36;44;1,43;35;57
2017-06-06;4;1,56;27;53;1,29;32;45;1,47;34;60
2017-06-06;5;1,5;26;54;1,23;32;46;1,46;31;62
2017-06-06;6;1,47;29;56;1,23;35;47;1,44;42;64
2017-06-06;7;1,42;31;57;1,29;39;47;1,43;45;67
2017-06-06;8;1,45;38;58;1,36;45;48;1,44;52;71
2017-06-06;9;1,52;40;59;1,21;38;47;1,51;67;76
2017-06-06;10;1,54;40;62;1,07;32;45;1,59;56;78
2017-06-06;11;1,46;29;61;0,97;25;44;1,57;44;79
2017-06-06;12;1,37;21;61;0,92;15;43;1,53;37;80
2017-06-06;13;1,34;21;61;0,88;15;42;1,49;32;80
2017-06-06;14;1,28;25;58;0,82;17;40;1,4;31;80
2017-06-06;15;1,21;27;56;0,74;22;39;1,27;31;80
2017-06-06;16;1,03;27;54;0,63;27;34;1,08;35;80
2017-06-06;17;0,81;31;53;0,56;28;32;0,8;43;81
2017-06-06;18;0,7;33;53;0,55;34;31;0,57;42;82
2017-06-06;19;0,75;34;53;0,57;35;30;0,56;46;83
2017-06-06;20;0,84;33;52;0,62;35;29;0,61;43;84
2017-06-06;21;0,91;32;51;0,68;33;28;0,63;42;83
2017-06-06;22;0,95;31;50;0,73;32;28;0,67;39;81
2017-06-06;23;0,95;31;49;0,75;29;27;0,67;35;79
2017-06-06;24;0,95;29;47;0,74;26;27;0,66;34;76
2017-06-07;1;0,91;25;45;0,73;23;25;0,67;31;70
2017-06-07;2;0,83;22;42;0,68;19;22;0,64;32;63
2017-06-07;3;0,71;17;39;0,63;15;20;0,59;29;60
2017-06-07;4;0,58;13;37;0,56;14;19;0,52;26;58
2017-06-07;5;0,48;14;35;0,5;15;18;0,49;27;56
2017-06-07;6;0,4;20;34;0,45;18;17;0,46;29;54
2017-06-07;7;0,39;28;32;0,43;27;16;0,49;38;51
2017-06-07;8;0,44;31;30;0,44;30;15;0,55;39;48
2017-06-07;9;0,54;32;29;0,48;30;14;0,61;43;45
2017-06-07;10;0,64;30;25;0,51;28;14;0,68;39;42
2017-06-07;11;0,71;28;25;0,54;22;14;0,74;33;42
2017-06-07;12;0,78; ;25;0,56;18;14;0,8;31;42
2017-06-07;13;0,98; ;25;0,57;16;14;0,83;29;43
2017-06-07;14;1,08;11;25;0,58;14;14;0,86;28;44
2017-06-07;15;1,08;19;25;0,56;16;15;0,87;29;44
2017-06-07;16;1;20;24;0,54;22;14;0,86;28;45
2017-06-07;17;0,91;21;23;0,51;19;14;0,83;28;45
2017-06-07;18;0,85;25;22;0,49;24;14;0,8;32;44
2017-06-07;19;0,84;27;22;0,5;26;14;0,81;35;43
2017-06-07;20;0,83;23;21;0,52;24;14;0,83;24;42
2017-06-07;21;0,65;22;21;0,54;22;14;0,84;24;43
2017-06-07;22;0,66;22;20;0,55;20;13;0,84;23;44
2017-06-07;23;0,65;20;20;0,56;17;14;0,82;21;45
2017-06-07;24;0,66;19;20;0,54;20;14;0,81;22; 
2017-06-08;1;0,68;19;20;0,57;20;13;0,77;24; 
2017-06-08;2;0,66;19;20;0,62;25;14;0,73;22; 
2017-06-08;3;0,65;20;20;0,66;25;14;0,69;21; 
2017-06-08;4;0,65;21;21;0,7;24;15;0,71;21; 
2017-06-08;5;0,64;19;22;0,75;22;16;0,74;19; 
2017-06-08;6;0,6;18;23;0,78;23;17;0,76;21; 
2017-06-08;7;0,61;20;24;0,85;25;17;0,78;26; 
2017-06-08;8;0,66;21;24;0,97;27;17;0,82;26; 
2017-06-08;9;0,69;20;24;1,06;26;18;0,86;20; 
2017-06-08;10;0,7;17;24;1,1;24;19;0,87;20; 
2017-06-08;11;0,69;18;24;1,18;26;20;0,89;18; 
2017-06-08;12;0,68;17;24;1,25;23;21;0,86;18; 
2017-06-08;13;0,68;17;24;1,34;25;22; ; ; 
2017-06-08;14;0,71;17;24;1,44;23;23; ; ; 
2017-06-08;15;0,71;16;25;1,51;22;24; ;19; 
2017-06-08;16;0,68;16;25;1,5;21;24; ;19; 
2017-06-08;17;0,65;16;25;1,5;20;24; ;18; 
2017-06-08;18;0,66;16;25;1,5;21;24; ;18; 
2017-06-08;19;0,68;16;25;1,49;22;24;0,55;21; 
2017-06-08;20;0,71;16;25;1,47;22;24;0,55;19; 
2017-06-08;21;0,76;17;25;1,45;23;25;0,58;19; 
2017-06-08;22;0,78;17;26;1,42;24;25;0,6;20; 
2017-06-08;23;0,75;17;25;1,38;23;26;0,61;21; 
2017-06-08;24;0,72;18;26;1,33;22;26;0,6;22; 
2017-06-09;1;0,69;15;26;1,24;21;27;0,58;20; 
2017-06-09;2;0,63;13;26;1,12;17;27;0,54;16; 
2017-06-09;3;0,56;11;27;0,98;15;27;0,48;12; 
2017-06-09;4;0,49;9;26;0,84;13;26;0,44;14; 
2017-06-09;5;0,39;11;25;0,69;15;25;0,38;18; 
2017-06-09;6;0,32;12;24;0,56;18;24;0,36;20; 
2017-06-09;7;0,32;18;23;0,5;22;24;0,37;23; 
2017-06-09;8;0,36;19;23;0,49;25;24;0,43;29; 
2017-06-09;9;0,44;21;22;0,54;27;23;0,51;32; 
2017-06-09;10;0,49;23;22;0,61;28;23;0,56;28; 
2017-06-09;11;0,55;23;22;0,66;27;22;0,61;29; 
2017-06-09;12;0,61;26;22;0,73;29;22;0,67;30; 
2017-06-09;13;0,67;21;22;0,77;25;21;0,7;24; 
2017-06-09;14;0,7;18;22;0,82;24;20;0,72;22; 
2017-06-09;15;0,7;16;22;0,81;20;20;0,7;21; 
2017-06-09;16;0,66;17;23;0,78;21;20;0,65;22; 
2017-06-09;17;0,61;20;23;0,73;26;20;0,58;24; 
2017-06-09;18;0,6;23;24;0,71;29;20;0,57;28; 
2017-06-09;19;0,62;25;24;0,72;31;20;0,6;32; 
2017-06-09;20;0,65;26;25;0,73;31;20;0,62;30; 
2017-06-09;21;0,72;25;25;0,74;30;21;0,66;28; 
2017-06-09;22;0,77;24;26;0,76;30;22;0,7;27; 
2017-06-09;23;0,81;22;28;0,79;29;22;0,74;25; 
2017-06-09;24;0,82;20;28;0,78;26;22;0,74;25; 
2017-06-10;1;0,81;18;29;0,77;22;22;0,74;25; 
2017-06-10;2;0,78;16;30;0,75;20;23;0,71;23; 
2017-06-10;3;0,72;13;30;0,7;19;23;0,64;18; 
2017-06-10;4;0,64;13;31;0,65;18;23;0,57;18; 
2017-06-10;5;0,53;11;31;0,6;17;23;0,5;17; 
2017-06-10;6;0,45;13;31;0,55;17;24;0,43;19; 
2017-06-10;7;0,4;15;32;0,5;18;24;0,39;21; 
2017-06-10;8;0,38;16;32;0,5;21;24;0,38;21; 
2017-06-10;9;0,36;16;31;0,5;21;24;0,37;21; 
2017-06-10;10;0,37;16;31;0,53;22;24;0,38;20; 
2017-06-10;11;0,39;15;31;0,56;21;24;0,4;21; 
2017-06-10;12;0,41;17;31;0,59;22;24;0,43;22; 
2017-06-10;13;0,44;14;31;0,61;20;24;0,45;21; 
2017-06-10;14;0,47;16;30;0,64;21;23;0,47;21; 
2017-06-10;15;0,49;14;30;0,65;24;24;0,47;21; 
2017-06-10;16;0,5;14;30;0,65;22;24;0,47;22; 
2017-06-10;17;0,51;14;30;0,64;23;24;0,47;24; 
2017-06-10;18;0,53;21;30;0,64;30;23;0,48;28; 
2017-06-10;19;0,64;27;31;0,69;33;23;0,62;38; 
2017-06-10;20;0,75;29;32;0,77;35;24;0,77;36; 
2017-06-10;21;0,88;29;33;0,85;33;24;0,91;35; 
2017-06-10;22;1,02;29;34;0,95;34;25;1,08;36; 
2017-06-10;23;1,19;28;36;1,11;35;26;1,27;36; 
2017-06-10;24;1,39;29;38;1,28;36;27;1,48;37; 
2017-06-11;1;1,59;28;39;1,44;34;28;1,68;33; 
2017-06-11;2;1,73;26;41;1,55;33;28;1,87;37; 
2017-06-11;3;1,69;23;42;1,59;32;29;1,88;33; 
2017-06-11;4;1,63;22;42;1,58;31;29;1,74;29; 
2017-06-11;5;1,53;22;42;1,53;29;29;1,6;28; 
2017-06-11;6;1,39;22;43;1,47;27;29;1,44;28; 
2017-06-11;7;1,23;19;43;1,33;26;30;1,24;26; 
2017-06-11;8;1,04;19;43;1,2;26;30;1,02;28; 
2017-06-11;9;0,84;17;43;1,07;24;30;0,81;26; 
2017-06-11;10;0,68;17;43;0,95;22;30;0,57;23; 
2017-06-11;11;0,61;17;43;0,85;20;30;0,41;23; 
2017-06-11;12;0,57;15;43;0,79;21;30;0,35;21; 
2017-06-11;13;0,55;14;43;0,76;18;30;0,3;13; 
2017-06-11;14;0,54;13;43;0,72;18;30;0,25;14; 
2017-06-11;15;0,53;13;43;0,7;19;30;0,21;12; 
2017-06-11;16;0,52;12;42;0,67;18;30;0,19;11; 
2017-06-11;17;0,53;15;42;0,65;20;30;0,17;12; 
2017-06-11;18;0,53;17;41;0,67;25;30; ;17; 
2017-06-11;19;0,55;21;40;0,69;27;30; ;24; 
2017-06-11;20;0,55;20;39;0,7;28;29; ;26; 
2017-06-11;21;0,56;22;37;0,72;30;28; ;31; 
2017-06-11;22;0,58;24;35;0,75;33;28; ;32; 
2017-06-11;23;0,59;23;33;0,77;29;27; ;33; 
2017-06-11;24;0,6;24;31;0,79;30;26;0,13;31; 
2017-06-12;1;0,59;23;29;0,83;28;24;0,17;32; 
2017-06-12;2;0,57;21;27;0,81;27;24;0,19;27; 
2017-06-12;3;0,54;21;27;0,78;27;23;0,23;29; 
2017-06-12;4;0,52;22;26;0,75;30;23;0,26;28; 
2017-06-12;5;0,49;24;26;0,72;27;22;0,3;30; 
2017-06-12;6;0,48;26;26;0,69;30;22;0,35;31; 
2017-06-12;7;0,53;30;26;0,72;34;22;0,46;41; 
2017-06-12;8;0,7;36;27;0,76;38;22;0,64;53; 
2017-06-12;9;0,98;44;29;0,75;29;21;0,77;50; 
2017-06-12;10;1,06;29;30;0,76;25;21;0,79;28; 
2017-06-12;11;1,06;21;29;0,78;20;21;0,8;26; 
2017-06-12;12;1,1;14;29;0,83;27;20;0,79;24; 
2017-06-12;13;1,12;16;28;0,86;16;20;0,78;23; 
2017-06-12;14;1,12;15;29;0,87;13;20;0,74;24; 
2017-06-12;15;1,06;17;29;0,85;14;20;0,66;25; 
2017-06-12;16;0,91;19;29;0,81;14;19;0,51;27; 
2017-06-12;17;0,66;23;30;0,83;18;19;0,4;34; 
2017-06-12;18;0,64;28; ;0,87;25;19;0,44;38; 
2017-06-12;19;0,75;31; ;0,91;31;18;0,55;41; 
2017-06-12;20;0,85;33; ;0,92;31;18;0,64;42; 
2017-06-12;21;0,98;33; ;0,96;32;17;0,71;40; 
2017-06-12;22;1,09;32; ;0,99;30;16;0,77;39; 
2017-06-12;23;1,17;31; ;1;26;16;0,8;34; 
2017-06-12;24;1,22;29; ;1,01;24;15;0,81;32; 
2017-06-13;1;1,24;26; ;0,95;19;15;0,79;27; 
2017-06-13;2;1,2;21; ;0,87;14;14;0,74;25; 
2017-06-13;3;1,11;17; ;0,78;15;14;0,63;24; 
2017-06-13;4;0,99;13; ;0,69;12;14;0,55;22; 
2017-06-13;5;0,86;15; ;0,59;15;14;0,49;22; 
2017-06-13;6;0,76;17; ;0,51;17;14;0,45;24; 
2017-06-13;7;0,72;21; ;0,45;20;13;0,47;27; 
2017-06-13;8;0,74;23; ;0,42;23;13;0,56;34; 
2017-06-13;9;0,88;27; ;0,45;25;13;0,67;38; 
2017-06-13;10;0,96;28; ;0,54;31;13;0,78;36; 
2017-06-13;11;1,01;31; ;0,64;37;14;0,86;36; 
2017-06-13;12;1,09; ; ;0,74;40;14;0,92;32; 
2017-06-13;13; ; ; ;0,86;41;15;0,96;32; 
2017-06-13;14; ; ; ;0,95;45;16;0,98;35; 
2017-06-13;15; ; ; ;1,05;48;18;0,94;31; 
2017-06-13;16; ;29; ;1,13;41;20;0,85;32; 
2017-06-13;17; ;31; ;1,25;53;22;0,78;49; 
2017-06-13;18; ;36; ;1,32;62;24;0,73;50; 
2017-06-13;19; ;48;22;1,38;57;26;0,76;55; 
2017-06-13;20;1,08;42;23;1,38;53;27;0,76;43; 
2017-06-13;21;1,06;40;24;1,36;50;29;0,78;39; 
2017-06-13;22;1,06;38;24;1,34;42;30;0,78;36; 
2017-06-13;23;1,01;31;24;1,26;33;31;0,79;31; 
2017-06-13;24;0,99;24;24;1,16;27;31;0,78;27; 
2017-06-14;1;0,95;20;24;1,04;23;32;0,73;25; 
2017-06-14;2;0,87;18;25;0,9;19;33;0,66;26; 
2017-06-14;3;0,75;15;25;0,76;18;33;0,55;28; 
2017-06-14;4;0,65;13;26;0,66;17;34;0,5;25; 
2017-06-14;5;0,58;18;26;0,58;17;34;0,46;24; 
2017-06-14;6;0,51;17;26;0,54;17;34;0,43;23; 
2017-06-14;7;0,5;19;26;0,53;22;35;0,42;24; 
2017-06-14;8;0,54;21;26;0,6;30;35;0,44;24; 
2017-06-14;9;0,57;22;25;0,66;30;35;0,46;23; 
2017-06-14;10;0,61;22;24;0,68;25;36;0,48;22; 
2017-06-14;11;0,63;19;23;0,7;21;35;0,49;19; 
2017-06-14;12;0,65;15;21;0,71;21;35;0,49;17; 
2017-06-14;13;0,67;14;21;0,74;23;35;0,48;17; 
2017-06-14;14;0,68;15;20;0,75;25;34;0,48;20; 
2017-06-14;15;0,66;15;20;0,78;26;33;0,49;23; 
2017-06-14;16;0,62;16;20;0,76;28;32;0,49;25; 
2017-06-14;17;0,6;21;20;0,75;31;31;0,5;27; 
2017-06-14;18;0,61;28;20;0,86;36;30;0,54;30; 
2017-06-14;19;0,65;28;20;0,89;32;29;0,58;28; 
2017-06-14;20;0,68;22;19;0,9;28;28;0,61;26; 
2017-06-14;21;0,68;18;19;0,88;18;27;0,62;17; 
2017-06-14;22;0,68;16;18;0,85;22;26;0,61;16; 
2017-06-14;23;0,68;13;17;0,78;19;25;0,59;16; 
2017-06-14;24;0,66;12;17;0,7;19;25;0,57;13; 
2017-06-15;1;0,63;9;17;0,64;10;24;0,54;14; 
2017-06-15;2;0,58;8;17;0,5;8;23;0,47;15; 
2017-06-15;3;0,49;7;16;0,44;9;23;0,41;15; 
2017-06-15;4;0,44;7;16;0,4;18;22;0,36;12; 
2017-06-15;5;0,41;7;15;0,4;18;22;0,34;12; 
2017-06-15;6;0,38;10;15;0,4;16;22;0,34;16; 
2017-06-15;7;0,38;13;15;0,43;18;21;0,34;17; 
2017-06-15;8;0,42;18;15;0,47;18;21;0,37;19; 
2017-06-15;9;0,46;18;15;0,5;21;20;0,4;20; 
2017-06-15;10;0,5;18;14;0,54;20;20;0,45;24; 
2017-06-15;11;0,54;16;15;0,57;18;20;0,51;24; 
2017-06-15;12;0,59;17;15;0,62;22;19;0,55;24; 
2017-06-15;13;0,64;18;15;0,66;21;20;0,62;22; 
2017-06-15;14;0,69;17;15;0,72;21;20;0,66;21; 
2017-06-15;15;0,71;13;15;0,75;23;20;0,68;19; 
2017-06-15;16;0,71;15;15;0,78;23;20;0,7;22; 
2017-06-15;17;0,73;16;15;0,82;24;19;0,74;24; 
2017-06-15;18;0,76;18;15;0,88;25;19;0,79;28; 
2017-06-15;19;0,79;17;15;0,92;23;20;0,85;26; 
2017-06-15;20;0,81;16;15;0,96;21;20;0,85;18; 
2017-06-15;21;0,82;14;15;0,97;18;20;0,81;18; 
2017-06-15;22;0,82;12;15;0,95;18;21;0,78;15; 
2017-06-15;23;0,82;10;15;0,92;19;21;0,75;13; 
2017-06-15;24;0,8;10;15;0,89;15;21;0,71;13; 
2017-06-16;1;0,76;10;15;0,82;10;22;0,64;14; 
2017-06-16;2;0,71;7;15;0,72;8;22;0,54;15; 
2017-06-16;3;0,65;6;15;0,65;8;22;0,44;15; 
2017-06-16;4;0,6;6;16;0,57;6;22;0,39;16; 
2017-06-16;5;0,55;8;16;0,51;6;22;0,37;15; 
2017-06-16;6;0,52;11;16;0,48;9;22;0,37;15; 
2017-06-16;7;0,51;15;16;0,47;13;22;0,4;16;27
2017-06-16;8;0,54;16;17;0,47;16;23;0,43;20;27
2017-06-16;9;0,59;17;17;0,5;18;23;0,48;23;28
2017-06-16;10;0,64;16;17;0,53;17;23;0,51;19;30
2017-06-16;11;0,69;17;18;0,56;16;23;0,56;25;32
2017-06-16;12;0,74;15;18;0,59;14;24;0,61;25;35
2017-06-16;13;0,79;14;18;0,66;21;20;0,65;19;36
2017-06-16;14;0,84;16;19;0,72;21;20;0,69;21;38
2017-06-16;15;0,89;19;19;0,75;23;20;0,73;26;39
2017-06-16;16;0,91;20;20;0,78;23;20;0,76;29;41
2017-06-16;17;0,92;22;20;0,82;24;19;0,8;32;43
2017-06-16;18;0,97;22;21;0,88;25;19;0,87;38;44
2017-06-16;19;1,03;22;21;0,92;23;20;0,93;49;44
2017-06-16;20;1,09;23;21;0,96;21;20;0,97; ;46
2017-06-16;21;1,13;22;22;0,97;18;20;1,02; ;48
2017-06-16;22;1,14;20;22;0,95;18;21; ; ;49
2017-06-16;23;1,13;20;23;0,92;19;21; ; ;51
2017-06-16;24;1,11;19;23;0,89;15;21; ; ;52
2017-06-17;1;1,06;16;23;0,82;10;22; ; ;53
2017-06-17;2;1;15;23;0,72;8;22; ; ;54
2017-06-17;3;0,92;15;24;0,65;8;22; ; ;55
2017-06-17;4;0,82;15;24;0,57;6;22; ; ;56
2017-06-17;5;0,76;15;24;0,51;6;22; ; ;56
2017-06-17;6;0,72;15;24;0,48;9;22; ; ;56
2017-06-17;7;0,68;15;25;0,47;13;22; ; ;56
2017-06-17;8;0,67;17;25;0,47;16;23; ; ;56
2017-06-17;9;0,7;20;25;0,5;18;23; ; ;55
2017-06-17;10;0,71;20;25;0,53;17;23; ; ;54
2017-06-17;11;0,73;17;25;0,56;16;23; ; ;52
2017-06-17;12;0,76;17;25;0,59;14;24; ; ;51
2017-06-17;13;0,78;13;25;0,62;19;21; ; ;50
2017-06-17;14;0,79;10;26;0,65;18;22; ; ;50
2017-06-17;15;0,8;9;26;0,67;14;22; ; ;49
2017-06-17;16;0,77;7;25;0,67;14;21; ; ;47
2017-06-17;17;0,72;9;25;0,67;14;22; ; ;45
2017-06-17;18;0,67;10;26;0,68;16;21; ; ;44
2017-06-17;19;0,64;12;26;0,68;19;22; ; ;43
2017-06-17;20;0,59;13;27;0,69;20;22; ; ;40
2017-06-17;21;0,56;14;26;0,69;20;22; ; ;38
2017-06-17;22;0,53;16;26;0,69;20;22; ; ;36
2017-06-17;23;0,51;15;26;0,7;21;22; ; ;34
2017-06-17;24;0,51;14;25;0,73;23;22; ; ;32
2017-06-18;1;0,51;17;25;0,73;24;22; ; ;30
2017-06-18;2;0,52;17;26;0,73;24;22; ; ;29
2017-06-18;3;0,5;12;26;0,69;20;23; ; ;29
2017-06-18;4;0,49;7;27;0,64;13;23; ; ;30
2017-06-18;5;0,47;4;28;0,58;9;24; ; ;31
2017-06-18;6;0,44;4;29;0,52;8;26; ; ;32
2017-06-18;7;0,42;4;32;0,46;9;27; ; ;34
2017-06-18;8;0,39;5;33;0,39;9;27; ; ;35
2017-06-18;9;0,36;5;34;0,35;9;28; ; ;35
2017-06-18;10;0,33;5;34;0,32;9;28; ; ;34
2017-06-18;11;0,32;5;34;0,3;9;27; ; ;33
2017-06-18;12;0,33;7;34;0,29;9;27; ; ;32
2017-06-18;13;0,35;7;35;0,29;10;27; ; ;31
2017-06-18;14;0,37;8;35;0,3;10;26; ; ;30
2017-06-18;15;0,38;7;35;0,29;10;26; ; ;30
2017-06-18;16;0,4;6;35;0,28;10;26; ; ;30
2017-06-18;17;0,42;9;34;0,27;14;26; ; ;29
2017-06-18;18;0,44;11;33;0,27;16;25; ; ;29
2017-06-18;19;0,47;11;32;0,27;18;25; ; ;28
2017-06-18;20;0,48;12;32;0,27;19;24; ; ;28
2017-06-18;21;0,49;13;31;0,28;20;24; ; ;28
2017-06-18;22;0,49;13;31;0,27;19;24; ; ;28
2017-06-18;23;0,49;11;31;0,27;18;24; ; ;28
2017-06-18;24;0,49;10;31;0,27;17;23; ; ;28
2017-06-19;1;0,49;8;32;0,3;14;23; ; ;29
2017-06-19;2;0,46;6;31;0,31;11;23; ; ;28
2017-06-19;3;0,43;5;31;0,31;11;22; ; ;27
2017-06-19;4;0,41;6;29;0,32;11;21; ; ;26
2017-06-19;5;0,39;8;28;0,31;14;20; ; ;24
2017-06-19;6;0,37;14;26;0,33;20;18; ; ;22
2017-06-19;7;0,38;20;23;0,37;27;16; ; ;20
2017-06-19;8;0,44;23;21;0,47;34;16; ; ;19
2017-06-19;9;0,51;25;21;0,56;36;15; ; ;19
2017-06-19;10;0,59;26;21;0,66;38;15; ; ;20
2017-06-19;11;0,65;26;20;0,78;40;15; ;41;19
2017-06-19;12;0,7;24;20;0,84;31;16; ;28;19
2017-06-19;13;0,74;20;19;0,92;31;15; ;25;19
2017-06-19;14;0,76;19;19;0,98;30;15; ;28;20
2017-06-19;15;0,78;21;18;1,01;28;15; ;27;21
2017-06-19;16;0,75;19;18;0,98;29;15;0,44;26;22
2017-06-19;17;0,7;22;18;0,96;32;15;0,44;33;23
2017-06-19;18;0,69;26;19;0,95;37;15;0,47;39;24
2017-06-19;19;0,74;31;19;0,93;40;16;0,47;44;25
2017-06-19;20;0,85;33;20;0,97;41;16;0,55;42;26
2017-06-19;21;0,97;33;21;0,98;38;17;0,63;44;27
2017-06-19;22;1,11;33;24;1,03;41;18;0,73;46;29
2017-06-19;23;1,23;34;25;1,1;41;19;0,84;48;31
2017-06-19;24;1,37;34;28;1,18;40;20;1;50;32
2017-06-20;1;1,51;31;31;1,22;37;22;1,15;49;34
2017-06-20;2;1,62;32;34;1,26;36;23;1,23;45;37
2017-06-20;3;1,62;27;37;1,27;33;25;1,24;39;39
2017-06-20;4;1,56;25;38;1,24;32;26;1,25;39;41
2017-06-20;5;1,49;26;40;1,2;31;27;1,24;37;43
2017-06-20;6;1,4;25;41;1,15;31;27;1,18;36;44
2017-06-20;7;1,36;27;42;1,11;35;28;1,15;42;45
2017-06-20;8;1,29;28;43;1,08;36;28;1,11;43;46
2017-06-20;9;1,24;29;44;1,08;38;29;1,11;53;49
2017-06-20;10;1,16;30;45;1,03;35;29;1,13;54;51
2017-06-20;11;1,11;28;45;0,96;22;28;1,09;43;51
2017-06-20;12;1,07;22;45;0,89;15;28;0,97;33;52
2017-06-20;13;1,04;22;45;0,84;12;28;0,87;29;52
2017-06-20;14;0,99;17;45;0,78;13;28;0,81;27;51
2017-06-20;15;0,91;12;44;0,7;26;27;0,69;19;49
2017-06-20;16;0,82;13;44;0,61;18;28;0,55;20;48
2017-06-20;17;0,73;15;44;0,51;20;28;0,37;28;48
2017-06-20;18;0,68;21;43;0,48;29;27;0,22;32;48
2017-06-20;19;0,67;27;42;0,52;34;27;0,16;32;47
2017-06-20;20;0,67;25;41;0,54;30;27;0,16;31;46
2017-06-20;21;0,66;22;39;0,57;22;26;0,16;23;44
2017-06-20;22;0,66;20;37;0,59;21;25;0,16;21;42
2017-06-20;23;0,66;17;35;0,59;19;24;0,16;20;40
2017-06-20;24;0,65;14;32;0,58;20;23;0,15;17;39
2017-06-21;1;0,64;10;28;0,57;17;21;0,17;24;37
2017-06-21;2;0,61;8;25;0,52;17;19;0,17;12;34
2017-06-21;3;0,56;6;22;0,45;18;18;0,18;11;32
2017-06-21;4;0,51;6;20;0,41;18;17;0,19;9;30
2017-06-21;5;0,48;7;19;0,37;17;16;0,21;14;28
2017-06-21;6;0,45;11;18;0,35;22;16;0,23;19;27
2017-06-21;7;0,44;16;16;0,37;25;15;0,26;21;26
2017-06-21;8;0,47;22;15;0,41;26;14;0,34;29;25
2017-06-21;9;0,51;24;13;0,45;26;14;0,38;31;23
2017-06-21;10;0,54;18;12;0,49;23;13;0,41;26;23
2017-06-21;11;0,56;15;11;0,52;18;13;0,44;23;26
2017-06-21;12;0,59;17;11;0,55; ;14;0,48;26;34
2017-06-21;13;0,62;16;10;0,59; ;14;0,51;23;37
2017-06-21;14;0,65;15;10;0,59;12;14;0,54;23;39
2017-06-21;15;0,68;15;10;0,57;19;14;0,56;23;45
2017-06-21;16;0,67;15;11;0,57;24;13;0,56;25;52
2017-06-21;17;0,66;17;11;0,58;25;14;0,57;25;54
2017-06-21;18;0,68;21;11;0,64;28;14;0,6;30;54
2017-06-21;19;0,74;26;11;0,75;31;14;0,69;34;55
2017-06-21;20;0,8;27;12;0,85;35;14;0,74;35;57
2017-06-21;21;0,85;27;12;0,96;33;15;0,78;35;58
2017-06-21;22;0,89;24;12;1,05;26;15;0,79;24;59
2017-06-21;23;0,9;18;13;1,13;23;16;0,78;21;59
2017-06-21;24;0,9;16;13;1,16;21;16;0,76;16;60
2017-06-22;1;0,88;12;13;1,12;12;16;0,72;14;60
2017-06-22;2;0,85;9;13;1,06;9;16;0,65;14;60
2017-06-22;3;0,78;6;13;0,93;6;16;0,55;12;60
2017-06-22;4;0,69;6;13;0,79;5;16;0,47;11;60
2017-06-22;5;0,62;6;14;0,66;6;16;0,4;15;61
2017-06-22;6;0,57;8;13;0,58;9;16;0,37;15;61
2017-06-22;7;0,56;12;14;0,52;14;16;0,37;17;61
2017-06-22;8;0,57;14;14;0,51;17;16;0,39;19;62
2017-06-22;9;0,61;16;15;0,56;20;17;0,44;19;62
2017-06-22;10;0,67;17;15;0,6;20;17;0,49;19;61
2017-06-22;11;0,72;17;16;0,66;19;17;0,54;23;58
2017-06-22;12;0,79;18;16;0,7;18;17;0,6;30;55
2017-06-22;13;0,85;18;16;0,73;18;17;0,66;25;50
2017-06-22;14;0,89;16;19;0,74;18;17;0,7;24;49
2017-06-22;15;0,92;20;20;0,72;19;18;0,74;26;45
2017-06-22;16;0,94;22;20;0,71;26;19;0,77;30;40
2017-06-22;17;0,96;25;21;0,66;26;19;0,79;31;40
2017-06-22;18;0,97;26;21;0,62;28;20;0,83;38;40
2017-06-22;19;1,01;27;21;0,57;26;20;0,91;43;40
2017-06-22;20;0,99;23;21;0,53;24;20;0,95;37;40
2017-06-22;21;1,01;26;21;0,52;30;20;0,96;34;39
2017-06-22;22;1,04;24;22;0,51;25;20;0,95;24;40
2017-06-22;23;1,03;19;22;0,5;18;20;0,92;25;40
2017-06-22;24;1,01;16;22;0,46;16;20;0,86;24;40
2017-06-23;1;0,96;13;22;0,45;13;19;0,81;22;40
2017-06-23;2;0,91;11;22;0,45;12;19;0,72;23;41
2017-06-23;3;0,83;9;23;0,44;9;20;0,59;22;41
2017-06-23;4;0,79;9;23;0,43;8;20;0,49;20;41
2017-06-23;5;0,71;9;23;0,41;9;20;0,42;22;41
2017-06-23;6;0,66;12;23;0,4;10;20;0,38;21;41
2017-06-23;7;0,64;16;24;0,41;13;20;0,38;21;41
2017-06-23;8;0,66;21;24;0,44;18;20;0,39;22;41
2017-06-23;9;0,7;22;23;0,45;22;20;0,41;23;42
2017-06-23;10;0,74;20;24;0,48;21;21;0,44;23;44
2017-06-23;11;0,75;22;24;0,51;22;21;0,48;28;46
2017-06-23;12;0,78; ;24;0,54;22;21;0,53;33;50
2017-06-23;13;0,79; ;25;0,58;20;21;0,58;28;50
2017-06-23;14;0,84;24;24;0,61;22;21;0,63;31;49
2017-06-23;15;0,87;24;24;0,63;20;20;0,67;30;49
2017-06-23;16;0,84;23;24;0,65;23;21;0,71;36;50
2017-06-23;17;0,82;28;24;0,66;28;20;0,77;41;51
2017-06-23;18;0,83;29;25;0,68;32;20;0,84;39;52
2017-06-23;19;0,86;30;25;0,69;33;21;0,92;42;52
2017-06-23;20;0,89;30;25;0,69;30;21;0,97;35;53
2017-06-23;21;0,91;25;25;0,69;24;21;0,97;30;53
2017-06-23;22;0,92;26;25;0,7;24;21;0,98;35;54
2017-06-23;23;0,96;27;26;0,72;28;21;0,97;28;55
2017-06-23;24;1,01;27;27;0,76;30;21;0,94;24;55
2017-06-24;1;1,06;25;28;0,83;31;22;0,88;23;55
2017-06-24;2;1,11;25;29;0,87;29;23;0,83;24;56
2017-06-24;3;1,08;24;29;0,89;29;24;0,76;23;57
2017-06-24;4;1,03;22;30;0,89;24;25;0,71;17;59
2017-06-24;5;1;19;31;0,89;20;26;0,67;16;59
2017-06-24;6;0,94;16;31;0,88;20;26;0,61;17;59
2017-06-24;7;0,85;17;31;0,84;21;27;0,57;19;59
2017-06-24;8;0,77;19;31;0,8;23;27;0,55;21;59
2017-06-24;9;0,69;20;32;0,74;26;27;0,55;18;58
2017-06-24;10;0,63;22;32;0,71;25;28;0,53;21;56
2017-06-24;11;0,62;20;32;0,69;22;28;0,48;18;54
2017-06-24;12;0,63;21;32;0,7;22;28;0,45;18;50
2017-06-24;13;0,64;18;32;0,73;20;28;0,45;16;47
2017-06-24;14;0,68;20;31;0,78;22;28;0,47;17;46
2017-06-24;15;0,71;22;30;0,81;23;29;0,47;19;44
2017-06-24;16;0,74;24;30;0,89;29;29;0,47;20;41
2017-06-24;17;0,77;27;30;0,95;30;29;0,45;21;39
2017-06-24;18;0,79;28;29;0,99;31;29;0,45;22;37
2017-06-24;19;0,86;28;30;1,03;32;29;0,46;23;36
2017-06-24;20;0,98;30;30;1,07;33;29;0,49;22;34
2017-06-24;21;0,99;22;30;1,04;33;28;0,55;25;33
2017-06-24;22;0,99;22;30;1;28;29;0,56;23;32
2017-06-24;23;0,97;19;30;0,96;27;29;0,58;24;31
2017-06-24;24;0,96;19;29;0,87;24;28;0,6;23;31
2017-06-25;1;0,93;15;28;0,77;19;28;0,63;22;32
2017-06-25;2;0,87;13;27;0,67;11;27;0,62;22;32
2017-06-25;3;0,76;10;27;0,59;11;26;0,59;21;31
2017-06-25;4;0,61;9;26;0,51;9;26;0,55;19;30
2017-06-25;5;0,56;9;25;0,48;10;25;0,48;18;29
2017-06-25;6;0,51;9;25;0,45;12;25;0,44;22;29
2017-06-25;7;0,48;11;25;0,44;13;25;0,41;23;29
2017-06-25;8;0,45;12;25;0,44;13;24;0,38;23;29
2017-06-25;9;0,44;13;25;0,43;25;24;0,35;19;28
2017-06-25;10;0,43;13;24;0,43;27;23;0,35;17;28
2017-06-25;11;0,44;13;23;0,43;18;23;0,36;17;27
2017-06-25;12;0,45;11;23;0,43;11;22;0,37;20;27
2017-06-25;13;0,47;12;22;0,44;11;22;0,4;19;27
2017-06-25;14;0,49;11;22;0,45;10;21;0,42;20;28
2017-06-25;15;0,5;10;22;0,46;10;21;0,45;20;28
2017-06-25;16;0,52;13;22;0,46;12;21;0,48;20;29
2017-06-25;17;0,54;16;22;0,48;18;20;0,52;24;29
2017-06-25;18;0,59;23;22;0,5;25;20;0,57;27;29
2017-06-25;19;0,65;26;21;0,56;32;20;0,63;27;30
2017-06-25;20;0,73;26;21;0,63;36;20;0,71;28;30
2017-06-25;21;0,75;21;21;0,66;32;20;0,73;23;30
2017-06-25;22;0,77;19;20;0,66;28;20;0,75;24;30
2017-06-25;23;0,78;21;20;0,66;20;19;0,74;23;30
2017-06-25;24;0,78;18;20;0,65;22;19;0,71;23;29
2017-06-26;1;0,75;11;20;0,63;12;18;0,66;23;28
2017-06-26;2;0,68;8;19;0,59;20;18;0,6;20;28
2017-06-26;3;0,6;6;19;0,52;22;18;0,52;16;27
2017-06-26;4;0,5;5;19;0,44;8;17;0,41;23;27
2017-06-26;5;0,44;8;19;0,39;8;17;0,36;25;27
2017-06-26;6;0,4;12;18;0,38;11;17;0,32;24;27
2017-06-26;7;0,39;20;18;0,36;15;16;0,31;23;27
2017-06-26;8;0,41;22;18;0,37;22;17;0,33;26;28
2017-06-26;9;0,49;25;18;0,39;24;16;0,36;29;30
2017-06-26;10;0,54;22;19;0,42;24;17;0,39;24;30
2017-06-26;11;0,57;19;19;0,45;20;17;0,42;22;31
2017-06-26;12;0,61;18;19;0,47;20;17;0,45;21;31
2017-06-26;13;0,65;20;20;0,5;24;18;0,5;22;31
2017-06-26;14;0,69;22;20;0,53;21;18;0,53;24;30
2017-06-26;15;0,71;20;20;0,55;22;18;0,56;28;29
2017-06-26;16;0,71;23;20;0,57;24;18;0,58;27; 
2017-06-26;17;0,68;27;20;0,58;29;19;0,6;34; 
2017-06-26;18;0,69;27;20;0,58;31;19;0,64;39; 
2017-06-26;19;0,71;27;20;0,61;31;19;0,68;33; 
2017-06-26;20;0,74;26;21;0,62;31;19;0,71;27; 
2017-06-26;21;0,74;20;20;0,62;27;19;0,69;20; 
2017-06-26;22;0,74;19;21;0,61;28;20;0,67;20; 
2017-06-26;23;0,73;16;21;0,59;22;20;0,64;19; 
2017-06-26;24;0,7;13;20;0,57;17;20;0,6;21; 
2017-06-27;1;0,65;9;21;0,54;11;20;0,54;26; 
2017-06-27;2;0,6;8;21;0,51;10;20;0,48;25; 
2017-06-27;3;0,54;6;21;0,46;9;20;0,4;21; 
2017-06-27;4;0,49;6;21;0,44;9;20;0,35;19; 
2017-06-27;5;0,45;9;21;0,43;11;20;0,32;23; 
2017-06-27;6;0,42;11;22;0,43;12;21;0,31;23; 
2017-06-27;7;0,42;16;22;0,44;17;21;0,33;25; 
2017-06-27;8;0,45;21;23;0,49;26;22;0,37;26; 
2017-06-27;9;0,52;21;23;0,54;23;22;0,44;26; 
2017-06-27;10;0,59;16;23;0,61;20;23;0,5;20; 
2017-06-27;11;0,63;13;24;0,68;20;23;0,53;16;44
2017-06-27;12;0,68;13;23;0,76;22;23;0,57; ;45
2017-06-27;13;0,72;14;23;0,83;23;23;0,64;20;46
2017-06-27;14;0,75;15;23;0,9;26;23;0,66;21;45
2017-06-27;15;0,77;17;22;0,94;28;22;0,65;23;43
2017-06-27;16;0,75;18;22;0,96;27;22;0,6;24;42
2017-06-27;17;0,71;19;21;0,98;28;21;0,52;25;41
2017-06-27;18;0,68;19;20;1;30;20;0,46;28;39
2017-06-27;19;0,68;20;20;1;28;20;0,46;28;36
2017-06-27;20;0,67;19;19;0,98;28;19;0,45;28;34
2017-06-27;21;0,67;19;18;0,97; ;19;0,42;25;33
2017-06-27;22;0,65;16;18;0,94;27;18;0,4;22;32
2017-06-27;23;0,62;14;17;0,93;26;18;0,39;19;31
2017-06-27;24;0,6;13;17;0,9;24;18;0,38;13;30
2017-06-28;1;0,57;10;17;0,84;22;18;0,39;11;29
2017-06-28;2;0,54;8;16;0,74;17;18;0,38;8;28
2017-06-28;3;0,49;6;16;0,66;15;18;0,37;7;28
2017-06-28;4;0,45;5;16;0,58;14;18;0,37;6;27
2017-06-28;5;0,41;5;15;0,55;12;17;0,36;6;26
2017-06-28;6;0,38;8;14;0,5;18;17;0,36;9;25
2017-06-28;7;0,38;14;14;0,49;25;16;0,36;18;24
2017-06-28;8;0,39;18;13;0,51;29;16;0,38;28;23
2017-06-28;9;0,43;20;12;0,56;33;15;0,39;29;20
2017-06-28;10;0,5;24;12;0,63;33;16;0,42;28;20
2017-06-28;11;0,56;25;12;0,76;40;16;0,45;29;18
2017-06-28;12;0,64;26;13;0,89;39;16;0,48;30;17
2017-06-28;13;0,71;25;13;1,01;39;17;0,51;28;16
2017-06-28;14;0,78;23;14;1,11;37;18;0,55;28;17
2017-06-28;15;0,83;23;15;1,18;35;19;0,58;30;18
2017-06-28;16;0,86;22;15;1,24;34;20;0,59;30;18
2017-06-28;17;0,88;24;15;1,28;38;20;0,59;34;19
2017-06-28;18;0,86;24;15;1,38;41;21;0,57;33;19
2017-06-28;19;0,88;25;16;1,51;40;22;0,57;34;19
2017-06-28;20;0,87;24;16;1,49;34;23;0,58;32;20
2017-06-28;21;0,89;23;17;1,47;32;24;0,57;32;21
2017-06-28;22;0,89;21;18;1,48;31;25;0,56;29;22
2017-06-28;23;0,91;20;18;1,45;29;26;0,56;29;23
2017-06-28;24;0,9;19;19;1,37;29;26;0,57;26;23
2017-06-29;1;0,87;18;19;1,31;26;27;0,58;29;24
2017-06-29;2;0,85;16;19;1,15;24;27;0,57;28;25
2017-06-29;3;0,8;16;19;0,92;25;27;0,56;26;25
2017-06-29;4;0,74;13;20;0,83;22;28;0,55;25;26
2017-06-29;5;0,66;10;20;0,73;17;28;0,53;28;26
2017-06-29;6;0,6;14;20;0,61;22;28;0,52;29;26
2017-06-29;7;0,57;20;20;0,59;30;28;0,51;26;27
2017-06-29;8;0,6;25;20;0,68;38;28;0,53;22;27
2017-06-29;9;0,7;27;21;0,75;40;29;0,57;29;28
2017-06-29;10;0,76;27;21;0,87;43;29;0,65;36;27
2017-06-29;11;0,8;25;22;0,9;29;29;0,73;38;30
2017-06-29;12;0,86;26;22;0,97;35;28;0,8;37;32
2017-06-29;13;0,98; ;22;1,07;39;28;0,9;37;35
2017-06-29;14;1,01; ;22;1,15;34;28;0,93;27;36
2017-06-29;15;0,99;17;22;1,15;25;28;0,94;23;40
2017-06-29;16;0,91;18;22;1,08;27;28;0,94;31;43
2017-06-29;17;0,78;22;22;1,01;27;28;0,93;30;58
2017-06-29;18;0,71;23;23;0,93;31;28;0,92;33;61
2017-06-29;19;0,75;23;23;0,95;30;28;0,95;34;63
2017-06-29;20;0,77;22;24;0,92;28;27;0,97;32;64
2017-06-29;21;0,75;23;24;0,87;27;27;0,96;33;65
2017-06-29;22;0,78;21;25;0,85;28;26;1,01;30;66
2017-06-29;23;0,79;20;25;0,87;29;26;1,04;26;66
2017-06-29;24;0,8;18;26;0,85;26;26;1,05;26;67
2017-06-30;1;0,78;17;26;0,86;27;27;1,04;28;67
2017-06-30;2;0,74;16;27;0,84;29;27;0,98;28;67
2017-06-30;3;0,67;14;27;0,8;24;27;0,88;24;67
2017-06-30;4;0,59;12;27;0,75;19;28;0,77;17;67
2017-06-30;5;0,5;12;28;0,71;18;28;0,68;22;67
2017-06-30;6;0,43;15;28;0,67;22;28;0,6;25;68
2017-06-30;7;0,42;18;28;0,64;27;28;0,57;26;68
2017-06-30;8;0,47;21;28;0,67;30;28;0,57;24;68
2017-06-30;9;0,53;21;28;0,69;26;28;0,56;22;68
2017-06-30;10;0,58;19;28;0,71;25;27;0,57;19;68
2017-06-30;11;0,64;19;28;0,8;29;27;0,58;20;64
2017-06-30;12;0,7;22;28;0,97;35;28;0,61;24;62
2017-06-30;13;0,78;28;29;1,16;44;29;0,66;31;60
2017-06-30;14;0,87;36;29;1,28;46;29;0,71;37;60
2017-06-30;15;0,93;38;31;1,4;45;30;0,71;37;59
2017-06-30;16;0,88;28;31;1,45;43;31;0,68;33;58
2017-06-30;17;0,83;28;32;1,57;43;32;0,64;26;45
2017-06-30;18;0,81;28;32;1,68;43;33;0,59;34;41
2017-06-30;19;0,85;30;32;1,74;41;33;0,58;35;40
2017-06-30;20;0,89;31;32;1,71;41;33;0,57;36;39
2017-06-30;21;0,92;31;33;1,67;41;35;0,55;37;39
2017-06-30;22;0,93;30;33;1,67;41;36;0,54;34;39
2017-06-30;23;0,97;31;34;1,61;36;36;0,57;32;41
2017-06-30;24;1,11;31;35;1,58;34;36;0,63;37;42
2017-07-01;1;1,23;30;37;1,47;31;37;0,67;37;43
2017-07-01;2;1,34;27;38;1,36;28;36;0,74;37;43
2017-07-01;3;1,33;26;39;1,25;29;37;0,82;37;44
2017-07-01;4;1,32;26;39;1,14;27;37;0,89;35;45
2017-07-01;5;1,32;26;40;0,99;25;37;0,95;34;47
2017-07-01;6;1,25;23;40;0,84;25;37;0,96;32;48
2017-07-01;7;1,16;25;40;0,75;23;37;0,96;32;48
2017-07-01;8;1,03;26;40;0,69;30;37;0,92;36;48
2017-07-01;9;0,94;25;40;0,65;30;37;0,93;34;49
2017-07-01;10;0,82;23;40;0,6;23;37;0,88;29;50
2017-07-01;11;0,76;17;39;0,55;18;36;0,81;26;51
2017-07-01;12;0,69;18;38;0,52;14;36;0,73;27;52
2017-07-01;13;0,62;19;37;0,5;14;34;0,66;27;52
2017-07-01;14;0,61;16;36;0,49;14;32;0,63;27;51
2017-07-01;15;0,59;17;34;0,47;25;30;0,59;25;50
2017-07-01;16;0,57;17;33;0,45;28;29;0,55;27;47
2017-07-01;17;0,52;18;32;0,42;25;29;0,52;29;47
2017-07-01;18;0,49;25;32;0,45;36;28;0,52;34;48
2017-07-01;19;0,54;32;31;0,49;38;27;0,54;35;48
2017-07-01;20;0,58;33;31;0,56;38;26;0,54;35;47
2017-07-01;21;0,64;33;30;0,65;37;25;0,56;34;46
2017-07-01;22;0,7;28;29;0,68;34;23;0,58;32;45
2017-07-01;23;0,72;24;28;0,7;28;22;0,59;30;43
2017-07-01;24;0,73;23;26;0,69;22;21;0,61;30;41
2017-07-02;1;0,73;19;23;0,67;18;20;0,62;26;40
2017-07-02;2;0,71;17;22;0,62;17;19;0,62;23;39
2017-07-02;3;0,65;13;21;0,57;12;19;0,6;23;38
2017-07-02;4;0,58;12;20;0,51;10;18;0,58;23;36
2017-07-02;5;0,48;12;18;0,45;10;18;0,54;24;35
2017-07-02;6;0,41;13;18;0,44;10;17;0,48;31;33
2017-07-02;7;0,37;14;18;0,46;12;17;0,46;31;32
2017-07-02;8;0,34;13;17;0,52;13;17;0,44;29;32
2017-07-02;9;0,32;12;17;0,58;13;16;0,42;28;30
2017-07-02;10;0,31;10;16;0,64;13;15;0,41;22;28
2017-07-02;11;0,31;10;15;0,67;9;14;0,41;18;26
2017-07-02;12;0,31;8;14;0,69;8;14;0,41;18;24
2017-07-02;13;0,32;8;14;0,69;7;14;0,42;17;23
2017-07-02;14;0,32;8;14;0,7;13;14;0,43;16;23
2017-07-02;15;0,33;9;14;0,68;9;13;0,44;18;22
2017-07-02;16;0,33;10;13;0,65;16;12;0,46;21;21
2017-07-02;17;0,35;12;13;0,63;25;12;0,47;20;20
2017-07-02;18;0,37;16;13;0,62;22;12;0,48;23;20
2017-07-02;19;0,39;17;12;0,63;22;11;0,5;24;19
2017-07-02;20;0,42;18;11;0,64;23;11;0,51;26;19
2017-07-02;21;0,44;17;11;0,66;25;11;0,51;22;18
2017-07-02;22;0,45;17;10;0,67;24;10;0,5;20;18
2017-07-02;23;0,45;14;10;0,68;23;11;0,49;20;17
2017-07-02;24;0,45;10;10;0,67;23;11;0,47;21;17
2017-07-03;1;0,43;8;10;0,62;21;11;0,46;16;16
2017-07-03;2;0,39;6;10;0,56;24;11;0,44;9;16
2017-07-03;3;0,36;4;10;0,5;21;12;0,42;6;17
2017-07-03;4;0,32;5;10;0,45;12;12;0,39;8;17
2017-07-03;5;0,29;5;10;0,39;6;12;0,38;12;17
2017-07-03;6;0,25;7;10;0,35;15;13;0,38;22;18
2017-07-03;7;0,25;15;10;0,33;20;13;0,39;25;18
2017-07-03;8;0,27;16;10;0,32;25;13;0,39; ;18
2017-07-03;9;0,3;18;10;0,34;20;14;0,39; ;19
2017-07-03;10;0,33;16;10;0,36;17;14;0,42;24;20
2017-07-03;11;0,36;14;10;0,38;19;14;0,45;21;21
2017-07-03;12;0,38;11;11;0,4;19;15;0,48;20;22
2017-07-03;13;0,41;13;11;0,41;20;15;0,53;21;22
2017-07-03;14;0,44;12;11;0,42;23;15;0,55;19;23
2017-07-03;15;0,46;13;11;0,43;24;16;0,57;19;24
2017-07-03;16;0,46;14;11;0,43;19;16;0,58;23;26
2017-07-03;17;0,47;19;11;0,47;28;17;0,61;28;27
2017-07-03;18;0,48;23;12;0,48;30;17;0,67;32;28
2017-07-03;19;0,51;21;12;0,49;27;17;0,7;25;28
2017-07-03;20;0,54;19;12;0,5;24;18;0,71;23;29
2017-07-03;21;0,55;17;12;0,5;19;18;0,69;18;29
2017-07-03;22;0,56;15;12;0,5;20;18;0,68;17;29
2017-07-03;23;0,55;13;12;0,47;21;18;0,67;19;29
2017-07-03;24;0,54;10;12;0,44;20;18;0,64;16;30
2017-07-04;1;0,51;9;13;0,4;19;18;0,6;13;30
2017-07-04;2;0,47;6;13;0,39;16;17;0,53;12;29
2017-07-04;3;0,43;5;13;0,37;12;17;0,49;12;29
2017-07-04;4;0,4;5;13;0,35;19;17;0,46;10;28
2017-07-04;5;0,36;5;13;0,35;17;17;0,45;11;28
2017-07-04;6;0,34;8;13;0,35;20;17;0,44;16;28
2017-07-04;7;0,33;13;13;0,37;21;17;0,45;20;28
2017-07-04;8;0,35;17;14;0,39; ;17;0,47;22;28
2017-07-04;9;0,39;18;14;0,42;22;17;0,48;20;28
2017-07-04;10;0,42;15;14;0,44;20;17;0,5;19;27
2017-07-04;11;0,44;13;14;0,47;18;18;0,51;17;27
2017-07-04;12;0,47;12;14;0,51;20;18;0,52;18;30
2017-07-04;13;0,49;12;14;0,54;21;19;0,54;17;31
2017-07-04;14;0,51;11;14;0,57;27;19;0,55;19;31
2017-07-04;15;0,53;13;14;0,59;21;19;0,56;21;36
2017-07-04;16;0,53;14;14;0,57;16;19;0,56;23;43
2017-07-04;17;0,53;18;15;0,56;22;19;0,59;28;48
2017-07-04;18;0,53;23;15;0,57;24;19;0,62;27;48
2017-07-04;19;0,55;23;15;0,57;25;19;0,65;24;48
2017-07-04;20;0,55;22;16;0,56;23;19;0,66;21;48
2017-07-04;21;0,57;19;16;0,55;18;19;0,66;21;48
2017-07-04;22;0,58;15;16;0,52;14;19;0,65;17;48
2017-07-04;23;0,57;14;16;0,5;19;18;0,63;16;48
2017-07-04;24;0,55;10;16;0,48;19;18;0,61;20;48
2017-07-05;1;0,52;9;16;0,45;20;18;0,57;18;48
2017-07-05;2;0,49;6;16;0,42;20;18;0,52;14;48
2017-07-05;3;0,45;5;16;0,37;20;18;0,48;12;48
2017-07-05;4;0,42;4;16;0,35;19;18;0,45;13;48
2017-07-05;5;0,38;5;16;0,33;9;18;0,44;17;48
2017-07-05;6;0,35;7;15;0,33;16;18;0,44;18;47
2017-07-05;7;0,35;14;16;0,33;25;18;0,45;20;47
2017-07-05;8;0,36;16;16;0,36;24;18;0,47;21;48
2017-07-05;9;0,39;16;15;0,39;20;18;0,49;22;51
2017-07-05;10;0,42;15;16;0,41;18;18;0,52;23;53
2017-07-05;11;0,45;16;16;0,44;17;17;0,55;24;57
2017-07-05;12;0,47;18;17;0,46;20;18;0,59;31;64
2017-07-05;13;0,49; ;17;0,49;19;17;0,63;28;68
2017-07-05;14;0,54; ;17;0,52;21;17;0,67;26;75
2017-07-05;15;0,56;19;17;0,55;20;17;0,7;25;80
2017-07-05;16;0,57;17;18;0,56;20;18;0,73;22;80
2017-07-05;17;0,57;17;17;0,58;21;18;0,74;21;82
2017-07-05;18;0,59;19;17;0,6;23;18;0,78;26;83
2017-07-05;19;0,66;22;17;0,65;26;18;0,83;27;84
2017-07-05;20;0,71;22;17;0,71;28;18;0,87;27;84
2017-07-05;21;0,71;21;17;0,76;28;18;0,89;26;85
2017-07-05;22;0,72;20;17;0,8;29;19;0,87;27;85
2017-07-05;23;0,7;19;17;0,81;27;19;0,84;30;85
2017-07-05;24;0,7;21;17;0,81;29;19;0,82;30;85
2017-07-06;1;0,7;21;18;0,82;29;19;0,81;30;84
2017-07-06;2;0,67;21;18;0,8;27;19;0,76;31;84
2017-07-06;3;0,6;20;18;0,78;29;19;0,7;34;85
2017-07-06;4;0,53;20;18;0,74;25;19;0,63;31;84
2017-07-06;5;0,49;22;18;0,69;26;18;0,6;29;85
2017-07-06;6;0,49;23;19;0,69;31;18;0,62;30;85
2017-07-06;7;0,57;28;19;0,76;36;18;0,67;35;86
2017-07-06;8;0,64;29;20;0,86;42;19;0,76;37;86
2017-07-06;9;0,73;33;20;0,96;40;19;0,81;36;85
2017-07-06;10;0,84;34;21;1,09;46;20;0,88;34;84
2017-07-06;11;0,96;34;23;1,26;47;22;0,93;32;82
2017-07-06;12;1,03;30;23;1,48;47;23;0,96;28;72
2017-07-06;13;1,08;27;25;1,69;41;25;0,99;29;68
2017-07-06;14;1,09;22;25;1,87;47;27;0,97;27;61
2017-07-06;15;1,03;24;25;1,93;38;27;0,92;29;50
2017-07-06;16;1;24;25;1,98;36;27;0,82;30;41
2017-07-06;17;0,92;21;25;1,98;33;27;0,75;30;34
2017-07-06;18;0,82;23;25;1,99;38;27;0,68;33;32
2017-07-06;19;0,72;24;24;1,98;38;27;0,63;33;31
2017-07-06;20;0,68;24;24;1,84;30;27;0,59;30;30
2017-07-06;21;0,65;22;23;1,71;29;26;0,55;29;29
2017-07-06;22;0,63;23;23;1,55;28;26;0,5;32;28
2017-07-06;23;0,6;25;23;1,46;30;26;0,47;35;28
2017-07-06;24;0,56;24;23;1,33;27;26;0,46;36;28
2017-07-07;1;0,52;18;23;1,2;25;25;0,44;30;29
2017-07-07;2;0,48;16;22;1,05;26;26;0,43;20;29
2017-07-07;3;0,43;13;23;0,86;21;26;0,41;20;29
2017-07-07;4;0,38;14;23;0,74;17;26;0,39;13;29
2017-07-07;5;0,34;13;23;0,62;21;26;0,39;14;29
2017-07-07;6;0,31;15;23;0,55;22;26;0,39;28;29
2017-07-07;7;0,29;20;22;0,5;30;26;0,4;35;28
2017-07-07;8;0,3;24;22;0,5;35;26;0,43;36;28
2017-07-07;9;0,34;26;22;0,51;33;26;0,44;32;25
2017-07-07;10;0,37;26;20;0,54;31;25;0,46;32;24
2017-07-07;11;0,4;24;18;0,6;32;23;0,47;31;21
2017-07-07;12;0,44;24;17;0,63; ;21;0,49;27;20
2017-07-07;13;0,46;20;15;0,69; ;19;0,51;27;18
2017-07-07;14;0,49;20;14; ;27;17;0,54;28;16
2017-07-07;15;0,5;21;14; ;30;16;0,54;31;15
2017-07-07;16;0,51;24;13; ;31;16;0,55;31;15
2017-07-07;17;0,51;22;12; ;27;15;0,57;27;14
2017-07-07;18;0,52;20;12; ;24;14;0,63;30;14
2017-07-07;19;0,55;19;12; ;20;14;0,7;25;15
2017-07-07;20;0,57;16;13;1,04;18;14;0,75;26;15
2017-07-07;21;0,6;18;12;1,02;22;14;0,77;22;15
2017-07-07;22;0,64;21;13;0,99;25;14;0,77;24;15
2017-07-07;23;0,66;26;13;0,98;31;14;0,78;32;16
2017-07-07;24;0,65;20;13;0,92;27;14;0,78;29;15
2017-07-08;1;0,66;22;13;0,89;24;14;0,76;25;15
2017-07-08;2;0,65;22;13;0,84;22;14;0,71;23;15
2017-07-08;3;0,62;17;13;0,82;22;14;0,65;21;15
2017-07-08;4;0,61;22;13;0,81;25;14;0,59;22;15
2017-07-08;5;0,58;25;12;0,76;19;13;0,57;20;15
2017-07-08;6;0,54;16;12;0,72;19;13;0,56;23;14
2017-07-08;7;0,51;15;12;0,67;26;13;0,56;25;14
2017-07-08;8;0,5;17;12;0,64;20;13;0,56;28;14
2017-07-08;9;0,48;19;11;0,61;21;13;0,59;28;15
2017-07-08;10;0,48;16;11;0,6;20;12;0,61;23;16
2017-07-08;11;0,49;13;11;0,61;19;12;0,65;21;16
2017-07-08;12;0,5;13;11;0,61;17;12;0,68;19;17
2017-07-08;13;0,53;12;11;0,62;17;12;0,72;19;18
2017-07-08;14;0,55;12;12;0,66;18;12;0,75;22;19
2017-07-08;15;0,56;12;12;0,67;19;12;0,77;21;19
2017-07-08;16;0,56;12;12;0,67;19;12;0,76;22;19
2017-07-08;17;0,54;12;12;0,66;20;12;0,74;23;19
2017-07-08;18;0,54;12;12;0,66;19;12;0,73;23;19
2017-07-08;19;0,53;13;12;0,64;20;12;0,7;23;19
2017-07-08;20;0,53;16;11;0,63;21;12;0,69;26;18
2017-07-08;21;0,52;16;11;0,63;21;12;0,68;26;18
2017-07-08;22;0,52;15;11;0,64;22;12;0,66;24;18
2017-07-08;23;0,53;16;10;0,64;20;12;0,64;23;17
2017-07-08;24;0,53;13;10;0,65;21;11;0,64;24;17
2017-07-09;1;0,53;12;10;0,66;20;12;0,63;22;17
2017-07-09;2;0,52;13;10;0,68;21;12;0,61;14;17
2017-07-09;3;0,51;11;10;0,67;18;12;0,59;14;17
2017-07-09;4;0,48;13;10;0,66;16;12;0,57;24;17
2017-07-09;5;0,45;10;10;0,63;11;12;0,55;21;18
2017-07-09;6;0,43;11;10;0,58;9;12;0,54;23;18
2017-07-09;7;0,4;11;10;0,55;10;12;0,53;25;18
2017-07-09;8;0,39;12;10;0,52;15;12;0,52;24;17
2017-07-09;9;0,37;13;10;0,51;21;12;0,51; ;16
2017-07-09;10;0,38;16;10;0,49;22;12;0,52; ;15
2017-07-09;11;0,4;17;10;0,5;21;12; ; ;15
2017-07-09;12;0,43;19;10;0,55;24;12; ; ;15
2017-07-09;13;0,48;20;10;0,63;26;12; ; ;15
2017-07-09;14;0,54;21;10;0,75;27;12; ; ;14
2017-07-09;15;0,6;23;11;0,82;30;12; ; ;15
2017-07-09;16;0,65;24;11;0,89;32;13; ; ;15
2017-07-09;17;0,71;24;12;0,97;30;13; ; ;16
2017-07-09;18;0,74;21;12;1,02;25;13; ; ;15
2017-07-09;19;0,77;22;12;1,05;26;13; ; ;15
2017-07-09;20;0,79;25;12;1,07;29;13; ; ;15
2017-07-09;21;0,8;25;12;1,09;31;13; ; ;15
2017-07-09;22;0,8;23;12;1,07;30;13; ; ;15
2017-07-09;23;0,79;23;12;1,08;29;13; ; ;15
2017-07-09;24;0,76;19;12;1,05;25;14; ; ;16
2017-07-10;1;0,73;16;12;1;21;14; ; ;15
2017-07-10;2;0,69;14;12;0,93;19;14; ; ;16
2017-07-10;3;0,63;11;12;0,88;18;14; ; ;16
2017-07-10;4;0,56;10;12;0,79;15;14; ; ;16
2017-07-10;5;0,49;11;12;0,69;14;13; ; ;15
2017-07-10;6;0,43;13;12;0,63;19;13; ; ;15
2017-07-10;7;0,4;18;12;0,63;24;14; ; ;15
2017-07-10;8;0,45;21;12;0,71;32;14; ; ;15
2017-07-10;9;0,5;22;12;0,8;34;15; ; ;15
2017-07-10;10;0,54;22;13;0,93;33;15; ; ;15
2017-07-10;11;0,57;20;13;1,09;32;16; ; ;15
2017-07-10;12;0,61;20;13;1,28;33;17; ; ;15
2017-07-10;13;0,66;18;13;1,51;31;17; ; ;14
2017-07-10;14;0,71;16;12;1,68;28;18; ; ;14
2017-07-10;15;0,73;16;12;1,81;28;18; ;22;13
2017-07-10;16;0,69;16;12;1,86;27;18; ;22;12
2017-07-10;17;0,65;18;12;1,9;28;18; ;24;12
2017-07-10;18;0,65;23;12;1,94;34;18; ;30;12
2017-07-10;19;0,71;25;12;2;34;19; ;31;13
2017-07-10;20;0,76;25;13;2;32;20;0,57;31;13
2017-07-10;21;0,76;24;13;1,92;31;21;0,56;30;13
2017-07-10;22;0,74;21;13;1,85;29;22;0,55;28;13
2017-07-10;23;0,73;21;13;1,74;28;22;0,55;32;14
2017-07-10;24;0,71;20;14;1,64;25;23;0,55;23;14
2017-07-11;1;0,69;16;14;1,49;21;23;0,55;16;14
2017-07-11;2;0,63;11;15;1,31;17;23;0,52;14;14
2017-07-11;3;0,53;9;15;1,09;15;23;0,49;11;14
2017-07-11;4;0,43;12;15;0,9;14;23;0,45;8;14
2017-07-11;5;0,37;15;16;0,75;17;24;0,43;10;14
2017-07-11;6;0,35;19;16;0,63;22;24;0,42;21;15
2017-07-11;7;0,34;23;16;0,57;32;25;0,42;34;15
2017-07-11;8;0,36;27;17;0,58;40;25;0,45;36;16
2017-07-11;9;0,42;29;17;0,63;40;26;0,5;35;16
2017-07-11;10;0,5;30;18;0,72;44;27;0,55;33;17
2017-07-11;11;0,56;32;18;0,81;42;27;0,57;34;17
2017-07-11;12;0,6;29;19;0,9;35;27;0,6;27;18
2017-07-11;13;0,62;22;20;1,02;28;28;0,62;27;18
2017-07-11;14;0,66;16;20;1,06;22;27;0,63;29;19
2017-07-11;15;0,69; ;20;1,07;24;27;0,64;27;20
2017-07-11;16;0,64;14;20;1,02;24;27;0,62;27;21
2017-07-11;17;0,57;17;20;0,99;27;27;0,59;32;22
2017-07-11;18;0,5;22;20;0,96;33;27;0,56;32;23
2017-07-11;19;0,45;26;20;0,94;31;27;0,58;36;23
2017-07-11;20;0,46;28;20;0,91;34;26;0,57;32;24
2017-07-11;21;0,47;24;20;0,83;32;26;0,58;30;24
2017-07-11;22;0,48;25;20;0,8;29;26;0,58;32;24
2017-07-11;23;0,48;24;20;0,77;30;26;0,59;31;24
2017-07-11;24;0,49;17;20;0,73;22;25;0,59;25;24
2017-07-12;1;0,48;18;19;0,69;23;26;0,57;23;24
2017-07-12;2;0,46;11;19;0,63;18;26;0,56;19;24
2017-07-12;3;0,43;7;19;0,56;13;26;0,53;15;24
2017-07-12;4;0,39;9;19;0,49;8;26;0,5;11;24
2017-07-12;5;0,35;13;18;0,44;8;25;0,49;17;25
2017-07-12;6;0,32;11;18;0,42;14;25;0,49;20;24
2017-07-12;7;0,32;11;18;0,42;20;25;0,49;20;25
2017-07-12;8;0,34;13;17;0,48;24;24;0,52;22;24
2017-07-12;9;0,37;14;16;0,51;24;23;0,57;26;24
2017-07-12;10;0,41;14;16;0,54;26;22;0,61;25;24
2017-07-12;11;0,46;13;15;0,57;22;21;0,64;24;24
2017-07-12;12;0,53;13;14;0,59;19;20;0,67;19;23
2017-07-12;13;0,6;12;13;0,63;20;19;0,69;19;23
2017-07-12;14;0,64;11;13;0,65;20;18;0,7;19;23
2017-07-12;15;0,67;11;13;0,64;17;18;0,72;20;23
2017-07-12;16;0,69;11;13;0,6;22;18;0,73;24;23
2017-07-12;17;0,71;10;13;0,58;23;18;0,74;21;23
2017-07-12;18;0,73;11;13;0,57;22;18;0,78;25;23
2017-07-12;19;0,75;10;13;0,56;22;18;0,85;24;24
2017-07-12;20;0,74;10;13;0,57;17;19;0,88;20;24
2017-07-12;21;0,74;9;13;0,56;15;19;0,91;19;25
2017-07-12;22;0,76;9;13;0,57;17;19;0,92;18;25
2017-07-12;23;0,75;8;13;0,57;15;18;0,93;17;26
2017-07-12;24;0,72;7;13;0,56;13;18;0,9;19;26
2017-07-13;1;0,67;7;14;0,55;12;18;0,86;22;26
2017-07-13;2;0,63;6;14;0,53;10;18;0,79;22;26
2017-07-13;3;0,57;5;14;0,51;8;18;0,69;22;27
2017-07-13;4;0,51;4;14;0,5;8;18;0,64;21;27
2017-07-13;5;0,47;5;15;0,49;7;18;0,6;21;27
2017-07-13;6;0,42;7;15;0,47;8;18;0,58;22;28
2017-07-13;7;0,42;10;15;0,48;19;19;0,58;20;28
2017-07-13;8;0,45;12;16;0,5;25;19;0,61;22;29
2017-07-13;9;0,49;14;17;0,52;20;20;0,65;25;29
2017-07-13;10;0,54;15;17;0,54;21;20;0,68;25;30
2017-07-13;11;0,59;15;18;0,56;21;20;0,71;23;31
2017-07-13;12;0,64;14;19;0,58;19;21;0,75;24;32
2017-07-13;13;0,69;15;20;0,61;21;22;0,78;25;34
2017-07-13;14;0,74;16;21;0,62;20;22;0,82;32;36
2017-07-13;15;0,79;19;22;0,66;28;23;0,86;34;38
2017-07-13;16;0,8;16;22;0,68;24;23;0,88;31;39
2017-07-13;17;0,81;19;23;0,7;31;24;0,91;35;40
2017-07-13;18;0,87;24;24;0,74;36;24;0,99;40;41
2017-07-13;19;0,96;26;25;0,91;44;25;1,14;46;43
2017-07-13;20;0,99;20;27;0,99;37;26;1,14;35;44
2017-07-13;21;0,97;13;28;1,06;27;27;1,11;26;44
2017-07-13;22;0,94;8;28;1,14;19;28;1,06;18;44
2017-07-13;23;0,87;8;28;1,21;18;28;0,97;18;43
2017-07-13;24;0,82;7;28;1,26;16;29;0,89;11;42
2017-07-14;1;0,75;5;28;1,26;14;29;0,81;8;42
2017-07-14;2;0,63;6;28;1,24;15;30;0,68;7;41
2017-07-14;3;0,48;6;27;1,06;13;31;0,49;6;41
2017-07-14;4;0,39;5;27;0,98;14;32;0,43;5;40
2017-07-14;5;0,34;7;26;0,89;12;32;0,42;11;39
2017-07-14;6;0,31;8;26;0,81;18; ;0,41;20;39
2017-07-14;7;0,29;10;26;0,72;19; ;0,41;19;38
2017-07-14;8;0,3;12;25;0,67;23; ;0,42;22;37
2017-07-14;9;0,31;15;25;0,65;23; ;0,42;24;37
2017-07-14;10;0,34;17;24;0,67;30; ;0,43;26;36
2017-07-14;11;0,37;15;23;0,72;32; ;0,44;28;35
2017-07-14;12;0,39;15;23;0,76;26; ;0,45; ;33
2017-07-14;13;0,41;14;22;0,79;24; ;0,46; ;32
2017-07-14;14;0,42;12;22;0,82;26; ;0,47;22;30
2017-07-14;15;0,43;12;21;0,84;20; ;0,46;22;28
2017-07-14;16;0,43;13;20;0,85;23; ;0,45;19;26
2017-07-14;17;0,44;16;18;0,87;25; ;0,44;21;24
2017-07-14;18;0,42;16;17;0,85;26; ;0,42;27;21
2017-07-14;19;0,42;14;15;0,81;19; ;0,43;24;19
2017-07-14;20;0,42;17;13;0,77;17; ;0,43;21;17
2017-07-14;21;0,43;15;12;0,74;17; ;0,41;20;16
2017-07-14;22;0,45;16;12;0,72;18; ;0,4;19;16
2017-07-14;23;0,46;15;12;0,67;17; ;0,39;21;16
2017-07-14;24;0,46;9;13;0,63;16; ;0,38;17;17
2017-07-15;1;0,44;8;13;0,59;13; ;0,38;18;17
2017-07-15;2;0,43;7;13;0,56;15; ;0,38;16;18
2017-07-15;3;0,43;8;13;0,55;15; ;0,37;17;18
2017-07-15;4;0,42;8;14;0,55;13; ;0,37;15;19
2017-07-15;5;0,41;9;14;0,54;14;19;0,38;16;19
2017-07-15;6;0,4;11;15;0,54;15;19;0,41;16;20
2017-07-15;7;0,41;12;15;0,58;17;19;0,42;15;20
2017-07-15;8;0,45;13;15;0,61;17;19;0,45;16;21
2017-07-15;9;0,51;14;16;0,68;20;19;0,47;15;21
2017-07-15;10;0,59;15;16;0,74;20;19;0,49;14;21
2017-07-15;11;0,67;16;16;0,78;21;19;0,57;21;22
2017-07-15;12;0,73;15;17;0,84;21;19;0,63;19;24
2017-07-15;13;0,77;11;18;0,9;20;20;0,67;18;25
2017-07-15;14;0,79;10;18;0,93;17;19;0,67;16;24
2017-07-15;15;0,81;11;18;0,94;20;19;0,67;15;23
2017-07-15;16;0,77;10;18;0,93;17;19;0,66;10;23
2017-07-15;17;0,71;9;17;0,87;17;19;0,63;10;23
2017-07-15;18;0,63;10;17;0,83;18;19;0,61;10;22
2017-07-15;19;0,56;12;17;0,79;19;19;0,52;15;22
2017-07-15;20;0,51;15;17;0,75;23; ;0,44;18;21
2017-07-15;21;0,48;11;17;0,72;21; ;0,39;17;20
2017-07-15;22;0,45;10;16;0,68;18; ;0,36;14;20
2017-07-15;23;0,42;7;16;0,63;15; ;0,34;9;19
2017-07-15;24;0,4;6;15;0,59;12; ;0,31;7;19
2017-07-16;1;0,38;6;15;0,56;13; ;0,3;8;18
2017-07-16;2;0,36;6;15;0,53;11; ;0,29;6;18
2017-07-16;3;0,34;5;14;0,49;10; ;0,27;4;17
2017-07-16;4;0,3;3;14;0,45;8; ;0,26;3;17
2017-07-16;5;0,27;3;13;0,4;8; ;0,25;4;16
2017-07-16;6;0,24;4;13;0,36;9; ;0,23;5;15
2017-07-16;7;0,23;5;12;0,34;10; ;0,23;6;14
2017-07-16;8;0,22;6;11;0,34;12; ;0,23;6;14
2017-07-16;9;0,21;6;10;0,33;13; ;0,23;6;13
2017-07-16;10;0,21;7;9;0,33;13; ;0,23;4;12
2017-07-16;11;0,21;7;9;0,33;12; ;0,23;4;10
2017-07-16;12;0,22;8;7;0,34;15; ;0,23;5;9
2017-07-16;13;0,25;9;6;0,35;16; ;0,24;7;7
2017-07-16;14;0,26;7;6;0,37;15; ;0,24;7;6
2017-07-16;15;0,28;7;6;0,37;15; ;0,25;7;7
2017-07-16;16;0,29;8;6;0,37;16; ;0,25;5;7
2017-07-16;17;0,31;9;7;0,38;16; ;0,25;7;8
2017-07-16;18;0,32;11;7;0,38;18; ;0,25;10;8
2017-07-16;19;0,35;12;8;0,4;20; ;0,26;13;9
2017-07-16;20;0,36;13;8;0,41;21; ;0,27;19;9
2017-07-16;21;0,4;14;8;0,41;22; ;0,27;14;9
2017-07-16;22;0,41;14;8;0,41;23; ;0,28;24;9
2017-07-16;23;0,42;12;8;0,42;20; ;0,28;18;10
2017-07-16;24;0,43;11;9;0,42;17; ;0,29;15;10
2017-07-17;1;0,43;9;8;0,43;17; ;0,3;13;10
2017-07-17;2;0,41;6;8;0,43;12; ;0,3;10;10
2017-07-17;3;0,38;6;9;0,41;10; ;0,3;9;10
2017-07-17;4;0,36;5;9;0,4;9; ;0,3;10;11
2017-07-17;5;0,31;5;9;0,39;9; ;0,3;8;11
2017-07-17;6;0,28;8;9;0,37;12; ;0,29;17;11
2017-07-17;7;0,27;15;9;0,39;23; ;0,3;27;11
2017-07-17;8;0,29;21;9;0,44;29; ;0,32;36;11
2017-07-17;9;0,33;21;10;0,51;29; ;0,38;40;13
2017-07-17;10;0,37;21;11;0,58;32; ;0,44;37;14
2017-07-17;11;0,42;21;11;0,65;30; ;0,48;33;15
2017-07-17;12;0,45;17;12;0,7;26; ;0,49;25;16
2017-07-17;13;0,48;15;13;0,72;23; ;0,51;25;16
2017-07-17;14;0,51;15;13;0,75;24; ;0,54;25;17
2017-07-17;15;0,52;15;13;0,76;22; ;0,53;25;17
2017-07-17;16;0,51;15;13;0,74;25; ;0,51;26;18
2017-07-17;17;0,49;16;13;0,7;28; ;0,46;26;18
2017-07-17;18;0,48;19;14;0,68;30; ;0,43;35;18
2017-07-17;19;0,46; ;14;0,71;35; ;0,45;39;18
2017-07-17;20;0,46; ;14;0,76;34; ;0,53;41;19
2017-07-17;21; ; ;14;0,84;34; ;0,58;41;20
2017-07-17;22; ;25;14;0,93;36; ;0,62;39;21
2017-07-17;23; ;26;14;1,02;35; ;0,67;40;22
2017-07-17;24; ;25;14;1,11;34; ;0,7;42;23
2017-07-18;1; ;23; ;1,11;31; ;0,73;39;24
2017-07-18;2; ;20; ;1,08;27; ;0,72;34;25
2017-07-18;3;0,93;18; ;1,01;25; ;0,68;29;26
2017-07-18;4;0,87;17; ;0,92;23; ;0,6;28;26
2017-07-18;5;0,81;16; ;0,84;20; ;0,53;25;27
2017-07-18;6;0,65;19; ;0,73;23; ;0,48;34;27
2017-07-18;7;0,57;21; ;0,63;27; ;0,45;35;27
2017-07-18;8;0,54;24; ;0,54;30; ;0,47;44;28
2017-07-18;9;0,55;25; ;0,55;33; ;0,49;41;29
2017-07-18;10;0,58;25; ;0,57;32; ;0,53;40;30
2017-07-18;11;0,62;28; ;0,58;34; ;0,57;39;31
2017-07-18;12;0,65;24; ;0,6;33; ;0,61;42;33
2017-07-18;13;0,69;24; ;0,81; ; ;0,69;41;35
2017-07-18;14;0,72;22; ;0,86; ; ;0,72;40;37
2017-07-18;15;0,73;22; ;0,88;34; ;0,74;45;39
2017-07-18;16;0,71;22; ;0,86;29; ;0,71;39;41
2017-07-18;17;0,71;27; ;0,81;27; ;0,7;43;43
2017-07-18;18;0,72;29; ;0,8;34; ;0,71;48;45
2017-07-18;19;0,74;30; ;0,78;37; ;0,74;48;45
2017-07-18;20;0,76;30; ;0,78;38; ;0,76;48;46
2017-07-18;21;0,8;31; ;0,65;35; ;0,77;48;46
2017-07-18;22;0,82;30; ;0,62;34; ;0,8;46;46
2017-07-18;23;0,84;29; ;0,61;29; ;0,8;43;46
2017-07-18;24;0,84;23;29;0,6;25; ;0,79;38;46
2017-07-19;1;0,81;20;28;0,63;20; ;0,76;31;46
2017-07-19;2;0,75;16;28;0,63;15; ;0,7;21;46
2017-07-19;3;0,67;12;27;0,61;12; ;0,62;20;46
2017-07-19;4;0,6;11;26;0,6;11;30;0,55;17;46
2017-07-19;5;0,51;11;26;0,59;12;29;0,47;20;46
2017-07-19;6;0,45;16;25;0,58;13;28;0,41;28;46
2017-07-19;7;0,42;22;25;0,6;20;28;0,4;34;46
2017-07-19;8;0,43;24;25;0,63;26;27;0,43;38;46
2017-07-19;9;0,45;25;25;0,63;27;26;0,46;39;46
2017-07-19;10;0,48;24;25;0,65;27;26;0,52;41;47
2017-07-19;11;0,53;23;25;0,69;29;23;0,56;36;47
2017-07-19;12;0,58;23;24;0,73;26;22;0,61;35;47
2017-07-19;13;0,62;22;23;0,76;24;22;0,64;34;46
2017-07-19;14;0,65;21;23;0,78;24;21;0,67;36;46
2017-07-19;15;0,68;24;24;0,79;26;21;0,67;37;45
2017-07-19;16;0,69;24;25;0,8;29;22;0,67;39;45
2017-07-19;17;0,71;28;25;0,8;29;22;0,66;41;46
2017-07-19;18;0,72;26;25;0,78;27;22;0,65;42;46
2017-07-19;19;0,74;29;25;0,76;32;22;0,69;45;46
2017-07-19;20;0,81;33;26;0,75;34;23;0,72;44;46
2017-07-19;21;0,87;32;27;0,78;36;23;0,76;44;46
2017-07-19;22;0,91;30;27;0,79;33;23;0,8;42;46
2017-07-19;23;0,92;28;28;0,8;27;24;0,81;38;47
2017-07-19;24;0,91;25;28;0,78;22;24;0,79;32;47
2017-07-20;1;0,87;19;28;0,76;17;24;0,76;26;48
2017-07-20;2;0,84;15;29;0,75;14;24;0,72;20;48
2017-07-20;3;0,77;10;29;0,71;16;24;0,65;21;48
2017-07-20;4;0,67;10;29;0,67;14;24;0,59;18;48
2017-07-20;5;0,58;12;29;0,61;14;24;0,52;21;49
2017-07-20;6;0,51;16;30;0,58;19;25;0,48;27;49
2017-07-20;7;0,48;21;30;0,58;25;26;0,47;33;50
2017-07-20;8;0,49;23;30;0,6;30;26;0,51;33;51
2017-07-20;9;0,53;24;31;0,65;31;27;0,57;36;51
2017-07-20;10;0,59;26;31;0,71;31;27;0,64;33;50
2017-07-20;11;0,62;26;31;0,75;29;28;0,69;35;50
2017-07-20;12;0,66; ;33;0,8;32;29;0,75;39;51
2017-07-20;13;0,71; ;34;0,84;29;29;0,79;35;52
2017-07-20;14;0,71; ;34;0,86;31;30;0,83;40;53
2017-07-20;15;0,72;27;34;0,86;31;30;0,83;37;53
2017-07-20;16;0,71;32;34;0,85;29;30;0,83;43;53
2017-07-20;17;0,72;37;35;0,85;38;30;0,85;51;53
2017-07-20;18;0,74;40;35;0,86;43;31;0,91;57;54
2017-07-20;19;0,75;34;36;0,85;32;32;0,92;44;55
2017-07-20;20;0,78;34;36;0,86;34;33;0,91;45;56
2017-07-20;21;0,81;36;36;0,93;42;33;0,95;48;56
2017-07-20;22;0,88;37;37;1,01;42;34;0,99;49;57
2017-07-20;23;0,93;38;38;1,11;44;35;1,04;47;58
2017-07-20;24;0,95;36;39;1,2;42;36;1,08;47;59
2017-07-21;1;0,95;32;41;1,25;38;38;1,07;42;60
2017-07-21;2;0,92;30;42;1,27;36;40;1,01;39;61
2017-07-21;3;0,91;28;44;1,3;34;42;0,99;39;62
2017-07-21;4;0,88;28;46;1,3;33;43;0,97;38;64
2017-07-21;5;0,83;26;47;1,23;29;44;0,91;33;65
2017-07-21;6;0,75;23;48;1,17;28;45;0,84;29;66
2017-07-21;7;0,7;24;49;1,14;31;46;0,78;31;67
2017-07-21;8;0,7;25;50;1,14;35;47;0,72;28;67
2017-07-21;9;0,73;28;51;1,17;36;48;0,68;29;67
2017-07-21;10;0,74;32;52;1,2;44;49;0,65;34;67
2017-07-21;11;0,73;30;52;1,22;36;50;0,62;30;66
2017-07-21;12;0,71;30;51;1,25;31;49;0,57;30;64
2017-07-21;13;0,7;24;50;1,26;27;48;0,54;25;62
2017-07-21;14;0,7;20;48;1,24;20;47;0,5;21;60
2017-07-21;15;0,67;19;47;1,19;24;46;0,45;27;57
2017-07-21;16;0,63;22;45;1,13;25;46;0,42;29;56
2017-07-21;17;0,55;22;44;1,02;24;44;0,38;30;54
2017-07-21;18;0,5;28;42;0,94;29;43;0,36;34;51
2017-07-21;19;0,52;30;40;0,92;36;42;0,39;34;49
2017-07-21;20;0,55;30;39;0,91;32;41;0,42;32;47
2017-07-21;21;0,6;28;38;0,92;30;40;0,46;29;46
2017-07-21;22;0,65;28;37;0,9;26;39;0,49;27;45
2017-07-21;23;0,68;27;36;0,89;26;37;0,51;28;43
2017-07-21;24;0,68;27;34;0,82;23;35;0,51;22;41
2017-07-22;1;0,68;25;33;0,84;25;34;0,53;24;39
2017-07-22;2;0,65;17;32;0,82;17;32;0,53;20;37
2017-07-22;3;0,6;13;30;0,76;12;31;0,49;11;35
2017-07-22;4;0,53;13;28;0,7;13;29;0,46;11;33
2017-07-22;5;0,46;13;26;0,65;19;28;0,43;18;31
2017-07-22;6;0,4;14;25;0,64;19;26;0,43;22;29
2017-07-22;7;0,36;18;23;0,63;22;24;0,43;24;28
2017-07-22;8;0,35;21;21;0,67;21;23;0,45;25;26
2017-07-22;9;0,35;21;19;0,67;24;21;0,45;26;25
2017-07-22;10;0,35;18;18;0,68;20;20;0,46;29;24
2017-07-22;11;0,37;18;17;0,7;16;19;0,48;29;24
2017-07-22;12;0,39;16;17;0,7;11;19;0,51;28;25
2017-07-22;13;0,41;15;17;0,71;12;19;0,53;24;26
2017-07-22;14;0,44;19;18;0,7;11;19;0,55;25;26
2017-07-22;15;0,46;20;19;0,69;16;20;0,56;22;27
2017-07-22;16;0,47;19;19;0,66;12;20;0,57;23;28
2017-07-22;17;0,47;20;20;0,62;15;20;0,58;26;29
2017-07-22;18;0,47;24;21;0,61;21;20;0,61;35;30
2017-07-22;19;0,54;34;22;0,63;31;20;0,65;35;31
2017-07-22;20;0,59;33;23;0,67;33;21;0,7;34;32
2017-07-22;21;0,62;30;23;0,7;31;21;0,72;33;32
2017-07-22;22;0,65;29;24;0,72;35;21;0,73;31;32
2017-07-22;23;0,68;26;24;0,75;36;23;0,76;29;33
2017-07-22;24;0,69;24;24;0,78;33;24;0,77;22;34
2017-07-23;1;0,7;20;25;0,79;26;24;0,76;17;36
2017-07-23;2;0,7;17;25;0,79;21;25;0,74;20;37
2017-07-23;3;0,63;18;26;0,76;11;25;0,69;18;37
2017-07-23;4;0,57;14;26;0,71;12;26;0,62;12;38
2017-07-23;5;0,52;11;27;0,68;9;26;0,57;15;39
2017-07-23;6;0,47;16;27;0,66;14;26;0,53;26;39
2017-07-23;7;0,44;20;28;0,65;16;27;0,49;28;40
2017-07-23;8;0,42;20;28;0,66;18;27;0,47;34;41
2017-07-23;9;0,42;21;28;0,68;20;27;0,47;33;42
2017-07-23;10;0,43;20;28;0,7;20;27;0,46;27;42
2017-07-23;11;0,45;23;29;0,74;23;26;0,48;29;41
2017-07-23;12;0,48;23;28;0,81;31;26;0,5;26;41
2017-07-23;13;0,54;25;28;0,85;29;26;0,53;25;40
2017-07-23;14;0,57;20;28;0,93;32;27;0,57;32;40
2017-07-23;15;0,65;30;28;1,05;37;28;0,66;35;40
2017-07-23;16;0,71;34;30;1,16;43;30;0,75;39;42
2017-07-23;17;0,76;29;32;1,24;33;33;0,79;27;43
2017-07-23;18;0,78;27;33;1,28;28;34;0,82;25;44
2017-07-23;19;0,8;26;33;1,29;28;34;0,82;30;42
2017-07-23;20;0,82;28;32;1,29;30;33;0,82;28;42
2017-07-23;21;0,83;28;32;1,34;29;33;0,82;25;41
2017-07-23;22;0,88;28;32;1,36;30;33;0,81;28;42
2017-07-23;23;0,85;23;33;1,35;28;33;0,73;21;42
2017-07-23;24;0,78;13;33;1,31;22;33;0,62;12;42
2017-07-24;1;0,72;13;32;1,24;18;34;0,57;9;42
2017-07-24;2;0,67;7;32;1,2;15;34;0,52;7;41
2017-07-24;3;0,62;6;31;1,16;13;33;0,48;8;40
2017-07-24;4;0,54;6;30;1,11;14;33;0,44;16;39
2017-07-24;5;0,46;9;30;1,04;13;32;0,4;20;39
2017-07-24;6;0,37;17;29;0,95;16;32;0,37;21;38
2017-07-24;7;0,31;21;29;0,86;18;31;0,34;26;37
2017-07-24;8;0,3;22;28;0,82;29;31;0,34;25;36
2017-07-24;9;0,31;25;28;0,85;34;31;0,34;30;35
2017-07-24;10;0,34;26;27;0,93;40;31;0,35;31;34
2017-07-24;11;0,38;22;27;1,03;37;32;0,37;22;33
2017-07-24;12;0,41;20;27;1,14;36;33;0,38;19;33
2017-07-24;13;0,44;19;27;1,26;34;33;0,39;18;33
2017-07-24;14;0,47;22;26;1,37;37;32;0,4;23;32
2017-07-24;15;0,52;26;26;1,5;41;32;0,41;23;30
2017-07-24;16;0,54;20;24;1,55;36;31;0,42;17;26
2017-07-24;17;0,54;20;21;1,61;36;28;0,42;24;24
2017-07-24;18;0,55;24;20;1,65;39;28;0,43;27;23
2017-07-24;19;0,58;28;20;1,66;39;28;0,45;36;23
2017-07-24;20;0,61;27;20;1,65;38;28;0,47;37;23
2017-07-24;21;0,63;28;20;1,59;37;28;0,49;35;23
2017-07-24;22;0,64;30;20;1,48;27;28;0,5;32;22
2017-07-24;23;0,62;31;19;1,34;32;28;0,48;27;21
2017-07-24;24;0,62;29;18;1,23;33;26;0,46;23;20
2017-07-25;1;0,59;24;18;1,1;28;25;0,45;24;19
2017-07-25;2;0,56;23;18;0,97;29;24;0,43;23;18
2017-07-25;3;0,5;23;18;0,84;17;24;0,4;26;18
2017-07-25;4;0,45;24;18;0,72;15;25;0,37;32;19
2017-07-25;5;0,41;24;18;0,65;15;25;0,36;32;19
2017-07-25;6;0,36;25;18;0,62;18;25;0,37;26;20
2017-07-25;7;0,35;25;19;0,62;20;25;0,41;25;20
2017-07-25;8;0,37;28;19;0,66;29;24;0,43;27;20
2017-07-25;9;0,41;29;19;0,69;29;24;0,46;30;20
2017-07-25;10;0,44;27;19;0,71;24;24;0,48;28;20
2017-07-25;11;0,46;23;18;0,74;26;23;0,5;30;20
2017-07-25;12;0,47;22;18;0,79;27;22;0,52; ;20
2017-07-25;13;0,47;21;18;0,82;24;22;0,51; ;20
2017-07-25;14;0,48;15;18;0,87;23;21;0,47;26;21
2017-07-25;15;0,47;16;18;0,89;21;21;0,41;26;21
2017-07-25;16;0,45;17;17;0,88;22;20;0,37;25;21
2017-07-25;17;0,42;18;17;0,87;21;20;0,33;24;20
2017-07-25;18;0,4;19;16;0,88;22;19;0,3;25;20
2017-07-25;19;0,4;19;16;0,88;23;19;0,3;26;20
2017-07-25;20;0,41;21;15;0,85;20;18;0,3;26;20
2017-07-25;21;0,42;21;15;0,83;19;18;0,29;23;20
2017-07-25;22;0,44;21;15;0,8;22;17;0,28;25;20
2017-07-25;23;0,45;18;14;0,76;17;17;0,28;22;20
2017-07-25;24;0,45;13;14;0,73;14;17;0,27;15;19
2017-07-26;1;0,45;13;13;0,7;14;17;0,27;16;20
2017-07-26;2;0,44;9;13;0,66;10;17;0,27;12;20
2017-07-26;3;0,43;7;13;0,61;8;16;0,26;8;20
2017-07-26;4;0,41;6;13;0,58;8;16;0,26;9;19
2017-07-26;5;0,39;8;13;0,56;9;16;0,25;16;19
2017-07-26;6;0,37;10;13;0,54;12;16;0,26;21;19
2017-07-26;7;0,37;18;13;0,54;19;16;0,29;22;19
2017-07-26;8;0,4;23;13;0,57;24;16;0,33;24;19
2017-07-26;9;0,45;25;13;0,62;27;16;0,36;24;19
2017-07-26;10;0,52;26;13;0,7;31;16;0,38;24;19
2017-07-26;11;0,6;28;13;0,81;33;17;0,42;25;19
2017-07-26;12;0,66;27;14;0,97;35;18;0,45;25;19
2017-07-26;13;0,76;29;15;1,14;34;19;0,49;25;19
2017-07-26;14;0,84;30;17;1,31;36;20;0,52;33;20
2017-07-26;15;0,91;35;19;1,43;34;22;0,56;27;21
2017-07-26;16;0,95;30;21;1,57;38;25;0,56;23;22
2017-07-26;17;0,98;32;23;1,68;32;27;0,57;24;23
2017-07-26;18;1,01;28;24;1,75;32;28;0,59;24;24
2017-07-26;19;1,02;27;25;1,79;33;29;0,59;27;25
2017-07-26;20;1,06;26;26;1,73;30;29;0,62;27;25
2017-07-26;21;1,03;24;27;1,64;28;30;0,63;26;26
2017-07-26;22;1,02;22;28;1,55;28;31;0,64;23;26
2017-07-26;23;0,99;21;30;1,49;25;32;0,61;21;27
2017-07-26;24;0,98;20;31;1,38;25;34;0,61;19;28
2017-07-27;1;0,95;21;32;1,27;22;35;0,61;19;29
2017-07-27;2;0,88;21;33;1,16;17;35;0,59;19;30
2017-07-27;3;0,81;16;34;1,07;15;36;0,57;18;31
2017-07-27;4;0,74;14;34;1,02;15;36;0,5;15;31
2017-07-27;5;0,69;15;34;1,01;16;36;0,46;17;32
2017-07-27;6;0,67;16;35;1,06;20;37;0,42;18;33
2017-07-27;7;0,68;17;35;1,12;23;37;0,41;17;33
2017-07-27;8;0,69;19;36;1,24;27;38;0,42;17;34
2017-07-27;9;0,73;20;36;1,3;24;39;0,42;16;34
2017-07-27;10;0,75;18;37;1,36;19;40;0,45;21;35
2017-07-27;11;0,78;18;37;1,4;16;40;0,48;26;37
2017-07-27;12;0,82;18;37;1,43;17;40;0,52;28;38
2017-07-27;13;0,87; ;37;1,46;18;39;0,58;30;40
2017-07-27;14;0,85; ;36;1,44;21;38;0,62;23;41
2017-07-27;15;0,79; ;36;1,42;33;38;0,64;24;42
2017-07-27;16;0,74;24;35;1,37;43;36;0,66;27;42
2017-07-27;17;0,68;28;34;1,37;43;36;0,69;33;42
2017-07-27;18;0,68;31;34;1,4;43;36;0,75;35;44
2017-07-27;19;0,77;37;34;1,58;47;37;0,83;38;45
2017-07-27;20;0,83;34;34;1,7;43;39;0,87;36;47
2017-07-27;21;0,83;31;34;1,73;32;39;0,85;27;48
2017-07-27;22;0,85;28;34;1,72;26;39;0,82;20;48
2017-07-27;23;0,86;23;34;1,67;23;39;0,78;20;48
2017-07-27;24;0,85;18;33;1,68;27;38;0,75;21;47
2017-07-28;1;0,82;14;32;1,58;32;38;0,69;21;47
2017-07-28;2;0,77;14;32;1,46;26;38;0,58;25;47
2017-07-28;3;0,65;10;32;1,18;14;38;0,46;25;47
2017-07-28;4;0,54;9;32;0,98;11;39;0,37;22;47
2017-07-28;5;0,48;8;32;0,84;9;39;0,33;22;47
2017-07-28;6;0,43;9;32;0,75;10;39;0,31;28;47
2017-07-28;7;0,38;14;32;0,69;16;39;0,31;30;47
2017-07-28;8;0,36;18;32;0,55;21;38;0,32;31;48
2017-07-28;9;0,36;21;32;0,53;25;38;0,34;33;49
2017-07-28;10;0,38;23;33;0,54;24;37;0,38;32;50
2017-07-28;11;0,41;23;33;0,55;20;37;0,43;33;50
2017-07-28;12;0,45;25;33;0,57;22;37;0,49;34;50
2017-07-28;13;0,5;24;33;0,61;23;38;0,55;35;52
2017-07-28;14;0,54;25;34;0,64;22;39;0,6;34;52
2017-07-28;15;0,58;25;34;0,67;29;39;0,65;36;53
2017-07-28;16;0,61;28;34;0,68;30;38;0,68;38;54
2017-07-28;17;0,65;34;34;0,69;33;38;0,72;41;57
2017-07-28;18;0,7;42;34;0,7;42;37;0,77;45;57
2017-07-28;19;0,79;45;35;0,73;39;37;0,84;45;58
2017-07-28;20;0,89;44;35;0,74;33;36;0,87;41;59
2017-07-28;21;0,95;39;35;0,72;25;36;0,87;39;60
2017-07-28;22;0,95;26;35;0,71;22;36;0,84;38;61
2017-07-28;23;0,95;24;35;0,69;18;36;0,82;37;63
2017-07-28;24;0,94;21;36;0,67;18;36;0,83;37;64
2017-07-29;1;0,92;20;36;0,66;15;36;0,82;36;65
2017-07-29;2;0,86;19;36;0,64;14;36;0,77;34;65
2017-07-29;3;0,76;19;37;0,61;12;37;0,76;32;65
2017-07-29;4;0,62;17;37;0,59;13;37;0,69;33;66
2017-07-29;5;0,54;17;38;0,58;12;38;0,64;32;66
2017-07-29;6;0,51;19;38;0,57;14;38;0,62;26;66
2017-07-29;7;0,49;22;38;0,57;19;39;0,59;28;67
2017-07-29;8;0,49;28;39;0,57;22;39;0,56;32;67
2017-07-29;9;0,52;30;40;0,58;27;40;0,54;34;68
2017-07-29;10;0,53;26;40;0,59;27;41;0,51;28;68
2017-07-29;11;0,54;22;40;0,59;20;41;0,45;31;68
2017-07-29;12;0,56;22;41;0,6;22;42;0,48;30;68
2017-07-29;13;0,61;26;41;0,63;25;41;0,53;29;67
2017-07-29;14;0,66;28;41;0,65;24;41;0,58;30;67
2017-07-29;15;0,72;29;41;0,67;28;42;0,62;30;67
2017-07-29;16;0,76;34;42;0,69;28;41;0,63;29;67
2017-07-29;17;0,76;30;42;0,7;29;42;0,65;29;64
2017-07-29;18;0,82;34;43;0,72;33;42;0,69;33;63
2017-07-29;19;0,94;38;43;0,89;47;42;0,76;37;63
2017-07-29;20;0,96;26;44;1,03;35;44;0,75;24;63
2017-07-29;21;0,94;17;44;1,09;24;45;0,72;14;62
2017-07-29;22;0,92;16;44;1,13;23;46;0,67;13;61
2017-07-29;23;0,87;11;44;1,15;21;46;0,62;12;59
2017-07-29;24;0,81;10;43;1,17;20;46;0,58;8;58
2017-07-30;1;0,77;9;42;1,21;20;46;0,53;10;57
2017-07-30;2;0,69;9;42;1,23;21;46;0,46;9;56
2017-07-30;3;0,54;7;42;1,09;17;45;0,34;6;55
2017-07-30;4;0,47;5;41;0,97;15;45;0,3;5;54
2017-07-30;5;0,43;4;40;0,9;13;44;0,27;5;53
2017-07-30;6;0,38;5;39;0,84;13;43;0,25;7;52
2017-07-30;7;0,35;5;38;0,8;14;43;0,23;8;50
2017-07-30;8;0,33;6;37;0,78;15;42;0,22;7;49
2017-07-30;9;0,3;5;36;0,72;14;41;0,19;8;46
2017-07-30;10;0,29;7;34;0,68;15;39;0,17;7;44
2017-07-30;11;0,29;9;33;0,66;19;38;0,17;9;42
2017-07-30;12;0,29;10;31;0,68;18;36;0,17;7;39
2017-07-30;13;0,3;10;29;0,71;18;35;0,18;9;36
2017-07-30;14;0,32;11;27;0,77;19;34;0,19;9;33
2017-07-30;15;0,34;13;26;0,83;21;32;0,21;10;31
2017-07-30;16;0,36;12;24;0,91;23;31;0,22;7;28
2017-07-30;17;0,38;14;21;1,01;23;29;0,23;7;25
2017-07-30;18;0,39;12;19;1,11;24;27;0,24;8;22
2017-07-30;19;0,4;12;17;1,21;22;25;0,24;8;19
2017-07-30;20;0,41;14;14;1,29;23;22;0,25;12;15
2017-07-30;21;0,41;15;12;1,35;24;19;0,24;12;14
2017-07-30;22;0,41;15;11;1,39;24;18;0,24;11;12
2017-07-30;23;0,4;14;11;1,41;22;17;0,23;10;11
2017-07-30;24;0,39;12;10;1,41;19;16;0,23;9;11
2017-07-31;1;0,38;12;10;1,31;18;15;0,23;8;10
2017-07-31;2;0,37;9;9;1,18;15;14;0,22;5;10
2017-07-31;3;0,35;7;9;1,05;11;14;0,22;5;9
2017-07-31;4;0,34;6;9;0,92;12;13;0,21;4;9
2017-07-31;5;0,32;6;9;0,79;14;13;0,21;5;10
2017-07-31;6;0,31;10;9;0,67;19;13;0,21;7;10
2017-07-31;7;0,31;16;9;0,59;27;13;0,22;11;10
2017-07-31;8;0,34;20;10;0,54;32;14;0,24;21;10
2017-07-31;9;0,38;23;10;0,59;34;14;0,26;28;10
2017-07-31;10;0,42;25;10;0,67;37;15;0,29;28;10
2017-07-31;11;0,47;25;11;0,75;37;16;0,31;27;11
2017-07-31;12;0,51;25;12;0,83;33;17;0,33;23;12
2017-08-01;1;0,54;17;16;0,68;19;21;0,33;16;16
2017-08-01;2;0,53;14;16;0,68;16;21;0,31;9;16
2017-08-01;3;0,5;11;15;0,64;13;20;0,3;7;16
2017-08-01;4;0,47;11;15;0,6;14;20;0,29;9;16
2017-08-01;5;0,43;11;15;0,58;15;20;0,28;9;15
2017-08-01;6;0,39;13;15;0,58;18;19;0,26;16;15
2017-08-01;7;0,38;21;15;0,58;31;19;0,26;24;15
2017-08-01;8;0,4;24;15;0,67;38;19;0,27;27;15
2017-08-01;9;0,44;23;15;0,76;36;19;0,29;23;15
2017-08-01;10;0,48;23;14;0,86;36;19;0,32;24;15
2017-08-01;11;0,53;24;15;0,95;37;18;0,36;27;15
2017-08-01;12;0,56;24;14;1,04;33;18;0,38;22;14
2017-08-01;13;0,6;24;14;1,12;34;19;0,41;25;14
2017-08-01;14;0,64;25;14;1,23;32;19;0,44;25;15
2017-08-01;15;0,66;24;15;1,31;32;20;0,45;25;16
2017-08-01;16;0,65;26;15;1,28;25;20;0,44;24;15
2017-08-01;17;0,63;24;15;1,24;26;19;0,43;25;15
2017-08-01;18;0,62;23;14;1,19;27;18;0,43;25;14
2017-08-01;19;0,6;24;13;1,16;28;18;0,41;22;14
2017-08-01;20;0,62;28;13;1,13;32;18;0,39;27;14
2017-08-01;21;0,63;28;13;1,11;29;17;0,38;24;14
2017-08-01;22;0,63;28;13;1,04;31;18;0,38;30;14
2017-08-01;23;0,63;25;14;0,99;33;18;0,37;26;14
2017-08-01;24;0,62;24;14;0,95;27;18;0,35;19;15
2017-08-02;1;0,61;24;14;0,91;24;18;0,34;16;15
2017-08-02;2;0,59;20;14;0,87;23;19;0,33;20;15
2017-08-02;3;0,57;16;15;0,8;23;19;0,32;15;15
2017-08-02;4;0,52;16;15;0,74;24;20;0,3;12;15
2017-08-02;5;0,49;17;15;0,69;24;20;0,29;15;16
2017-08-02;6;0,46;23;15;0,67;28;20;0,28;27;16
2017-08-02;7;0,47;24;16;0,65;33;21;0,28;26;17
2017-08-02;8;0,53;26;16;0,77;39;21;0,34;23;17
2017-08-02;9;0,63;27;17;0,87;40;22;0,4;22;18
2017-08-02;10;0,73;28;18;0,99;45;23;0,43;25;19
2017-08-02;11;0,81;29;19;1,05;37;23;0,46;27;21
2017-08-02;12;0,86;26;19;1,14; ;24;0,48;27;21
2017-08-02;13;0,88;25;20;1,26; ;24;0,5;28;22
2017-08-02;14;0,89;22;20;1,34;31;24;0,51;26;22
2017-08-02;15;0,86;18;20;1,42;32;24;0,49;24;22
2017-08-02;16;0,79;22;19;1,39;33;25;0,43;23;22
2017-08-02;17;0,72;31;20;1,34;35;25;0,38;28;23
2017-08-02;18;0,66;33;21;1,28;36;25;0,37;31;24
2017-08-02;19;0,63;34;21;1,28;37;25;0,42;35;24
2017-08-02;20;0,65;34;21;1,25;35;25;0,46;34;26
2017-08-02;21;0,71;32;21;1,22;35;25;0,5;33;27
2017-08-02;22;0,79;34;21;1,19;37;24;0,53;30;27
2017-08-02;23;0,87;33;21;1,09;23;24;0,57;30;28
2017-08-02;24;0,91;28;21;0,99;23;23;0,63;30;28
2017-08-03;1;0,91;23;21;0,92;25;23;0,68;28;29
2017-08-03;2;0,91;27;21;0,84;16;23;0,7;28;29
2017-08-03;3;0,89;25;21;0,77;13;22;0,65;27;30
2017-08-03;4;0,9;26;21;0,75;20;22;0,66;28;30
2017-08-03;5;0,88;26;21;0,77;32;22;0,74;30;32
2017-08-03;6;0,84;26;22;0,81;33;22;0,83;33;34
2017-08-03;7;0,81;27;22;0,87;26;22;0,86;34;35
2017-08-03;8;0,86;30;22;0,95;34;21;0,89;39;36
2017-08-03;9;0,96;33;22;1,02;34;20;0,95;45;36
2017-08-03;10;1,04;37;22;1,12;38;18;1,02;51;37
2017-08-03;11;1,1;38;21;1,19;35;17;1,05;42;37
2017-08-03;12;1,08;30;22;1,21;30;16;1,01;33;38
2017-08-03;13;1,06;26;21;1,18;27;15;0,89;28;39
2017-08-03;14;1,03;25;21;1,13;25;14;0,76;32;40
2017-08-03;15;1,01;26;22;1,12;27;14;0,7;32;40
2017-08-03;16;0,93;24;23;1,09;31;14;0,63;32;42
2017-08-03;17;0,84;27;23;1,06;32;14;0,53;33;43
2017-08-03;18;0,78;31;23;1,01;37;14;0,46;36;44
2017-08-03;19;0,78;35;24;1,02;41;14;0,44;37;44
2017-08-03;20;0,84;37;25;1,02;41;14;0,5;40;44
2017-08-03;21;0,94;38;26;1,02;41;14;0,57;42;45
2017-08-03;22;1;38;27;1,04;41;14;0,63;45;46
2017-08-03;23;1,03;38;27;1,06;43; ;0,66;41;46
2017-08-03;24;1,06;34;28;1,03;35; ;0,69;40;47
2017-08-04;1;1,08;34;29;1;31; ;0,72;43;47
2017-08-04;2;1,06;34;29;0,96;27; ;0,7;36;47
2017-08-04;3;1,03;34;30;0,87;24; ;0,68;33;47
2017-08-04;4;0,95;36;31;0,8;17; ;0,6;28;47
2017-08-04;5;0,84;30;30;0,74;16; ;0,52;29;45
2017-08-04;6;0,79;29;28;0,68;16; ;0,48; ;44
2017-08-04;7;0,8;28;27;0,63;28; ;0,45; ;43
2017-08-04;8;0,87;31;26;0,64;34; ; ; ;42
2017-08-04;9;1,01;34;25;0,66;33; ; ; ;42
2017-08-04;10;1,13;38;23;0,7;34; ; ;43;41
2017-08-04;11;1,17;32;23;0,73;30; ; ;37;41
2017-08-04;12;1,21;29;22;0,74;24; ; ;30;41
2017-08-04;13;1,22;22;22;0,74;18; ; ;32;41
2017-08-04;14;1,2;15;21;0,72;15; ; ;32;40
2017-08-04;15;1,16;16;20;0,69;22; ;0,58;26;40
2017-08-04;16;1,05;15;20;0,66;31; ;0,55;27;39
2017-08-04;17;0,86;17;19;0,63;31; ;0,53;30;38
2017-08-04;18;0,72;20;18;0,59;28; ;0,49;35;37
2017-08-04;19;0,68;24;17;0,57;34; ;0,47;35;37
2017-08-04;20;0,66;29;16;0,61;34; ;0,53;38;36
2017-08-04;21;0,7;31;16;0,67;36; ;0,53;31;35
2017-08-04;22;0,73;27;15;0,75;35; ;0,53;31;34
2017-08-04;23;0,75;25;14;0,82;33; ;0,54;30;33
2017-08-04;24;0,78;25;13;0,8;23; ;0,54;22;32
2017-08-05;1;0,78;18;13;0,78;18; ;0,53;18;31
2017-08-05;2;0,77;15;13;0,76;23; ;0,49;13;31
2017-08-05;3;0,73;12;12;0,72;20; ;0,43;12;30
2017-08-05;4;0,67;9;11;0,66;16; ;0,35;10;29
2017-08-05;5;0,6;8;11;0,58;16;20;0,31;9;29
2017-08-05;6;0,54;11;11;0,51;15;19;0,28;12;29
2017-08-05;7;0,5;12;11;0,45;13;19;0,27;18;28
2017-08-05;8;0,47;15;12;0,44;15;18;0,27;24;28
2017-08-05;9;0,45;15;12;0,45;14;18;0,27;24;26
2017-08-05;10;0,45;13;12;0,46;12;17;0,28;25;25
2017-08-05;11;0,45;13;12;0,47;11;17;0,29;26;24
2017-08-05;12;0,47;13;12;0,47;8;16;0,31;26;24
2017-08-05;13;0,48;11;12;0,48;12;15;0,33;22;23
2017-08-05;14;0,5;11;12;0,48;14;15;0,34;18;23
2017-08-05;15;0,51;9;12;0,48;11;14;0,35;15;22
2017-08-05;16;0,51;10;12;0,46;13;14;0,36;14;21
2017-08-05;17;0,52;13;12;0,44;12;13;0,37;20;21
2017-08-05;18;0,54;19;12;0,44;22;13;0,39;21;21
2017-08-05;19;0,56;22;12;0,46;26;13;0,39;20;20
2017-08-05;20;0,59;19;12;0,47;20;12;0,4;14;19
2017-08-05;21;0,62;16;12;0,48;13;12;0,4;11;19
2017-08-05;22;0,64;17;11;0,5;14;12;0,4;15;18
2017-08-05;23;0,66;15;11;0,51;17;12;0,41;14;17
2017-08-05;24;0,67;14;11;0,51;14;12;0,42;12;18
2017-08-06;1;0,67;13;10;0,52;10;11;0,41;14;18
2017-08-06;2;0,66;12;10;0,52;8;11;0,41;16;18
2017-08-06;3;0,63;11;11;0,51;8;11;0,4;16;19
2017-08-06;4;0,6;10;11;0,51;7;11;0,39;11;19
2017-08-06;5;0,56;9;11;0,51;7;10;0,38;15;19
2017-08-06;6;0,54;10;11;0,51;9;10;0,37;13;19
2017-08-06;7;0,52;12;11;0,52;9;11;0,36;18;19
2017-08-06;8;0,51;12;11;0,56;12;11;0,36;21;19
2017-08-06;9;0,51;12;11;0,59;12;11;0,36;21;19
2017-08-06;10;0,51;10;11;0,6;10;11;0,36;17;19
2017-08-06;11;0,52;11;11;0,61;6;10;0,36;19;18
2017-08-06;12;0,54;11;11;0,61;9;10;0,38;19;17
2017-08-06;13;0,57;15;12;0,64;16;11;0,41;19;17
2017-08-06;14;0,61;21;12;0,67;21;11;0,43;19;17
2017-08-06;15;0,65;22;13;0,69;30;12;0,46;18;17
2017-08-06;16;0,69;28;14;0,71;25;13;0,49;20;18
2017-08-06;17;0,74;35;15;0,78;32;13;0,51;20;18
2017-08-06;18;0,78;38;16;0,86;38;14;0,52;25;18
2017-08-06;19;0,81;35;17;0,95;36;15;0,53;27;19
2017-08-06;20;0,86;35;18;1,05;34;15;0,57;25;19
2017-08-06;21;0,9;32;18;1,09;30;16;0,58;23;20
2017-08-06;22;0,91;31;19;1,14;31;16;0,58;22;20
2017-08-06;23;0,91;30;19;1,16;30;16;0,57;22;20
2017-08-06;24;0,89;26;19;1,15;22;16;0,54;20;20
2017-08-07;1;0,86;19;20;1,07;15;17;0,51;18;20
2017-08-07;2;0,81;18;20;1;16;18;0,48;17;20
2017-08-07;3;0,77;18;20;0,94;14;18;0,44;16;20
2017-08-07;4;0,7;14;20;0,87;14;18;0,39;16;21
2017-08-07;5;0,64;16;21;0,86;18;19;0,35;19;21
2017-08-07;6;0,6;20;21;0,89;24;19;0,34;20;21
2017-08-07;7;0,6;23;21;0,95;25;20;0,35;20;22
2017-08-07;8;0,65;25;22;1,08;29;21;0,39;20;23
2017-08-07;9;0,7;25;22;1,19;30;21;0,41;17;24
2017-08-07;10;0,74;24;23;1,26;28;22;0,48;22;24
2017-08-07;11;0,78;22;24;1,31;25;23;0,53;23;25
2017-08-07;12;0,83; ;24;1,35;24;24;0,56;20;26
2017-08-07;13;0,82; ;24;1,38;28;24;0,57;19;26
2017-08-07;14;0,8; ;24;1,39;29;24;0,57;19;27
2017-08-07;15;0,75;29;24;1,44;29;24;0,55;18;27
2017-08-07;16;0,69;30;24;1,44;32;24;0,51;20;27
2017-08-07;17;0,65;28;23;1,42;26;25;0,52;24;28
2017-08-07;18;0,6;27;23;1,45;27;25;0,48;19;28
2017-08-07;19;0,62;23;22;1,5;24;25;0,47;20;29
2017-08-07;20;0,65;24;22;1,55;28;25;0,47;21;29
2017-08-07;21;0,75;25;22;1,59;30;25;0,49;24;29
2017-08-07;22;0,79;20;22;1,55;22;25;0,49;19;29
2017-08-07;23;0,78;16;21;1,43;17;24;0,47;16;29
2017-08-07;24;0,76;15;21;1,3;16;24;0,46;21;30
2017-08-08;1;0,71;9;20;1,2;16;23;0,42;11;30
2017-08-08;2;0,67;13;20;1,09;17;24;0,4;18;30
2017-08-08;3;0,64;25;20;0,96;14;24;0,37;24;29
2017-08-08;4;0,58;18;19;0,83;12;24;0,36;21;29
2017-08-08;5;0,45;6;19;0,68;10;25;0,34;9;28
2017-08-08;6;0,39;6;18;0,61;15;25;0,32;10;28
2017-08-08;7;0,37;12;18;0,57;23;25;0,32;16;27
2017-08-08;8;0,37;15;17;0,58;32;25;0,32;16;25
2017-08-08;9;0,4;19;17;0,62;33;25;0,32;15;24
2017-08-08;10;0,43;21;16;0,65;36;24;0,31;16;24
2017-08-08;11;0,44;19;16;0,69;28;24;0,29;16;22
2017-08-08;12;0,45;18;15;0,73;25;24;0,27;14;21
2017-08-08;13;0,49;18;15;0,78;28;24;0,27;14;21
2017-08-08;14;0,51;16;14;0,86;28;24;0,27;11;20
2017-08-08;15;0,54;18;14;0,9;23;23;0,25;10;19
2017-08-08;16;0,53;16;13;0,88;22;23;0,23;9;18
2017-08-08;17;0,52;18;13;0,85;25;23;0,21;10;17
2017-08-08;18;0,51;19;13;0,84;26;23;0,2;10;16
2017-08-08;19;0,51;21;12;0,83;29;23;0,2;11;16
2017-08-08;20;0,5;17;12;0,8;24;23;0,19;12;15
2017-08-08;21;0,49;17;12;0,77;24;23;0,18;8;14
2017-08-08;22;0,48;16;11;0,72;24;23;0,17;6;13
2017-08-08;23;0,47;14;11;0,67;19;24;0,17;7;13
2017-08-08;24;0,46;11;11;0,62;12;24;0,17;7;13
2017-08-09;1;0,44;9;11;0,61;16;24;0,19;7;12
2017-08-09;2;0,42;7;11;0,6;17;24;0,19;6;13
2017-08-09;3;0,39;7;12;0,55;14;24;0,2;6;13
2017-08-09;4;0,36;6;13;0,54;12;24;0,21;7;14
2017-08-09;5;0,35;8;14;0,52;10;24;0,22;6;15
2017-08-09;6;0,34;13;15;0,51;15;24;0,25;11;15
2017-08-09;7;0,35;22;15;0,51;23;24;0,28;16;16
2017-08-09;8;0,4;26;16;0,58;32;24;0,31;21;17
2017-08-09;9;0,45;27;17;0,62;33;24;0,32;21;17
2017-08-09;10;0,49;24;17;0,65;36;24;0,35;27;17
2017-08-09;11;0,51;19;17;0,69;28;24;0,37;25;18
2017-08-09;12;0,53;17;17;0,73;25;24;0,38; ;18
2017-08-09;13;0,55;19;17;0,78;28;24;0,4; ;19
2017-08-09;14;0,56;19;17;0,86;28;24;0,4;26;20
2017-08-09;15;0,56;14;18;0,9;23;24;0,42;26;20
2017-08-09;16;0,54;18;18;0,88;22;24;0,43;27;22
2017-08-09;17;0,51;18;18;0,85;25;24;0,43;23;23
2017-08-09;18;0,5;18;19;0,84;26;24;0,45;26;24
2017-08-09;19;0,51;23;20;0,83;29;24;0,45;25;25
2017-08-09;20;0,52;22;20;0,8;24;24;0,45;21;26
2017-08-09;21;0,53;20;20;0,77;24;24;0,45;24;26
2017-08-09;22;0,53;18;21;0,72;24;24;0,45;29;27
2017-08-09;23;0,53;15;21;0,67;19;24;0,44;20;28
2017-08-09;24;0,51;9;21;0,62;12;24;0,41;14;28
2017-08-10;1;0,49;8;22;0,58;9;24;0,39;10;28
2017-08-10;2;0,47;6;22;0,54;6;24;0,36;9;28
2017-08-10;3;0,44;6;21;0,49;5;23;0,32;7;28
2017-08-10;4;0,41;5;21;0,47;5;23;0,29;6;27
2017-08-10;5;0,37;6;21;0,45;6;22;0,27;5;27
2017-08-10;6;0,34;7;20;0,44;8;22;0,24;9;26
2017-08-10;7;0,32;10;20;0,45;12;22;0,23;15;26
2017-08-10;8;0,32;15;19;0,5;19;21;0,22;17;26
2017-08-10;9;0,34;19;19;0,52;20;21;0,23;20;26
2017-08-10;10;0,36;17;19;0,58;25;21;0,25;25;26
2017-08-10;11;0,38;16;19;0,61;20;21;0,26;22;26
2017-08-10;12;0,4;20;19;0,66;20;21;0,27;21;26
2017-08-10;13;0,42;16;19;0,69;19;20;0,28;18;25
2017-08-10;14;0,45;18;19;0,72;19;20;0,29;19;25
2017-08-10;15;0,48;17;18;0,76;23;20;0,3;20;24
2017-08-10;16;0,52;16;18;0,8;24;20;0,31;23;22
2017-08-10;17;0,54;20;17;0,84;25;19;0,34;26;22
2017-08-10;18;0,56;22;17;0,87;27;19;0,36;26;22
2017-08-10;19;0,6;23;16;0,93;28;18;0,39;26;22
2017-08-10;20;0,63;25;16;0,96;25;18;0,42;24;21
2017-08-10;21;0,65;20;16;0,96;20;17;0,43;24;21
2017-08-10;22;0,65;20;16;0,97;21;17;0,44;21;20
2017-08-10;23;0,65;13;15;0,95;18;17;0,44;24;20
2017-08-10;24;0,61;9;15;0,92;13;17;0,43;23;20
2017-08-11;1;0,58;7;15;0,86;9;16;0,4;10;19
2017-08-11;2;0,54;12;15;0,79;8;16;0,35;6;19
2017-08-11;3;0,49;11;15;0,72;7;16;0,32;9;19
2017-08-11;4;0,44;9;15;0,69;5;16;0,28;4;19
2017-08-11;5;0,4;5;14;0,68;4;16;0,27;7;19
2017-08-11;6;0,37;6;14;0,68;10;16;0,27;18;18
2017-08-11;7;0,35;9;14;0,69;14;16;0,28;22;18
2017-08-11;8;0,35;12;13;0,71;19;16;0,28;24;18
2017-08-11;9;0,37;15;13;0,76;22;15;0,3;24;18
2017-08-11;10;0,39;16;13;0,86;27;15;0,33;24;18
2017-08-11;11;0,41;16;12;0,97;28;15;0,36;22;17
2017-08-11;12;0,44;18;12;1,05;24;16;0,4;22;17
2017-08-11;13;0,49;21;12;1,13;26;16;0,43;21;17
2017-08-11;14;0,54;24;12;1,22;30;15;0,45;23;17
2017-08-11;15;0,62;27;12;1,41;34;15;0,47;24;17
2017-08-11;16;0,68;26;12;1,53;34;15;0,5;24;17
2017-08-11;17;0,74;26;12;1,62;29;16;0,52;27;16
2017-08-11;18;0,82;27;12;1,67;33;16;0,58;28;16
2017-08-11;19;0,89;26;12;1,66;32;18;0,64;27;16
2017-08-11;20;0,92;20;12;1,6;23;19;0,66; ;16
2017-08-11;21;0,93;19;12;1,55;25;19;0,69; ;16
2017-08-11;22;0,93;20;12;1,45;22;19;0,96;24;16
2017-08-11;23;0,9;19;12;1,24;19;19;1,24;20;16
2017-08-11;24;0,87;18;12;1,08;16;19;1,49;18;16
2017-08-12;1;0,83;16;11;0,94;15;19;1,49;22;15
2017-08-12;2;0,79;17;11;0,8;18;19;1,43;21;15
2017-08-12;3;0,75;18;11;0,74;22;19;1,38;21;14
2017-08-12;4;0,75;16;11;0,76;24;19;1,27;21;14
2017-08-12;5;0,71;12;11;0,74;17;18;1,16;12;14
2017-08-12;6;0,67;11;11;0,72;16;19;0,93;13;14
2017-08-12;7;0,63;13;11;0,72;19;18;0,7;17;13
2017-08-12;8;0,6;13;11;0,74;21;18;0,48;17;13
2017-08-12;9;0,59;13;11;0,79;21;19;0,45;15;14
2017-08-12;10;0,56;14;12;0,81;21;19;0,42;14;13
2017-08-12;11;0,53;14;12;0,79;21;19;0,38;13;13
2017-08-12;12;0,51;13;11;0,79;20;18;0,34;13;12
2017-08-12;13;0,52;13;12;0,81;19;18;0,34;12;11
2017-08-12;14;0,54;14;11;0,84;20;18;0,35;13;11
2017-08-12;15;0,54;13;11;0,85;18;18;0,34;10;10
2017-08-12;16;0,55;15;10;0,84;21;18;0,34;12;10
2017-08-12;17;0,54;14;10;0,81;21;18;0,33;11;9
2017-08-12;18;0,53;14;10;0,79;19;17;0,32;9;8
2017-08-12;19;0,52;16;9;0,78;23;15;0,32;11;7
2017-08-12;20;0,52;18;9;0,79;25;14;0,32;15;8
2017-08-12;21;0,54;21;9;0,81;28;14;0,34;18;8
2017-08-12;22;0,58;23;9;0,83;27;15;0,37;21;8
2017-08-12;23;0,62;21;9;0,85;26;15;0,4;20;9
2017-08-12;24;0,66;20;10;0,87;26;16;0,44;21;9
2017-08-13;1;0,71;19;11;0,89;23;17;0,48;20;10
2017-08-13;2;0,77;17;11;0,92;22;17;0,51;18;11
2017-08-13;3;0,77;13;11;0,91;19;17;0,51;14;12
2017-08-13;4;0,75;13;11;0,86;16;17;0,5;14;12
2017-08-13;5;0,71;12;11;0,78;16;16;0,47;11;12
2017-08-13;6;0,65;12;11;0,72;15;16;0,42;13;12
2017-08-13;7;0,61;14;11;0,68;18;16;0,39;15;12
2017-08-13;8;0,56;17;11;0,64;20;16;0,35;16;12
2017-08-13;9;0,54;18;11;0,61;20;16;0,31;16;11
2017-08-13;10;0,5;17;11;0,6;21;15;0,28;13;11
2017-08-13;11;0,52;19;11;0,6;21;15;0,28;15;11
2017-08-13;12;0,53;15;11;0,62;19;15;0,29;12;12
2017-08-13;13;0,55;14;12;0,67;20;15;0,29;10;12
2017-08-13;14;0,57;15;12;0,68;24;15;0,29;14;13
2017-08-13;15;0,58;19;12;0,68;23;15;0,29;18;13
2017-08-13;16;0,59;16;13;0,67;17;16;0,29;15;14
2017-08-13;17;0,57;16;13;0,67;24;15;0,3;18;14
2017-08-13;18;0,58;21;13;0,65;31;15;0,3;22;14
2017-08-13;19;0,57;21;13;0,63;31;16;0,33;30;15
2017-08-13;20;0,59;26;13;0,63;30;15;0,36;31;15
2017-08-13;21;0,62;29;13;0,62;34;15;0,4;30;15
2017-08-13;22;0,66;30;13;0,63;27;14;0,45;33;15
2017-08-13;23;0,67;25;13;0,64;22;14;0,48;29;14
2017-08-13;24;0,69;26;13;0,66;29;13;0,52;29;15
2017-08-14;1;0,7;24;13;0,68;31;13;0,55;30;15
2017-08-14;2;0,69;22;13;0,68;24;12;0,57;27;14
2017-08-14;3;0,67;20;13;0,68;19;12;0,54;21;14
2017-08-14;4;0,63;19;14;0,66;14;12;0,5;19;14
2017-08-14;5;0,58;14;14;0,62;10;12;0,46;16;14
2017-08-14;6;0,52;16;14;0,6;13;12;0,41;23;14
2017-08-14;7;0,5;23;14;0,6;22;12;0,4;30;15
2017-08-14;8;0,51;26;14;0,63;30;12;0,39;30;15
2017-08-14;9;0,54;25;16;0,66;28;13;0,41;28;17
2017-08-14;10;0,57;23;16;0,71;27;13;0,43;29;18
2017-08-14;11;0,6;21;17;0,76;27;14;0,46;27;19
2017-08-14;12;0,62;19;17;0,81;26;15;0,47;20;20
2017-08-14;13;0,65;17;18;0,87;25;16;0,47;16;21
2017-08-14;14;0,67;17;18;0,92;25;15;0,46;20;21
2017-08-14;15;0,68;17;18;0,94;23;15;0,44;20;21
2017-08-14;16;0,65;19;18;0,93;26;15;0,4;21;21
2017-08-14;17;0,62;21;18;0,93;30;15;0,36;25;22
2017-08-14;18;0,6;23;18;0,94;32;16;0,29;25;22
2017-08-14;19;0,65;31;19;0,96;37;16;0,29;36;23
2017-08-14;20;0,72;32;20;0,99;36;17;0,38;42;23
2017-08-14;21;0,81;34;20;1,01;37;17;0,48;41;25
2017-08-14;22;0,89;33;22;1,01;34;18;0,56;42;27
2017-08-14;23;0,96;35;23;1,01;34;19;0,64;43;27
2017-08-14;24;1,04;36;23;1,02;34;19;0,69;40;28
2017-08-15;1;1,06;29;23;0,96;22;19;0,71;34;29
2017-08-15;2;1,04;19;23;0,9;15;19;0,72;31;29
2017-08-15;3;0,96;18;22;0,84;15;20;0,68;24;29
2017-08-15;4;0,87;18;22;0,79;13;20;0,57;21;29
2017-08-15;5;0,76;19;22;0,74;17;20;0,48;32;29
2017-08-15;6;0,66;20;22;0,73;19;20;0,4;32;30
2017-08-15;7;0,62;27;22;0,75;25;20;0,35;33;30
2017-08-15;8;0,6;31;23;0,8;29;20;0,33;32;31
2017-08-15;9;0,63;27;22;0,86;24;20;0,34;30;31
2017-08-15;10;0,65;21;22;0,9;17;20;0,37;31;31
2017-08-15;11;0,7;22;21;0,93;16;20;0,41;32;31
2017-08-15;12;0,74;20;22;0,95;16;19;0,46;30;32
2017-08-15;13;0,8; ;22;0,97;17;19;0,52;30;34
2017-08-15;14;0,79; ;22;0,97;20;19;0,58;25;35
2017-08-15;15;0,74;22;22;0,93;17;19;0,6;27;35
2017-08-15;16;0,65;21;23;0,86;18;19;0,61;31;36
2017-08-15;17;0,57;22;22;0,82;21;19;0,62;33;37
2017-08-15;18;0,59;29;22;0,8;27;20;0,67;39;39
2017-08-15;19;0,59;29;22;0,81;34;19;0,73;38;41
2017-08-15;20;0,65;29;23;0,85;35;19;0,76;37;41
2017-08-15;21;0,65;22;23;0,86;31;20;0,73;24;41
2017-08-15;22;0,67;22;22;0,91;37;21;0,67;20;40
2017-08-15;23;0,67;26;21;0,98;34;21;0,63;28;39
2017-08-15;24;0,68;27;21;1,01;32;22;0,62;30;39
2017-08-16;1;0,7;26;21;1,06;33;22;0,61;31;39
2017-08-16;2;0,68;23;22;1,07;30;23;0,56;28;40
2017-08-16;3;0,64;21;22;1,03;28;24;0,5;26;41
2017-08-16;4;0,58;22;23;0,97;25;24;0,46;25;42
2017-08-16;5;0,54;20;23;0,91;23;25;0,46;23;43
2017-08-16;6;0,52;17;24;0,85;22;25;0,48;23;43
2017-08-16;7;0,51;22;24;0,79;26;25;0,48;21;43
2017-08-16;8;0,52;23;24;0,83;31;26;0,49;23;43
2017-08-16;9;0,55;24;24;0,87;32;27;0,52;25;43
2017-08-16;10;0,58;27;25;0,95;42;28;0,53;28;44
2017-08-16;11;0,61;29;26;1,05;46;30;0,52;24;44
2017-08-16;12;0,63;30;27;1,12;38;31;0,49;27;43
2017-08-16;13;0,65;24;27;1,2;36;32;0,48;29;42
2017-08-16;14;0,67;23;27;1,25;35;32;0,47;26;41
2017-08-16;15;0,67;22;27;1,24;34;34;0,47;30;41
2017-08-16;16;0,64;23;27;1,14;28;36;0,46;34;41
2017-08-16;17;0,6;27;28;1,05;34;36;0,43;38;40
2017-08-16;18;0,57;30;28;0,96;37;37;0,43;43;40
2017-08-16;19;0,57;35;28;0,83;28;37;0,49;47;39
2017-08-16;20;0,6;37;28;0,78;35;37;0,56;47;39
2017-08-16;21;0,67;37;27;0,74;39;36;0,6;43;39
2017-08-16;22;0,75;36;27;0,73;37;35;0,69;40;40
2017-08-16;23;0,85;37;28;0,74;35;35;0,83;44;42
2017-08-16;24;0,91;33;28;0,76;31;34;0,88;40;43
2017-08-17;1;0,92;28;28;0,75;23;34;0,87;32;43
2017-08-17;2;0,9;24;27;0,74;21;33;0,83;29;41
2017-08-17;3;0,86;19;26;0,75;16;32;0,75;25;40
2017-08-17;4;0,8;17;26;0,73;12;31;0,67;20;39
2017-08-17;5;0,71;17;25;0,68;13;31;0,62;21;38
2017-08-17;6;0,62;21;25;0,65;18;31;0,54;30;38
2017-08-17;7;0,52;24;25;0,64;21;30;0,41;33;38
2017-08-17;8;0,5;32;25;0,66;29;30;0,38;35;38
2017-08-17;9;0,55;35;24;0,7;29;28;0,42;38;38
2017-08-17;10;0,6;31;24;0,72;27;27;0,44;35;39
2017-08-17;11;0,71;30;23;0,75;79;26;0,49;36;39
2017-08-17;12;0,75;29;23;0,79; ;25;0,53;33;40
2017-08-17;13;0,78;24;23;0,83; ;24;0,57;34;40
2017-08-17;14;0,8;23;24;0,86; ;24;0,6;31;41
2017-08-17;15;0,84;24;25;0,88; ;23;0,61;35;42
2017-08-17;16;0,81;27;26; ; ;23;0,61;39;43
2017-08-17;17;0,78;31;27; ; ;23;0,61;40;45
2017-08-17;18;0,77;36;28; ; ;23;0,65;47;45
2017-08-17;19;0,75;39;29; ; ;24;0,73;53;47
2017-08-17;20;0,8;42;30; ; ;25;0,83;51;48
2017-08-17;21;0,88;39;31; ; ;26;0,89;45;49
2017-08-17;22;0,94;37;31; ; ;27;0,92;42;49
2017-08-17;23;0,99;40;32; ; ;27;0,98;46;49
2017-08-17;24;1,01;34;32; ; ;28;0,97;40;48
2017-08-18;1;1;27;33; ; ;28;0,95;30;48
2017-08-18;2;0,97;20;33; ; ;29;0,89;25;49
2017-08-18;3;0,89;14;34; ; ;29;0,77;16;49
2017-08-18;4;0,78;8;34; ; ;30;0,63;15;49
2017-08-18;5;0,66;9;35; ; ;30;0,53;16;50
2017-08-18;6;0,58;13;35; ; ;30;0,46;25;50
2017-08-18;7;0,49;20;35; ; ;30;0,4;31;50
2017-08-18;8;0,47;26;36; ; ;31;0,4;32;50
2017-08-18;9;0,48;27;35; ; ;31;0,41;32;50
2017-08-18;10;0,5;27;35; ; ;31;0,44;34;50
2017-08-18;11;0,53;24;35; ; ;31;0,47;34;52
2017-08-18;12;0,57;20;34; ; ;31;0,5;27;51
2017-08-18;13;0,59;18;34; ; ;31;0,53;27;51
2017-08-18;14;0,61;19;33; ; ;31;0,55;28;50
2017-08-18;15;0,61;21;32; ; ;30;0,55;26;50
2017-08-18;16;0,6;23;31; ; ;29;0,54;29;49
2017-08-18;17;0,58;28;30; ; ;29;0,56;37;48
2017-08-18;18;0,57;30;30; ; ;29;0,59;41;48
2017-08-18;19;0,6;35;28; ; ;28;0,65;44;48
2017-08-18;20;0,64;38;28; ; ;28;0,72;42;47
2017-08-18;21;0,73;40;27; ; ;28;0,78;40;47
2017-08-18;22;0,83;39;27; ; ;28;0,83;35;47
2017-08-18;23;0,88;32;27; ; ;28;0,85;26;47
2017-08-18;24;0,91;25;27; ; ;28;0,86;28;46
2017-08-19;1;0,92;25;26; ; ;27;0,84;31;47
2017-08-19;2;0,94;28;27; ; ;27;0,81;31;48
2017-08-19;3;0,89;14;28; ; ;29;0,73;13;49
2017-08-19;4;0,81;6;29; ; ;30;0,62;5;49
2017-08-19;5;0,69;7;29; ; ;30;0,51;6;48
2017-08-19;6;0,57;8;29; ; ;30;0,43;9;48
2017-08-19;7;0,5;12;28; ; ;30;0,38;13;47
2017-08-19;8;0,46;17;28; ; ;29;0,33;16;46
2017-08-19;9;0,43;20;28; ; ;30;0,29;21;45
2017-08-19;10;0,41;27;27; ; ;30;0,27;28;44
2017-08-19;11;0,45;30;27; ; ;29;0,29;29;40
2017-08-19;12;0,5;28;26; ; ;29;0,32;25;39
2017-08-19;13;0,54;24;25; ; ;28;0,34;25;38
2017-08-19;14;0,6;27;25; ; ;28;0,39;31;38
2017-08-19;15;0,64;25;24; ; ;27;0,42;26;36
2017-08-19;16;0,65;16;25; ; ;27;0,43;17;35
2017-08-19;17;0,66;17;24; ; ;26;0,42;16;34
2017-08-19;18;0,65;18;23; ; ;25;0,4;19;32
2017-08-19;19;0,62;19;23; ; ;25;0,38;22;30
2017-08-19;20;0,62;23;22; ; ;24;0,39;26;28
2017-08-19;21;0,64;26;22; ; ;23;0,41;28;27
2017-08-19;22;0,65;25;21; ; ;22;0,39;24;25
2017-08-19;23;0,65;25;20; ; ;22;0,37;25;25
2017-08-19;24;0,66;21;20; ; ;22;0,38;22;24
2017-08-20;1;0,66;21;20; ; ;23;0,39;22;24
2017-08-20;2;0,67;20;20; ; ;22;0,4;20;23
2017-08-20;3;0,65;16;18; ; ;21;0,39;16;22
2017-08-20;4;0,61;12;17; ; ;20;0,36;15;21
2017-08-20;5;0,55;11;17; ; ;20;0,32;15;21
2017-08-20;6;0,48;12;17; ; ;20;0,3;15;22
2017-08-20;7;0,44;14;17; ; ;20;0,29;17;22
2017-08-20;8;0,42;16;17; ; ;20;0,29;20;22
2017-08-20;9;0,41;16;17; ; ;20;0,27;17;23
2017-08-20;10;0,39;14;18; ; ;20;0,26;15;22
2017-08-20;11;0,38;12;17; ; ;20;0,26;11;22
2017-08-20;12;0,39;12;18; ; ;20;0,26;15;23
2017-08-20;13;0,41;12;18; ; ;20;0,27;15;23
2017-08-20;14;0,43;10;18; ; ;20;0,27;13;22
2017-08-20;15;0,44;9;18; ; ;20;0,26;9;22
2017-08-20;16;0,44;8;17; ; ;20;0,24;10;21
2017-08-20;17;0,44;10;17; ; ;20;0,23;9;21
2017-08-20;18;0,46;13;18; ; ;19;0,21;10;21
2017-08-20;19;0,48;15;19; ; ;19;0,21;15;21
2017-08-20;20;0,51;20;20; ; ;19;0,21;20;20
2017-08-20;21;0,53;24;20; ; ;19;0,23;25;20
2017-08-20;22;0,57;24;20; ; ;19;0,26;28;20
2017-08-20;23;0,62;26;21; ; ;20;0,31;32;20
2017-08-20;24;0,65;24;21; ; ;19;0,41;35;21
2017-08-21;1;0,69;24;21; ; ;19;0,52;35;21
2017-08-21;2;0,72;23;22; ; ;20;0,63;34;22
2017-08-21;3;0,74;23;22; ; ;20;0,73;34;23
2017-08-21;4;0,77;25;22; ; ;20;0,82;34;24
2017-08-21;5;0,78;25;22; ; ;20;0,9;35;25
2017-08-21;6;0,77;24;22; ; ;21;0,96;36;26
2017-08-21;7;0,78;26;22; ; ;21;1,04;37;27
2017-08-21;8;0,83;27;23; ; ;22;1,04;37;29
2017-08-21;9;0,87;22;23; ; ;22;0,96;28;29
2017-08-21;10;0,82;12;23; ; ;22;0,85;17;29
2017-08-21;11;0,77;8;22; ; ;21;0,75;13;29
2017-08-21;12;0,71;8;22; ; ;21;0,64;15;29
2017-08-21;13;0,65;7;22; ; ;21;0,53;12;28
2017-08-21;14;0,62;8;21; ; ;21;0,44;14;28
2017-08-21;15;0,55;8;21; ; ;21;0,32;16;28
2017-08-21;16;0,46;9;21; ; ;21;0,22;15;28
2017-08-21;17;0,39;11;21; ; ;21;0,21;15;28
2017-08-21;18;0,39;13;21; ; ;21;0,22;19;29
2017-08-21;19;0,41;17;19; ; ;20;0,24;21;29
2017-08-21;20;0,43;18;17; ; ;20;0,26;23;29
2017-08-21;21;0,45;17;17; ; ;20;0,27;21;29
2017-08-21;22;0,46;17;16; ; ;19;0,29;21;28
2017-08-21;23;0,48;16;15; ; ;18;0,29;16;28
2017-08-21;24;0,49;12;15; ; ;18;0,3;15;28
2017-08-22;1;0,48;9;14; ; ;17;0,3;13;26
2017-08-22;2;0,46;7;14; ; ;16;0,29;12;25
2017-08-22;3;0,44;5;13; ; ;16;0,28;14;24
2017-08-22;4;0,42;3;12; ; ;15;0,27;12;23
2017-08-22;5;0,39;4;12; ; ;15;0,27;15;22
2017-08-22;6;0,36;8;12; ; ;13;0,27;15;21
2017-08-22;7;0,34;10;11; ; ;13;0,27;17;19
2017-08-22;8;0,34;15;11; ; ;13;0,29;22;18
2017-08-22;9;0,35;18;11; ; ;13;0,31;23;19
2017-08-22;10;0,37;16;11; ; ;14;0,34;24;20
2017-08-22;11;0,39;16;12; ; ;14;0,36;21;20
2017-08-22;12;0,41;15;11; ; ;14;0,39;24;21
2017-08-22;13;0,44;19;12; ; ;14;0,42;22;21
2017-08-22;14;0,47;13;12; ; ;14;0,44;19;22
2017-08-22;15;0,49;14;13; ; ;15;0,46;22;22
2017-08-22;16;0,5;15;13; ; ;15;0,47;20;23
2017-08-22;17;0,5;17;13; ; ;15;0,5;32;23
2017-08-22;18;0,52;20;13; ; ;15;0,53;30;24
2017-08-22;19;0,55;22;14; ; ;16;0,54;22;24
2017-08-22;20;0,57;20;14; ; ;16;0,54;22;24
2017-08-22;21;0,59;20;14; ; ;16;0,54;14;24
2017-08-22;22;0,61;17;14; ; ;16;0,53;15;24
2017-08-22;23;0,61;15;14; ; ;16;0,51;14;24
2017-08-22;24;0,61;16;14; ; ;16;0,5;11;24
2017-08-23;1;0,61;12;14; ; ;16;0,46;10;24
2017-08-23;2;0,58;9;14; ; ;16;0,41;8;24
2017-08-23;3;0,54;6;14; ; ;16;0,37;12;24
2017-08-23;4;0,49;5;14; ; ;16;0,34;13;24
2017-08-23;5;0,45;7;14; ; ;16;0,32;14;23
2017-08-23;6;0,43;10;14; ; ;16;0,32;15;23
2017-08-23;7;0,42;16;14; ; ;16;0,31;18;24
2017-08-23;8;0,44;20;14; ; ;16;0,33;23;23
2017-08-23;9;0,47;20;15; ; ;16;0,36;25;23
2017-08-23;10;0,5;19;15; ; ;16;0,42;29;24
2017-08-23;11;0,53;17;15; ;26;16;0,47;27;24
2017-08-23;12;0,56;17;15; ;25;16;0,51;26;24
2017-08-23;13;0,6;18;16; ;25;16;0,55;25;25
2017-08-23;14;0,64;20;16; ;20;17;0,58;28;24
2017-08-23;15;0,68;26;16; ;40;17;0,61;28;25
2017-08-23;16;0,7;34;17; ;42;19;0,62;30;26
2017-08-23;17;0,75;38;19; ;44;21; ;33;27
2017-08-23;18;0,78;34;21; ;42;22; ;33;27
2017-08-23;19;0,82;31;21; ;35;23; ;29;28
2017-08-23;20;0,86;28;22; ;30;23; ;26;28
2017-08-23;21;0,87;27;22; ;24;24; ;28;29
2017-08-23;22;0,87;22;23; ;22;24; ;25;29
2017-08-23;23;0,85;19;23; ;22;24; ;26;30
2017-08-23;24;0,83;19;23; ;19;24; ;23;30
2017-08-24;1;0,76;16;24; ;15;24; ;18;30
2017-08-24;2;0,7;12;24; ;10;24; ;12;30
2017-08-24;3;0,64;11;24; ;8;24; ;12;30
2017-08-24;4;0,58;19;25; ;10;25; ;12;30
2017-08-24;5;0,54;18;25; ;15;25; ;13;31
2017-08-24;6;0,51;17;25; ;16;26; ;17;31
2017-08-24;7;0,5;18;25; ;19;26; ;18;31
2017-08-24;8;0,52;22;25; ;25;26; ;18;31
2017-08-24;9;0,58;24;25; ;33;27; ;21;31
2017-08-24;10;0,64;24;25; ;31;27; ;29;31
2017-08-24;11;0,69; ;26; ;27;27; ;33;32
2017-08-24;12;0,73; ;26; ;26;28; ;33;32
2017-08-24;13;0,78;25;26; ;26;28; ;29;31
2017-08-24;14;0,8;19;26; ;20;28; ;33;32
2017-08-24;15;0,83;21;27; ;26;28; ;31;33
2017-08-24;16;0,83;25;26; ;33;27; ;28;33
2017-08-24;17;0,83;29;26; ;40;27; ;29;33
2017-08-24;18;0,8;31;25; ;43;28; ;27;33
2017-08-24;19;0,89;32;25; ;45;29; ;25;33
2017-08-24;20;0,97;32;26; ;40;30; ;27;34
2017-08-24;21;1,09;30;27; ;45;32; ;26;35
2017-08-24;22;1,23;27;28; ;44;34; ;23;36
2017-08-24;23;1,36;24;29; ;39;36; ;21;37
2017-08-24;24;1,53;25;31; ;41;38; ;25;38
2017-08-25;1;1,64;23;33; ;43;41; ;25;40
2017-08-25;2;1,71;21;35; ;36;43; ;24;43
2017-08-25;3;1,73;18;37; ;34;45; ;22;45
2017-08-25;4;1,67;16;39; ;29;48; ;20;48
2017-08-25;5;1,53;16;40; ;27;49; ;20;50
2017-08-25;6;1,38;15;41; ;17;50; ;19;51
2017-08-25;7;1,23;12;42; ;17;50; ;19;51
2017-08-25;8;1,03;14;42; ;25;50; ;23;51
2017-08-25;9;0,91;15;43; ;31;50; ;24;51
2017-08-25;10;0,84;15;43; ;32;50; ;24;51
2017-08-25;11;0,75;15;42; ;30;50; ;22;50
2017-08-25;12;0,73;16;42; ;28;50; ;23;49
2017-08-25;13;0,74;19;42; ;33;50; ;26;49
2017-08-25;14;0,79;23;42; ;43;51; ;33;49
2017-08-25;15;0,86;16;43; ;38;53; ;28;49
2017-08-25;16;0,87;11;43; ;23;54; ;21;48
2017-08-25;17;0,86;13;42; ;27;54; ;17;46
2017-08-25;18;0,87;18;41;1,82;31;52; ;24;44
2017-08-25;19;0,9;17;40;1,76;29;50; ;25;43
2017-08-25;20;0,89;13;38;1,7;26;48;2,49;21;41
2017-08-25;21;0,86;12;37;1,65;25;47;2,51;18;39
2017-08-25;22;0,84;15;35;1,52;31;45;2,52;19;38
2017-08-25;23;0,78;15;34;1,39;32;43;2,67;22;36
2017-08-25;24;0,76;11;32;1,29;26;42;2,63;10;35
2017-08-26;1;0,71;7;29;1,24;22;39;2,35;9;33
2017-08-26;2;0,64;6;27;1,14;19;37;2,03;10;30
2017-08-26;3;0,56;5;24;1,06;18;35;1,7;6;27
2017-08-26;4;0,51;4;22;0,98;15;32;1,38;7;24
2017-08-26;5;0,47;4;20;0,9;12;30;1,07;7;21
2017-08-26;6;0,41;4;18;0,82;17;29;0,76;6;19
2017-08-26;7;0,38;8;17;0,78;21;28;0,46;9;18
2017-08-26;8;0,37;10;17;0,78;25;28;0,18;12;17
2017-08-26;9;0,38;14;16;0,79;30;27;0,16;16;16
2017-08-26;10;0,4;14;15;0,81;32;27;0,16;15;16
2017-08-26;11;0,43;15;16;0,85;33;27;0,17;15;16
2017-08-26;12;0,48;15;16;0,92;29;28;0,19;16;16
2017-08-26;13;0,51;13;16;0,99;28;28;0,21;15;16
2017-08-26;14;0,56;15;15;1,05;26;27;0,23;17;15
2017-08-26;15;0,59;13;14;1,07;22;25;0,24;13;14
2017-08-26;16;0,61;11;14;1,09;22;24;0,24;14;14
2017-08-26;17;0,61;11;14;1,06;21;23;0,24;10;15
2017-08-26;18;0,62;12;14;1,07;22;23;0,24;10;15
2017-08-26;19;0,64;12;14;1,06;22;23;0,25;14;15
2017-08-26;20;0,64;14;14;1,04;24;23;0,25;15;15
2017-08-26;21;0,65;14;14;1,04;27;23;0,26;19;15
2017-08-26;22;0,64;15;14;1,01;27;22;0,26;17;15
2017-08-26;23;0,64;15;15;0,99;21;22;0,26;14;15
2017-08-26;24;0,63;14;15;0,96;19;21;0,26;10;15
2017-08-27;1;0,63;13;15;0,97;19;22;0,27;13;15
2017-08-27;2;0,61;12;16;0,93;16;23;0,28;13;16
2017-08-27;3;0,57;12;17;0,9;15;24;0,28;11;17
2017-08-27;4;0,53;10;18;0,87;13;24;0,27;10;18
2017-08-27;5;0,48;10;19;0,8;13;25;0,26;9;19
2017-08-27;6;0,44;7;19;0,76;7;25;0,25;8;19
2017-08-27;7;0,4;8;20;0,75;9;25;0,25;9;19
2017-08-27;8;0,38;8;20;0,73;7;25;0,26;12;19
2017-08-27;9;0,36;7;20;0,7;6;24;0,25;10;19
2017-08-27;10;0,34;6;19;0,69;10;23;0,25;15;19
2017-08-27;11;0,34;7;18;0,69;10;22;0,26;18;18
2017-08-27;12;0,36;8;18;0,7;12;21;0,28;15;17
2017-08-27;13;0,39;9;17;0,71;12;20;0,3;17;17
2017-08-27;14;0,42;10;17;0,74;14;19;0,32;14;17
2017-08-27;15;0,45;10;16;0,77;9;18;0,34;14;16
2017-08-27;16;0,47;10;16;0,8;15;17;0,36;15;15
2017-08-27;17;0,48;13;15;0,83;17;17;0,37;13;15
2017-08-27;18;0,5;13;15;0,83;15;16;0,37;20;15
2017-08-27;19;0,51;15;15;0,83;14;16;0,37;17;15
2017-08-27;20;0,51;14;15;0,84;16;16;0,35;12;15
2017-08-27;21;0,51;15;15;0,84;17;15;0,33;16;15
2017-08-27;22;0,5;15;15;0,83;14;15;0,32;16;15
2017-08-27;23;0,49;10;15;0,82;10;15;0,29;12;15
2017-08-27;24;0,48;8;14;0,8;7;14;0,27;10;15
2017-08-28;1;0,47;9;14;0,76;6;13;0,26;9;15
2017-08-28;2;0,45;8;13;0,72;4;12;0,25;8;14
2017-08-28;3;0,43;6;13;0,69;5;11;0,25;9;14
2017-08-28;4;0,41;5;12;0,65;4;10;0,27;10;13
2017-08-28;5;0,39;6;12;0,62;5;10;0,28;10;13
2017-08-28;6;0,38;7;11;0,6;8;10;0,29;15;13
2017-08-28;7;0,38;10;11;0,6;12;10;0,32;15;13
2017-08-28;8;0,41;13;11;0,65;17;10;0,37;17;14
2017-08-28;9;0,45;15;11;0,71;21;11;0,41;19;14
2017-08-28;10;0,48;14;12;0,75;18;11;0,45;19;15
2017-08-28;11;0,51;14;12;0,81;18;12;0,47; ;16
2017-08-28;12;0,55;16;13;0,87;18;13;0,5; ;17
2017-08-28;13;0,57;14;13;0,93;15;13;0,48;18;17
2017-08-28;14;0,59;10;13;0,94;12;14;0,45;17;18
2017-08-28;15;0,6;11;13;0,97;18;14;0,43;21;18
2017-08-28;16;0,6;12;13;0,98;23;14;0,39;21;18
2017-08-28;17;0,58;15;13;0,97;26;15;0,33;23;19
2017-08-28;18;0,6;19;13;1;29;16;0,32;27;20
2017-08-28;19;0,64;20;13;0,98;25;17;0,4;32;21
2017-08-28;20;0,68;20;14;0,97;25;17;0,44;29;23
2017-08-28;21;0,72;18;14;0,96;23;18;0,46;27;24
2017-08-28;22;0,77;19;14;1;24;18;0,48;25;24
2017-08-28;23;0,81;20;14;1,03;25;19;0,5;23;24
2017-08-28;24;0,83;19;14;0,98;24;19;0,49;22;25
2017-08-29;1;0,83;17;14;0,96;25;19;0,51;22;24
2017-08-29;2;0,81;15;14;0,91;22;20;0,51;21;25
2017-08-29;3;0,76;17;14;0,91;22;20;0,47;21;24
2017-08-29;4;0,72;16;14;0,88;19;20;0,45;23;25
2017-08-29;5;0,67;16;15;0,85;20;21;0,45;23;25
2017-08-29;6;0,63;16;15;0,88;24;21;0,48;25;25
2017-08-29;7;0,62;19;15;0,88;26;21;0,53;24;25
2017-08-29;8;0,67;22;15;0,97;27;22;0,57;22;26
2017-08-29;9;0,72;21;16;1,03;28;22;0,61;27;26
2017-08-29;10;0,8;24;16;1,14;40;22;0,64;28;25
2017-08-29;11;0,91;28;17;1,29;40;23;0,69;32;25
2017-08-29;12;1,02;29;18;1,52;41;24;0,76;33;26
2017-08-29;13;1,09;23;20;1,66;34;27;0,81;30;28
2017-08-29;14;1,13;15;21;1,68;23;28;0,83;22;29
2017-08-29;15;1,12;9;21;1,67;13;29;0,8;11;29
2017-08-29;16;1,05;12;21;1,61;18;28;0,77;12;28
2017-08-29;17;0,98;13;20;1,55;18;27;0,71;13;26
2017-08-29;18;0,89;13;20;1,45;20;26;0,66;14;25
2017-08-29;19;0,78;13;19;1,29;18;25;0,58;13;23
2017-08-29;20;0,66;14;19;1,06;19;25;0,48;13;22
2017-08-29;21;0,58;12;19;0,91;16;24;0,39;13;21
2017-08-29;22;0,51;10;19;0,8;17;23;0,31;10;20
2017-08-29;23;0,46;11;18;0,72;14;23;0,27;9;19
2017-08-29;24;0,43;9;18;0,66;12;22;0,24;9;18
2017-08-30;1;0,4;7;17;0,61;8;22;0,23;8;18
2017-08-30;2;0,38;6;17;0,57;9;22;0,22;10;18
2017-08-30;3;0,35;5;17;0,52;7;21;0,22;10;17
2017-08-30;4;0,32;5;16;0,49;5;21;0,23;8;17
2017-08-30;5;0,29;4;16;0,46;3;20;0,23;7;16
2017-08-30;6;0,28;8;16;0,45;9;20;0,24;14;15
2017-08-30;7;0,29;14;15;0,46;18;19;0,27;20;15
2017-08-30;8;0,33;19;15;0,49;21;19;0,3;24;14
2017-08-30;9;0,35;17;14;0,55;24;18;0,32;23;13
2017-08-30;10;0,38;19;14;0,61;25;18;0,33;16;13
2017-08-30;11;0,39;17;13;0,68;25;18;0,32;14;13
2017-08-30;12;0,42; ;12;0,76;25;17;0,32;12;11
2017-08-30;13;0,43; ;11;0,83;24;15;0,32;12;10
2017-08-30;14;0,44;16;10;0,91;24;14;0,32;11;8
2017-08-30;15;0,42;13;10;0,98;28;14;0,31;10;8
2017-08-30;16;0,38;14;10;1,04;27;14;0,3;10;8
2017-08-30;17;0,34;16;11;1,06;27;15;0,27;12;9
2017-08-30;18;0,33;19;12;1,11;31;16;0,27;14;10
2017-08-30;19;0,37;24;12;1,19;34;16;0,28;23;10
2017-08-30;20;0,41;25;13;1,28;36;18;0,3;28;11
2017-08-30;21;0,45;26;13;1,31;31;18;0,33;32;11
2017-08-30;22;0,5;26;14;1,3;31;19;0,36;34;13
2017-08-30;23;0,52;26;15;1,29;31;20;0,39;35;14
2017-08-30;24;0,55;25;15;1,24;26;21;0,41;35;15
2017-08-31;1;0,56;25;16;1,19;24;21;0,46;32;16
2017-08-31;2;0,55;17;16;1,1;21;22;0,47;26;16
2017-08-31;3;0,5;11;16;0,95;7;22;0,47;16;16
2017-08-31;4;0,45;8;17;0,78;6;22;0,45;16;17
2017-08-31;5;0,4;8;17;0,68;4;23;0,41;18;17
2017-08-31;6;0,34;12;17;0,6;9;23;0,39;26;18
2017-08-31;7;0,32;18;17;0,53;13;23;0,39;34;18
2017-08-31;8;0,32;23;17;0,52;24;23;0,39;33;19
2017-08-31;9;0,32;22;18;0,5;25;23;0,37;29;19
2017-08-31;10;0,32;19;17;0,5;21;23;0,38;25;20
2017-08-31;11;0,33;14;18;0,51;10;23;0,38;24;20
2017-08-31;12;0,34;11;18;0,54;15;23;0,39;31;21
2017-08-31;13;0,35;12;18;0,58;12;23;0,41;37;21
2017-08-31;14;0,37;12;18;0,63;13;23;0,42;33;22
2017-08-31;15;0,37;12;18;0,67;10;23;0,41;32;22
2017-08-31;16;0,35;14;18;0,73;14;22;0,4;24;23
2017-08-31;17;0,34;15;18;0,79;18;22;0,4;27;23
2017-08-31;18;0,35;22;18;0,92;23;22;0,42;33;24
2017-08-31;19;0,39;24;18;1,08;29;22;0,46;34;25
2017-08-31;20;0,45;25;17;1,17;25;21;0,5;33;25
2017-08-31;21;0,49;23;17;1,25;24;21;0,51;23;25
2017-08-31;22;0,5;19;17;1,3;17;20;0,51;16;24
2017-08-31;23;0,51;17;17;1,34;13;20;0,51;14;24
2017-08-31;24;0,52;21;17;1,34;14;19;0,5;13;24
2017-09-01;1;0,52;20;17;1,27;10;19;0,48;10;23
2017-09-01;2;0,48;19;17;1,13;9;19;0,45;11;23
2017-09-01;3;0,43;10;17;0,97;5;19;0,4;9;23
2017-09-01;4;0,36;16;18;0,86;6;19;0,35;10;23
2017-09-01;5;0,31;15;18;0,76;4;20;0,34;9;24
2017-09-01;6;0,27;16;18;0,67;9;20;0,34;16;24
2017-09-01;7;0,25;20;18;0,6;17;20;0,35;21;24
2017-09-01;8;0,27;18;18;0,56;18;20;0,38;26;24
2017-09-01;9;0,31;19;18;0,57;18;21;0,41;23;24
2017-09-01;10;0,34;15;19;0,58;16;21;0,44;21;24
2017-09-01;11;0,38;14;19;0,6;15;21;0,46;20;25
2017-09-01;12;0,4;13;19;0,6;14;21;0,5;22;25
2017-09-01;13;0,44;14;19;0,6;15;20;0,52;21;25
2017-09-01;14;0,48;13;19;0,6;15;20;0,55;18;26
2017-09-01;15;0,5;13;20;0,58;20;20;0,57;21;26
2017-09-01;16;0,5;14;20;0,56;19;21;0,57;22;27
2017-09-01;17;0,48;18;21;0,53;19;21;0,58;22;27
2017-09-01;18;0,5;22;21;0,52;26;22;0,61;28;27
2017-09-01;19;0,52;24;21;0,52;29;22;0,68;33;27
2017-09-01;20;0,57;27;21;0,55;31;22;0,74;33;29
2017-09-01;21;0,61;25;22;0,59;31;23;0,79;30;30
2017-09-01;22;0,66;28;22;0,63;29;23;0,82;25;31
2017-09-01;23;0,7;22;23;0,64;20;24;0,85;21;31
2017-09-01;24;0,74;18;24;0,65;15;25;0,88;21;32
2017-09-02;1;0,76;17;24;0,72;17;25;0,9;22;34
2017-09-02;2;0,82;19;24;0,84;21;26;0,87;19;34
2017-09-02;3;0,88;19;24;0,98;20;27;0,83;20;34
2017-09-02;4;0,9;19;25;1,05;18;28;0,8;20;35
2017-09-02;5;0,92;19;25;1,07;17;28;0,75;19;36
2017-09-02;6;0,91;19;26;1,1;17;29;0,72;19;36
2017-09-02;7;0,89;19;26;1,16;19;30;0,7;20;37
2017-09-02;8;0,91;19;27;1,23;20;30;0,74;20;37
2017-09-02;9;1;23;28;1,27;24;31;0,75;21;38
2017-09-02;10;1,06;28;29;1,29;26;32;0,77;19;39
2017-09-02;11;1,05;26;30;1,29;27;33;0,75;20;39
2017-09-02;12;1,04;23;31;1,26;19;34;0,73;21;39
2017-09-02;13;1,01;19;32;1,25;13;35;0,74;21;40
2017-09-02;14;0,99;17;32;1,24;12;35;0,76;24;40
2017-09-02;15;0,97;13;33;1,19;11;35;0,75;20;40
2017-09-02;16;0,91;12;33;1,13;10;35;0,67;20;41
2017-09-02;17;0,8;10;33;1,04;6;35;0,63;16;41
2017-09-02;18;0,65;11;33;0,92;12;36;0,59;15;42
2017-09-02;19;0,57;12;33;0,8;16;35;0,59;18;41
2017-09-02;20;0,51;14;33;0,76;13;35;0,57;15;40
2017-09-02;21;0,49;18;33;0,8;22;35;0,55;17;39
2017-09-02;22;0,49;16;34;0,86;22;35;0,54;16;39
2017-09-02;23;0,49;13;34;0,94;20;35;0,53;12;39
2017-09-02;24;0,49;12;34;1,02;19;36;0,51;11;39
2017-09-03;1;0,48;13;35;1,06;18;36;0,51;15;38
2017-09-03;2;0,48;15;35;1,07;13;36;0,5;14;38
2017-09-03;3;0,47;13;35;1,08;12;36;0,47;12;39
2017-09-03;4;0,45;12;35;1,07;6;35;0,45;13;38
2017-09-03;5;0,42;9;35;1;4;35;0,44;10;38
2017-09-03;6;0,38;9;35;0,9;9;35;0,42;15;38
2017-09-03;7;0,36;13;35;0,82;15;35;0,4;15;38
2017-09-03;8;0,35;17;35;0,77;20;34;0,4;16;38
2017-09-03;9;0,35;14;35;0,74;16;35;0,4;14;39
2017-09-03;10;0,36;14;34;0,72;15;34;0,42;17;38
2017-09-03;11;0,38;15;33;0,7;11;32;0,43;13;37
2017-09-03;12;0,41;17;32;0,7;12;31;0,45;15;35
2017-09-03;13;0,43;16;31;0,71;12;30;0,47;16;34
2017-09-03;14;0,47;23;32;0,72;19;31;0,48;20;35
2017-09-03;15;0,51;17;32;0,75;18;31;0,5;18;35
2017-09-03;16;0,53;10;31;0,73;14;30;0,5;10;33
2017-09-03;17;0,52;10;30;0,75;15;30;0,5;8;32
2017-09-03;18;0,52;12;30;0,76;18;29;0,48;8;29
2017-09-03;19;0,51;13;29;0,78;19;28;0,46;9;28
2017-09-03;20;0,49;13;28;0,79;20;28;0,43;7;27
2017-09-03;21;0,49;12;27;0,79;19;27;0,41;9;26
2017-09-03;22;0,46;12;26;0,78;20;26;0,38;8;25
2017-09-03;23;0,41;11;24;0,74;19;24;0,34;9;23
2017-09-03;24;0,38;8;23;0,7;16;23;0,31;7;22
2017-09-04;1;0,36;7;21;0,68;13;21;0,3;6;21
2017-09-04;2;0,34;5;20;0,65;12;20;0,29;6;20
2017-09-04;3;0,32;4;19;0,62;9;19;0,28;6;19
2017-09-04;4;0,29;4;18;0,58;9;18;0,28;4;18
2017-09-04;5;0,26;4;17;0,55;8;18;0,27;5;17
2017-09-04;6;0,24;9;16;0,53;15;17;0,28;9;16
2017-09-04;7;0,23;12;16;0,54;20;16;0,27;9;15
2017-09-04;8;0,25;17;15;0,6;28;15;0,27;11;14
2017-09-04;9;0,28;19;14;0,64;29;14;0,27;12;12
2017-09-04;10;0,31;18;13;0,72;28;15;0,27;12;12
2017-09-04;11;0,34;15;13;0,78;26;15;0,27;9;12
2017-09-04;12;0,36;13;13;0,89;36;16;0,26;7;12
2017-09-04;13;0,38;13;13;0,97;24;17;0,26;8;13
2017-09-04;14;0,39;12;12;1,05;26;17;0,25;7;11
2017-09-04;15;0,4;13;11;1,09;25;17;0,25;7;11
2017-09-04;16;0,4;14;11;1,1;26;17;0,25;8;11
2017-09-04;17;0,39;17;11;1,11;25;18;0,24;9;12
2017-09-04;18;0,39;17;12;1,12;30;19;0,24;11;13
2017-09-04;19;0,41;21;13;1,16;30;20;0,25;14;14
2017-09-04;20;0,43;22;13;1,13;30;21;0,26;18;14
2017-09-04;21;0,45;23;14;1,12;29;22;0,27;20;15
2017-09-04;22;0,47;19;15;1,1;29;23;0,28;19;16
2017-09-04;23;0,48;16;16;1,09;26;24;0,29;13;17
2017-09-04;24;0,47;12;16;1,04;22;25;0,3;11;18
2017-09-05;1;0,45;10;17;0,99;21;26;0,3;12;18
2017-09-05;2;0,42;8;17;0,91;14;27;0,3;12;18
2017-09-05;3;0,38;7;18;0,8;15;27;0,3;8;19
2017-09-05;4;0,34;7;18;0,73;15;27;0,29;13;19
2017-09-05;5;0,29;9;18;0,65;12;27;0,28;14;19
2017-09-05;6;0,26;14;18;0,61;19;28;0,27;20;19
2017-09-05;7;0,27;23;18;0,61;28;28;0,27;25;19
2017-09-05;8;0,32;25;18;0,7;35;29;0,3;26;20
2017-09-05;9;0,4;27;19;0,81;38;29;0,34;27;20
2017-09-05;10;0,46;25;19;0,92;39;30;0,37;22;21
2017-09-05;11;0,5;24;20;1,03;40;31;0,39;23;21
2017-09-05;12;0,52;19;20;1,1;29;31;0,4;27;22
2017-09-05;13;0,54;15;20;1,16;23;31;0,41;24;22
2017-09-05;14;0,56;17;20;1,17;19;30;0,41;24;22
2017-09-05;15;0,54;17;20;1,13;15;29;0,41;25;22
2017-09-05;16;0,49;18;19;1,06;20;29;0,39;27;22
2017-09-05;17;0,44;17;19;1,01;23;28;0,36;28;21
2017-09-05;18;0,4;17;19;0,95;27;28;0,35;29;22
2017-09-05;19;0,41;22;18;0,9;28;27;0,36;36;22
2017-09-05;20;0,41;22;18;0,88;26;26;0,38;32;22
2017-09-05;21;0,43;23;17;0,89;25;26;0,38;30;22
2017-09-05;22;0,44;18;17;0,89;25;25;0,39;30;21
2017-09-05;23;0,44;16;16;0,89;21;24;0,39;29;21
2017-09-05;24;0,43;14;15;0,85;16;23;0,39;25;20
2017-09-06;1;0,41;12;15;0,78;13;23;0,39;16;21
2017-09-06;2;0,4;9;15;0,72;5;23;0,38;11;21
2017-09-06;3;0,36;6;15;0,65;3;23;0,35;8;21
2017-09-06;4;0,32;6;15;0,6;2;23;0,32;9;21
2017-09-06;5;0,29;8;15;0,53;2;23;0,32;8;21
2017-09-06;6;0,27;12;16;0,5;5;23;0,32;11;21
2017-09-06;7;0,26;20;16;0,49;14;23;0,32;16;21
2017-09-06;8;0,26;22;15;0,5;16;22;0,33;20;21
2017-09-06;9;0,27;15;15;0,5;14;21;0,34;20;21
2017-09-06;10;0,29;16;15;0,52;10;21;0,36;22;21
2017-09-06;11;0,31;15;14;0,55;10;19;0,37;20;21
2017-09-06;12;0,33;13;14;0,59;11;18;0,39;20;21
2017-09-06;13;0,36;13;14;0,64;8;18;0,41;19;21
2017-09-06;14;0,39;12;14;0,71;10;17;0,42;18;21
2017-09-06;15;0,4;15;14;0,81;14;17;0,44;21;21
2017-09-06;16;0,41;18;14;0,92;17;18;0,44;19;21
2017-09-06;17;0,41;20;15;1,09;25;18;0,44;26;22
2017-09-06;18;0,42;24;15;1,28;31;18;0,44;20;21
2017-09-06;19;0,45;29;16;1,46;32;19;0,45;30;21
2017-09-06;20;0,48;27;16;1,6;31;19;0,47;26;21
2017-09-06;21;0,5;28;16;1,7;30;19;0,47;29;21
2017-09-06;22;0,52;28;17;1,77;28;20;0,48;25;22
2017-09-06;23;0,53;27;18;1,8;28;21;0,48;23;23
2017-09-06;24;0,53;27;19;1,77;27;21;0,49;29;23
2017-09-07;1;0,54;27;19;1,63;30;22;0,49;30;23
2017-09-07;2;0,55;24;20;1,48;30;22;0,5;25;23
2017-09-07;3;0,54;26;21;1,32;28;23;0,49;25;24
2017-09-07;4;0,52;22;22;1,18;26;24;0,47;24;25
2017-09-07;5;0,51;21;23;1,04;26;24;0,46;25;26
2017-09-07;6;0,51;22;24;0,94;27;25;0,45;26;26
2017-09-07;7;0,52;24;24;0,88;31;26;0,47;28;26
2017-09-07;8;0,61;27;25;0,91;40;26;0,5;29;27
2017-09-07;9;0,71;31;25;0,99;43;28;0,54;31;28
2017-09-07;10;0,78;31;27;1,04;39;29;0,54;28;28
2017-09-07;11;0,82;25;28;1,11;40;30;0,54;19;28
2017-09-07;12;0,82;S/D;28;1,19;37;31;0,53;15;28
2017-09-07;13;0,8;S/D;29;1,29;36;32;0,52;11;29
2017-09-07;14;0,78;16;29;1,35;31;34;0,51;16;29
2017-09-07;15;0,75;15;29;1,36;29;35;0,5;26;29
2017-09-07;16;0,65;17;29;1,28;33;35;0,47;30;30
2017-09-07;17;0,54;27;30;1,19;26;36;0,42;23;30
2017-09-07;18;0,45;23;30;1,14;22;36;0,43;26;30
2017-09-07;19;0,46;26;29;1,08;23;35;0,45;29;30
2017-09-07;20;0,47;28;29;1,02;28;35;0,48;26;30
2017-09-07;21;0,5;25;29;0,92;25;35;0,5;28;30
2017-09-07;22;0,51;24;29;0,85;26;34;0,52;26;30
2017-09-07;23;0,51;23;28;0,77;25;34;0,51;25;29
2017-09-07;24;0,52;18;27;0,7;17;33;0,51;20;29
2017-09-08;1;0,49;13;27;0,68;14;33;0,5;15;28
2017-09-08;2;0,47;14;26;0,65;17;32;0,48;18;28
2017-09-08;3;0,44;16;26;0,6;13;31;0,44;15;27
2017-09-08;4;0,4;10;25;0,55;14;30;0,41;13;26
2017-09-08;5;0,36;8;24;0,53;13;30;0,39;12;26
2017-09-08;6;0,33;10;23;0,53;15;30;0,37;15;26
2017-09-08;7;0,31;14;23;0,55;21;30;0,37;18;25
2017-09-08;8;0,31;19;22;0,61;29;29;0,37;21;24
2017-09-08;9;0,33;25;21;0,64;27;28;0,38;24;23
2017-09-08;10;0,36;27;20;0,68;32;27;0,39;20;22
2017-09-08;11;0,39;23;19;0,71;28;26;0,39;22;22
2017-09-08;12;0,41;21;19;0,74;24;25;0,44;25;21
2017-09-08;13;0,44;20;18;0,83;S/D;24;0,46;27;21
2017-09-08;14;0,46;20;18;0,9;29;23;0,48;26;21
2017-09-08;15;0,48;21;17;0,95;27;22;0,51;32;20
2017-09-08;16;0,49;19;17;0,95;26;21;0,52;27;20
2017-09-08;17;0,49;19;16;0,97;28;20;0,54;27;19
2017-09-08;18;0,48;21;15;0,95;28;19;0,6;29;18
2017-09-08;19;0,48;20;15;0,95;29;18;0,66;28;18
2017-09-08;20;0,48;18;15;0,92;25;18;0,64;24;18
2017-09-08;21;0,49;17;15;0,87;19;18;0,64;21;17
2017-09-08;22;0,49;15;14;0,81;18;17;0,63;18;17
2017-09-08;23;0,48;15;14;0,76;17;17;0,59;17;17
2017-09-08;24;0,46;12;14;0,71;14;17;0,58;15;17
2017-09-09;1;0,45;16;14;0,68;14;16;0,55;13;17
2017-09-09;2;0,44;11;14;0,65;13;16;0,49;11;16
2017-09-09;3;0,42;9;13;0,62;12;16;0,45;10;16
2017-09-09;4;0,4;12;13;0,61;11;15;0,43;12;16
2017-09-09;5;0,38;7;13;0,61;9;15;0,41;10;16
2017-09-09;6;0,37;10;13;0,63;16;15;0,42;16;15
2017-09-09;7;0,37;12;12;0,64;18;14;0,43;23;15
2017-09-09;8;0,37;15;12;0,68;18;13;0,43;17;15
2017-09-09;9;0,38;16;11;0,69;23;13;0,45;22;15
2017-09-09;10;0,41;21;11;0,71;26;12;0,47;25;15
2017-09-09;11;0,45;21;10;0,73;24;12;0,49;21;15
2017-09-09;12;0,51;26;10;0,78;33;11;0,51;25;15
2017-09-09;13;0,58;30;10;0,83;31;11;0,55;26;15
2017-09-09;14;0,64;31;11;0,87;32;11;0,58;26;15
2017-09-09;15;0,7;33;11;0,92;37;11;0,61;29;15
2017-09-09;16;0,75;30;12;0,99;37;11;0,63;28;15
2017-09-09;17;0,78;22;12;1,04;29;11;0,65;26;15
2017-09-09;18;0,79;22;12;1,11;29;12;0,65;26;15
2017-09-09;19;0,78;28;13;1,18;26;11;0,66;23;15
2017-09-09;20;0,77;37;13;1,23;28;12;0,66;21;15
2017-09-09;21;0,75;28;13;1,31;33;12;0,66;31;16
2017-09-09;22;0,77;31;14;1,42;41;13;0,67;38;17
2017-09-09;23;0,82;36;15;1,55;47;14;0,69;36;18
2017-09-09;24;0,85;33;17;1,6;38;15;0,7;30;19
2017-09-10;1;0,88;29;18;1,62;41;17;0,73;29;20
2017-09-10;2;0,89;23;19;1,61;36;17;0,73;22;21
2017-09-10;3;0,89;20;20;1,59;33;18;0,73;19;22
2017-09-10;4;0,87;15;20;1,53;29;19;0,72;12;22
2017-09-10;5;0,84;11;20;1,41;19;19;0,69;10;22
2017-09-10;6;0,77;7;20;1,27;19;19;0,65;9;22
2017-09-10;7;0,66;9;20;1,09;21;19;0,61;16;22
2017-09-10;8;0,58;12;20;0,95;13;19;0,57;17;22
2017-09-10;9;0,52;10;20;0,84;10;19;0,52;12;22
2017-09-10;10;0,48;9;20;0,73;15;19;0,5;16;21
2017-09-10;11;0,45;11;20;0,64;19;19;0,48;20;21
2017-09-10;12;0,45;17;20;0,58;17;19;0,48;12;21
2017-09-10;13;0,46;19;20;0,57;18;18;0,48;S/D;21
2017-09-10;14;0,51;21;20;0,55;34;19;0,48;S/D;21
2017-09-10;15;0,53;17;19;0,53;22;19;S/D;S/D;21
2017-09-10;16;0,55;15;19;0,52;18;18;S/D;S/D;21
2017-09-10;17;0,59;28;18;0,56;37;18;S/D;S/D;21
2017-09-10;18;0,61;21;18;0,56;25;18;S/D;S/D;21
2017-09-10;19;0,63;17;18;0,56;28;18;S/D;S/D;S/D
2017-09-10;20;0,64;21;17;0,58;32;17;S/D;S/D;S/D
2017-09-10;21;0,66;34;17;0,58;30;17;S/D;S/D;S/D
2017-09-10;22;0,64;21;17;0,55;31;16;S/D;S/D;S/D
2017-09-10;23;0,63;12;16;0,52;12;15;S/D;S/D;S/D
2017-09-10;24;0,61;7;15;0,49;8;14;S/D;S/D;S/D
2017-09-11;1;0,56;6;13;0,44;7;12;S/D;S/D;S/D
2017-09-11;2;0,52;5;12;0,43;5;11;S/D;S/D;S/D
2017-09-11;3;0,47;4;11;0,42;5;10;S/D;S/D;S/D
2017-09-11;4;0,42;3;11;0,4;5;9;S/D;S/D;S/D
2017-09-11;5;0,35;2;10;0,38;6;9;S/D;S/D;S/D
2017-09-11;6;0,29;4;10;0,38;10;9;S/D;S/D;S/D
2017-09-11;7;0,26;7;10;0,41;16;8;S/D;S/D;S/D
2017-09-11;8;0,26;11;10;0,44;21;8;S/D;S/D;S/D
2017-09-11;9;0,27;13;10;0,47;25;8;S/D;S/D;S/D
2017-09-11;10;0,29;14;9;0,49;27;8;S/D;S/D;S/D
2017-09-11;11;0,32;14;9;0,51;27;8;S/D;S/D;S/D
2017-09-11;12;0,35;14;9;0,53;24;8;S/D;S/D;S/D
2017-09-11;13;0,38;13;9;0,55;24;8;S/D;S/D;S/D
2017-09-11;14;0,41;12;9;0,57;20;8;S/D;S/D;S/D
2017-09-11;15;0,42;12;8;0,57;21;8;S/D;S/D;S/D
2017-09-11;16;0,44;15;9;0,57;23;8;S/D;S/D;S/D
2017-09-11;17;0,45;16;9;0,56;25;8;S/D;S/D;S/D
2017-09-11;18;0,46;16;9;0,57;30;9;S/D;S/D;S/D
2017-09-11;19;0,47;18;9;0,57;31;9;S/D;S/D;S/D
2017-09-11;20;0,49;21;9;0,58;33;10;S/D;S/D;S/D
2017-09-11;21;0,52;23;9;0,6;35;10;S/D;S/D;S/D
2017-09-11;22;0,56;25;9;0,62;36;10;S/D;S/D;S/D
2017-09-11;23;0,61;25;9;0,67;37;11;S/D;S/D;S/D
2017-09-11;24;0,63;23;10;0,67;32;12;S/D;S/D;S/D
2017-09-12;1;0,64;21;10;0,7;31;12;S/D;S/D;S/D
2017-09-12;2;0,64;21;10;0,71;28;13;S/D;S/D;S/D
2017-09-12;3;0,63;20;11;0,7;27;13;S/D;S/D;S/D
2017-09-12;4;0,62;20;11;0,7;29;13;S/D;S/D;S/D
2017-09-12;5;0,61;21;12;0,7;29;14;S/D;S/D;S/D
2017-09-12;6;0,6;21;13;0,73;31;14;S/D;S/D;S/D
2017-09-12;7;0,63;24;14;0,77;38;15;S/D;S/D;S/D
2017-09-12;8;0,78;29;15;0,94;45;16;S/D;S/D;S/D
2017-09-12;9;0,85;30;16;1,06;46;17;S/D;S/D;S/D
2017-09-12;10;0,92;37;17;1,16;42;18;S/D;S/D;S/D
2017-09-12;11;0,94;27;18;1,25;40;19;S/D;S/D;S/D
2017-09-12;12;0,94;21;19;1,26;30;20;S/D;S/D;S/D
2017-09-12;13;0,92;17;19;1,25;27;21;S/D;S/D;S/D
2017-09-12;14;0,88;17;19;1,23;23;21;S/D;S/D;S/D
2017-09-12;15;0,81;17;19;1,17;21;21;S/D;S/D;S/D
2017-09-12;16;0,63;14;19;1,06;21;21;S/D;S/D;S/D
2017-09-12;17;0,53;15;19;1,01;27;20;S/D;S/D;S/D
2017-09-12;18;0,44;20;19;1;35;21;S/D;S/D;S/D
2017-09-12;19;0,43;24;18;1,06;37;21;S/D;S/D;S/D
2017-09-12;20;0,45;25;18;1,16;35;21;S/D;S/D;S/D
2017-09-12;21;0,46;24;18;1,26;32;21;S/D;S/D;S/D
2017-09-12;22;0,48;22;18;1,34;32;21;S/D;S/D;S/D
2017-09-12;23;0,49;24;18;1,4;33;21;S/D;S/D;S/D
2017-09-12;24;0,49;20;18;1,44;29;20;S/D;S/D;S/D
2017-09-13;1;0,49;16;17;1,36;22;21;S/D;S/D;S/D
2017-09-13;2;0,48;17;17;1,25;20;21;S/D;S/D;S/D
2017-09-13;3;0,45;13;17;1,1;15;21;S/D;S/D;S/D
2017-09-13;4;0,41;17;17;0,97;19;21;S/D;S/D;S/D
2017-09-13;5;0,38;17;17;0,84;16;21;S/D;S/D;S/D
2017-09-13;6;0,36;16;16;0,73;22;21;S/D;S/D;S/D
2017-09-13;7;0,34;16;15;0,63;18;20;S/D;S/D;S/D
2017-09-13;8;0,35;20;14;0,54;23;20;S/D;S/D;S/D
2017-09-13;9;0,37;18;13;0,51;20;19;S/D;S/D;S/D
2017-09-13;10;0,39;15;13;0,49;19;18;S/D;S/D;S/D
2017-09-13;11;0,41;16;12;0,49;25;17;S/D;S/D;S/D
2017-09-13;12;0,43;21;12;0,53;31;16;S/D;S/D;S/D
2017-09-13;13;0,46;25;12;0,57;32;16;S/D;S/D;S/D
2017-09-13;14;0,48;25;13;0,61;28;16;S/D;S/D;S/D
2017-09-13;15;0,49;23;13;0,63;24;16;S/D;S/D;S/D
2017-09-13;16;0,5;23;14;0,66;25;16;S/D;S/D;S/D
2017-09-13;17;0,5;23;15;0,71;27;17;S/D;S/D;S/D
2017-09-13;18;0,51;25;15;0,79;30;17;S/D;S/D;S/D
2017-09-13;19;0,53;26;15;0,86;30;17;S/D;S/D;S/D
2017-09-13;20;0,56;23;16;0,85;25;17;S/D;S/D;S/D
2017-09-13;21;0,57;22;16;0,82;25;17;S/D;S/D;S/D
2017-09-13;22;0,59;22;16;0,79;28;17;S/D;S/D;S/D
2017-09-13;23;0,61;24;16;0,75;25;17;S/D;S/D;S/D
2017-09-13;24;0,61;17;16;0,69;15;17;S/D;S/D;S/D
2017-09-14;1;0,61;17;16;0,65;15;16;S/D;S/D;S/D
2017-09-14;2;0,59;16;16;0,59;14;16;S/D;S/D;S/D
2017-09-14;3;0,56;14;16;0,55;21;16;S/D;S/D;S/D
2017-09-14;4;0,52;12;16;0,55;19;16;S/D;S/D;S/D
2017-09-14;5;0,48;14;16;0,56;21;16;S/D;S/D;S/D
2017-09-14;6;0,45;17;17;0,57;24;16;S/D;S/D;S/D
2017-09-14;7;0,45;20;17;0,64;27;16;S/D;S/D;S/D
2017-09-14;8;0,5;23;18;0,76;32;17;S/D;S/D;S/D
2017-09-14;9;0,6;27;19;0,85;35;17;S/D;S/D;S/D
2017-09-14;10;0,67;28;20;0,93;38;18;S/D;S/D;S/D
2017-09-14;11;0,71;28;20;1,01;41;19;S/D;S/D;S/D
2017-09-14;12;0,74;24;21;1,08;43;19;S/D;S/D;S/D
2017-09-14;13;0,77;22;21;1,16;39;20;S/D;S/D;S/D
2017-09-14;14;0,77;19;22;1,24;40;21;S/D;S/D;S/D
2017-09-14;15;0,75;19;22;1,29;36;22;S/D;17;S/D
2017-09-14;16;0,68;16;22;1,34;40;23;S/D;15;S/D
2017-09-14;17;0,58;18;22;1,4;40;23;S/D;17;S/D
2017-09-14;18;0,52;18;22;1,46;40;24;S/D;19;S/D
2017-09-14;19;0,49;19;22;1,48;34;24;S/D;24;S/D
2017-09-14;20;0,49;23;22;1,48;35;24;0,32;29;S/D
2017-09-14;21;0,51;24;23;1,47;34;25;0,33;30;S/D
2017-09-14;22;0,55;25;23;1,47;35;27;0,36;31;S/D
2017-09-14;23;0,58;23;24;1,45;33;28;0,38;29;S/D
2017-09-14;24;0,59;20;25;1,37;31;30;0,41;30;S/D
2017-09-15;1;0,58;11;25;1,24;20;30;0,45;28;S/D
2017-09-15;2;0,56;7;26;1,09;13;31;0,49;20;S/D
2017-09-15;3;0,53;7;26;0,98;14;31;0,51;19;S/D
2017-09-15;4;0,49;6;26;0,89;13;31;0,53;11;S/D
2017-09-15;5;0,43;6;26;0,8;10;32;0,53;14;S/D
2017-09-15;6;0,36;7;25;0,71;18;31;0,53;23;S/D
2017-09-15;7;0,32;17;25;0,66;31;31;0,51;36;S/D
2017-09-15;8;0,31;23;24;0,68;41;31;0,52;32;S/D
2017-09-15;9;0,32;18;24;0,72;31;32;0,52;24;22
2017-09-15;10;0,34;15;23;0,78;30;32;0,52;22;22
2017-09-15;11;0,35;15;23;0,82;26;32;0,53;24;22
2017-09-15;12;0,37;16;23;0,88;26;32;0,55;31;22
2017-09-15;13;0,39;S/D;23;0,94;30;31;0,57;29;23
2017-09-15;14;0,39;S/D;22;1;20;31;0,58;27;23
2017-09-15;15;0,38;12;23;1,05;18;30;0,59;27;24
2017-09-15;16;0,36;14;23;1,05;21;29;0,59;28;24
2017-09-15;17;0,34;16;23;1,09;20;29;0,59;31;25
2017-09-15;18;0,32;17;22;1,14;25;28;0,61;33;26
2017-09-15;19;0,32;20;22;1,22;26;28;0,61;36;27
2017-09-15;20;0,33;20;22;1,26;23;27;0,61;36;27
2017-09-15;21;0,34;20;22;1,29;25;26;0,6;34;27
2017-09-15;22;0,37;24;21;1,31;25;25;0,59;36;26
2017-09-15;23;0,38;25;21;1,34;27;23;0,58;30;25
2017-09-15;24;0,39;24;20;1,32;21;22;0,57;34;22
2017-09-16;1;0,4;18;20;1,26;20;21;0,56;33;21
2017-09-16;2;0,39;11;19;1,16;19;21;0,55;28;20
2017-09-16;3;0,37;9;19;1,04;18;21;0,54;32;21
2017-09-16;4;0,35;8;19;0,94;16;21;0,54;32;20
2017-09-16;5;0,33;10;19;0,84;14;21;0,54;31;21
2017-09-16;6;0,3;9;19;0,75;16;21;0,56;34;21
2017-09-16;7;0,3;20;19;0,66;25;21;0,63;36;22
2017-09-16;8;0,33;27;20;0,6;25;21;0,68;36;22
2017-09-16;9;0,37;26;20;0,56;28;20;0,71;42;23
2017-09-16;10;0,38;15;20;0,55;21;20;0,72;31;23
2017-09-16;11;0,39;13;20;0,52;16;19;0,72;27;23
2017-09-16;12;0,41;13;20;0,5;14;18;0,73;27;23
2017-09-16;13;0,42;12;20;0,5;17;18;0,74;24;23
2017-09-16;14;0,44;13;20;0,48;16;17;0,75;24;23
2017-09-16;15;0,43;12;19;0,45;14;17;0,71;24;23
2017-09-16;16;0,39;11;19;0,42;17;17;0,68;24;23
2017-09-16;17;0,35;14;18;0,4;21;17;0,67;30;23
2017-09-16;18;0,35;18;18;0,39;26;16;0,67;33;23
2017-09-16;19;0,36;23;19;0,39;26;16;0,68;38;23
2017-09-16;20;0,37;18;19;0,42;30;16;0,68;38;23
2017-09-16;21;0,38;21;19;0,43;31;17;0,7;39;23
2017-09-16;22;0,4;21;19;0,45;30;17;0,71;36;23
2017-09-16;23;0,41;18;19;0,48;27;17;0,73;35;23
2017-09-16;24;0,42;17;19;0,51;27;17;0,74;31;24
2017-09-17;1;0,43;17;20;0,56;21;17;0,74;28;24
2017-09-17;2;0,45;15;20;0,6;21;17;0,73;29;24
2017-09-17;3;0,44;15;20;0,64;22;17;0,72;28;24
2017-09-17;4;0,43;17;21;0,65;21;17;0,71;28;24
2017-09-17;5;0,41;16;21;0,67;19;17;0,69;27;24
2017-09-17;6;0,38;20;21;0,67;22;17;0,66;30;24
2017-09-17;7;0,37;21;21;0,69;25;17;0,65;31;24
2017-09-17;8;0,36;17;20;0,72;23;17;0,63;29;23
2017-09-17;9;0,35;10;19;0,69;18;17;0,63;25;21
2017-09-17;10;0,34;10;19;0,67;18;17;0,63;21;21
2017-09-17;11;0,33;8;19;0,64;9;17;0,63;24;21
2017-09-17;12;0,33;8;19;0,62;17;17;0,64;22;21
2017-09-17;13;0,33;9;19;0,61;17;18;0,64;21;21
2017-09-17;14;0,33;9;19;0,59;9;18;0,65;20;21
2017-09-17;15;0,32;9;18;0,57;13;17;0,65;24;20
2017-09-17;16;0,32;11;18;0,56;19;17;0,65;24;20
2017-09-17;17;0,32;19;18;0,59;21;17;0,65;26;20
2017-09-17;18;0,33;14;19;0,6;24;18;0,67;31;20
2017-09-17;19;0,34;13;19;0,63;24;18;0,69;38;21
2017-09-17;20;0,35;18;18;0,69;29;18;0,7;32;20
2017-09-17;21;0,37;19;18;0,74;26;18;0,72;29;21
2017-09-17;22;0,39;20;18;0,79;32;18;0,74;35;21
2017-09-17;23;0,41;17;18;0,8;21;18;0,75;32;21
2017-09-17;24;0,42;19;18;0,79;20;19;0,75;30;21
2017-09-18;1;0,42;13;18;0,76;12;19;0,75;25;21
2017-09-18;2;0,41;9;18;0,74;11;18;0,73;18;21
2017-09-18;3;0,4;8;18;0,71;10;18;0,7;20;21
2017-09-18;4;0,38;8;18;0,65;15;18;0,68;24;21
2017-09-18;5;0,36;13;17;0,61;18;18;0,64;25;21
2017-09-18;6;0,33;16;17;0,57;17;18;0,62;31;21
2017-09-18;7;0,32;20;17;0,56;20;18;0,64;31;22
2017-09-18;8;0,33;19;17;0,58;23;18;0,65;24;22
2017-09-18;9;0,36;18;17;0,59;16;18;0,67;29;23
2017-09-18;10;0,39;17;17;0,6;13;17;0,7;31;23
2017-09-18;11;0,41;15;17;0,61;13;17;0,72;27;24
2017-09-18;12;0,43;14;17;0,63;19;17;0,74;26;25
2017-09-18;13;0,45;14;17;0,64;21;17;0,76;21;25
2017-09-18;14;0,46;12;17;0,65;20;17;0,76;21;25
2017-09-18;15;0,46;12;17;0,65;16;18;0,73;23;25
2017-09-18;16;0,44;15;17;0,67;21;18;0,73;28;26
2017-09-18;17;0,41;23;17;0,73;27;18;0,72;29;26
2017-09-18;18;0,4;19;17;0,83;32;18;0,74;37;26
2017-09-18;19;0,41;21;17;0,97;39;18;0,78;40;26
2017-09-18;20;0,42;21;18;1,03;33;18;0,8;31;27
2017-09-18;21;0,45;24;17;1,08;31;18;0,81;28;27
2017-09-18;22;0,48;26;17;1,13;30;18;0,83;S/D;27
2017-09-18;23;0,51;26;18;1,17;28;18;0,86;S/D;27
2017-09-18;24;0,52;24;18;1,17;23;17;S/D;S/D;27
2017-09-19;1;0,52;15;18;1,1;21;18;S/D;S/D;27
2017-09-19;2;0,5;8;18;0,99;18;18;S/D;S/D;26
2017-09-19;3;0,47;8;18;0,86;18;18;S/D;S/D;26
2017-09-19;4;0,43;7;18;0,81;18;18;S/D;S/D;26
2017-09-19;5;0,39;7;18;0,78;18;18;S/D;S/D;27
2017-09-19;6;0,34;11;18;0,76;18;18;S/D;S/D;26
2017-09-19;7;0,31;15;18;0,74;19;18;S/D;S/D;26
2017-09-19;8;0,32;17;18;0,75;22;19;S/D;S/D;26
2017-09-19;9;0,33;14;18;0,8;20;19;S/D;35;26
2017-09-19;10;0,35;14;18;0,83;17;19;S/D;29;25
2017-09-19;11;0,37;12;17;0,86;15;19;S/D;21;24
2017-09-19;12;0,39;12;17;0,89;15;19;S/D;23;24
2017-09-19;13;0,41;16;17;0,92;17;19;S/D;21;24
2017-09-19;14;0,42;15;17;0,96;19;18;0,72;23;23
2017-09-19;15;0,42;12;18;1,01;23;18;0,71;25;24
2017-09-19;16;0,42;14;18;1,05;25;19;0,71;26;23
2017-09-19;17;0,41;16;17;1,1;28;19;0,71;27;22
2017-09-19;18;0,42;17;17;1,16;30;18;0,75;38;22
2017-09-19;19;0,44;19;17;1,23;30;19;0,83;35;23
2017-09-19;20;0,47;22;17;1,24;27;18;0,87;26;22
2017-09-19;21;0,5;25;17;1,24;27;18;0,88;23;22
2017-09-19;22;0,52;18;17;1,2;23;18;0,89;27;22
2017-09-19;23;0,53;13;17;1,12;17;18;0,89;25;22
2017-09-19;24;0,53;11;16;1,05;18;18;0,9;22;22
2017-09-20;1;0,52;9;16;0,94;12;18;0,89;22;21
2017-09-20;2;0,49;8;16;0,83;13;17;0,84;18;20
2017-09-20;3;0,46;6;16;0,72;14;18;0,75;18;20
2017-09-20;4;0,42;7;16;0,63;17;17;0,71;17;19
2017-09-20;5;0,38;7;15;0,55;15;17;0,68;16;19
2017-09-20;6;0,36;8;16;0,51;15;17;0,67;19;18
2017-09-20;7;0,34;13;15;0,49;18;17;0,68;20;18
2017-09-20;8;0,36;16;15;0,5;25;17;0,7;21;17
2017-09-20;9;0,39;19;16;0,53;25;17;0,73;21;16
2017-09-20;10;0,42;19;16;0,57;26;17;0,75;22;15
2017-09-20;11;0,46;19;17;0,63;34;18;0,79;25;14
2017-09-20;12;0,48;19;18;0,69;31;19;0,82;23;13
2017-09-20;13;0,49;S/D;18;0,81;33;19;0,85;21;23
2017-09-20;14;0,53;S/D;19;0,98;52;21;0,89;33;24
2017-09-20;15;0,56;24;21;1,13;49;24;0,9;34;26
2017-09-20;16;0,57;18;22;1,24;42;25;0,88;30;28
2017-09-20;17;0,57;24;23;1,35;48;27;0,86;35;29
2017-09-20;18;0,58;21;25;1,44;45;29;0,85;30;30
2017-09-20;19;0,55;12;28;1,48;25;31;0,82;23;31
2017-09-20;20;0,54;12;30;1,47;24;32;0,79;16;32
2017-09-20;21;0,54;14;32;1,4;29;33;0,75;21;35
2017-09-20;22;0,51;14;32;1,25;32;34;0,69;20;36
2017-09-20;23;0,47;13;32;1,12;29;34;0,64;23;37
2017-09-20;24;0,43;13;32;0,98;28;35;0,62;23;37
2017-09-21;1;0,39;8;32;0,87;21;35;0,59;14;37
2017-09-21;2;0,34;5;32;0,77;17;35;0,57;14;37
2017-09-21;3;0,3;4;32;0,68;12;35;0,55;11;37
2017-09-21;4;0,28;3;32;0,64;15;36;0,54;8;37
2017-09-21;5;0,25;4;32;0,61;17;36;0,54;10;37
2017-09-21;6;0,24;6;32;0,6;17;36;0,54;21;36
2017-09-21;7;0,23;10;32;0,62;28;37;0,54;24;36
2017-09-21;8;0,24;11;31;0,68;30;37;0,55;29;35
2017-09-21;9;0,26;12;31;0,72;34;37;0,55;32;34
2017-09-21;10;0,28;13;31;0,77;35;37;0,57;33;33
2017-09-21;11;0,3;13;30;0,83;43;37;0,58;35;32
2017-09-21;12;0,34;15;28;0,93;44;36;0,6;33;31
2017-09-21;13;0,38;15;28;1,06;44;36;0,62;31;30
2017-09-21;14;0,41;13;26;1,18;40;35;0,63;29;29
2017-09-21;15;0,44;14;24;1,3;40;33;0,64;32;26
2017-09-21;16;0,47;14;22;1,37;39;31;0,65;29;23
2017-09-21;17;0,48;13;20;1,39;38;30;0,65;31;22
2017-09-21;18;0,5;15;18;1,42;39;28;0,66;35;20
2017-09-21;19;0,52;13;15;1,46;35;25;0,67;35;17
2017-09-21;20;0,51;14;13;1,45;33;24;0,67;37;15
2017-09-21;21;0,5;15;11;1,38;35;23;0,67;41;12
2017-09-21;22;0,49;14;11;1,3;34;22;0,67;37;10
2017-09-21;23;0,47;13;10;1,18;29;22;0,66;33;10
2017-09-21;24;0,42;12;10;1,08;32;21;0,65;40;10
2017-09-22;1;0,4;11;10;1,03;31;21;0,64;33;10
2017-09-22;2;0,37;11;10;0,97;27;21;0,63;30;10
2017-09-22;3;0,34;7;10;0,88;22;21;0,6;20;10
2017-09-22;4;0,3;5;10;0,82;18;21;0,59;22;10
2017-09-22;5;0,27;7;10;0,78;17;21;0,58;19;10
2017-09-22;6;0,25;11;10;0,8;22;21;0,57;27;11
2017-09-22;7;0,28;15;10;0,86;30;21;0,58;33;11
2017-09-22;8;0,33;17;11;1;37;21;0,62;27;11
2017-09-22;9;0,39;18;12;1,12;37;22;0,66;27;12
2017-09-22;10;0,42;17;12;1,25;39;22;0,69;26;13
2017-09-22;11;0,45;15;13;1,32;34;21;0,7;26;13
2017-09-22;12;0,47;12;13;1,43;30;22;0,71;26;14
2017-09-22;13;0,49;12;14;S/D;33;22;0,72;24;14
2017-09-22;14;0,5;12;14;S/D;32;23;0,72;23;15
2017-09-22;15;0,49;13;14;S/D;S/D;23;0,71;20;15
2017-09-22;16;0,45;16;15;S/D;S/D;22;0,67;21;15
2017-09-22;17;0,41;17;15;S/D;31;23;0,68;44;16
2017-09-22;18;0,4;18;16;S/D;28;23;0,71;52;18
2017-09-22;19;0,41;24;16;S/D;29;24;0,78;51;21
2017-09-22;20;0,44;27;17;S/D;42;24;0,85;51;22
2017-09-22;21;0,53;34;17;1,3;53;25;0,89;49;23
2017-09-22;22;0,63;36;18;1,33;50;25;0,96;52;24
2017-09-22;23;0,74;37;20;1,35;44;25;1,05;49;25
2017-09-22;24;0,83;34;21;1,33;50;26;1,2;51;26
2017-09-23;1;0,97;37;23;1,27;43;26;1,31;51;28
2017-09-23;2;1,15;39;25;1,34;53;26;1,47;58;31
2017-09-23;3;1,24;34;28;1,42;52;28;1,64;56;34
2017-09-23;4;1,29;31;29;1,42;46;29;1,75;47;37
2017-09-23;5;1,24;30;30;1,37;47;30;1,8;47;39
2017-09-23;6;1,19;29;31;1,31;48;30;1,81;49;40
2017-09-23;7;1,13;30;32;1,28;50;31;1,85;53;41
2017-09-23;8;1,12;32;32;1,23;50;31;1,82;57;43
2017-09-23;9;1,03;35;33;1,26;50;30;1,75;53;44
2017-09-23;10;0,93;36;33;1,22;52;30;1,57;48;44
2017-09-23;11;0,84;29;34;1,15;52;31;1,34;45;45
2017-09-23;12;0,78;22;35;1,12;62;31;1,19;60;47
2017-09-23;13;0,78;39;35;1,07;62;33;1,14;68;49
2017-09-23;14;0,78;47;37;1,02;46;34;1,1;50;51
2017-09-23;15;0,73;32;38;0,93;30;34;0,99;44;52
2017-09-23;16;0,66;24;38;0,83;21;34;0,87;37;52
2017-09-23;17;0,59;17;38;0,75;25;34;0,8;31;52
2017-09-23;18;0,51;17;37;0,65;23;33;0,76;30;50
2017-09-23;19;0,49;22;37;0,57;31;33;0,75;40;49
2017-09-23;20;0,49;25;37;0,52;31;33;0,74;41;48
2017-09-23;21;0,47;21;37;0,5;27;33;0,71;46;47
2017-09-23;22;0,45;21;36;0,49;30;32;0,69;39;47
2017-09-23;23;0,44;17;34;0,49;22;32;0,68;33;46
2017-09-23;24;0,44;16;33;0,53;26;31;0,68;31;44
2017-09-24;1;0,44;12;32;0,57;20;31;0,69;24;42
2017-09-24;2;0,44;14;30;0,6;16;30;0,69;18;40
2017-09-24;3;0,43;13;27;0,63;17;28;0,67;16;36
2017-09-24;4;0,41;13;26;0,64;17;27;0,66;15;33
2017-09-24;5;0,39;13;25;0,64;13;27;0,65;16;31
2017-09-24;6;0,36;12;24;0,63;15;26;0,64;16;30
2017-09-24;7;0,35;11;22;0,65;20;25;0,64;23;29
2017-09-24;8;0,34;11;21;0,63;16;24;0,64;21;26
2017-09-24;9;0,33;8;20;0,6;12;23;0,65;20;25
2017-09-24;10;0,31;7;19;0,58;10;22;0,65;19;24
2017-09-24;11;0,31;7;17;0,56;11;21;0,66;15;23
2017-09-24;12;0,3;7;16;0,53;10;19;0,66;15;21
2017-09-24;13;0,3;7;15;0,53;8;17;0,66;18;18
2017-09-24;14;0,3;7;13;0,52;7;15;0,67;20;16
2017-09-24;15;0,3;7;12;0,5;7;14;0,68;19;15
2017-09-24;16;0,3;11;12;0,51;13;13;0,69;19;15
2017-09-24;17;0,31;10;11;0,53;16;12;0,71;25;15
2017-09-24;18;0,32;12;11;0,56;21;12;0,74;26;15
2017-09-24;19;0,33;16;11;0,59;22;12;0,76;31;15
2017-09-24;20;0,34;17;11;0,65;26;12;0,8;36;15
2017-09-24;21;0,37;23;11;0,7;30;12;0,83;35;14
2017-09-24;22;0,4;23;11;0,76;33;11;0,86;33;14
2017-09-24;23;0,43;26;11;0,82;31;11;0,89;30;14
2017-09-24;24;0,45;24;11;0,86;28;11;0,89;30;14
2017-09-25;1;0,47;21;11;0,87;20;11;0,86;28;14
2017-09-25;2;0,46;12;11;0,84;12;11;0,83;25;14
2017-09-25;3;0,45;8;11;0,82;11;11;0,8;21;14
2017-09-25;4;0,42;7;11;0,77;12;11;0,75;25;14
2017-09-25;5;0,38;8;11;0,73;19;11;0,71;28;14
2017-09-25;6;0,34;14;12;0,69;22;11;0,67;29;15
2017-09-25;7;0,34;21;12;0,69;29;12;0,64;25;15
2017-09-25;8;0,38;23;13;0,76;36;12;0,65;27;15
2017-09-25;9;0,44;27;14;0,81;33;13;0,67;28;16
2017-09-25;10;0,49;23;15;0,86;27;13;0,69;25;16
2017-09-25;11;0,52;19;15;0,93;31;14;0,69;23;17
2017-09-25;12;0,56;22;16;1,03;34;15;0,71;29;17
2017-09-25;13;0,59;18;17;1,14;35;16;0,72;26;18
2017-09-25;14;0,59;13;17;1,23;34;16;0,74;32;18
2017-09-25;15;0,58;24;18;1,3;37;17;0,74;33;19
2017-09-25;16;0,53;21;18;1,35;43;18;0,73;37;20
2017-09-25;17;0,46;19;19;1,4;36;19;0,73;31;20
2017-09-25;18;0,43;17;19;1,5;34;19;0,75;32;21
2017-09-25;19;0,43;21;19;1,57;32;19;0,78;35;21
2017-09-25;20;0,42;26;19;1,58;28;20;0,8;37;21
2017-09-25;21;0,43;20;19;1,6;30;20;0,83;35;21
2017-09-25;22;0,44;18;19;1,58;24;20;0,82;30;21
2017-09-25;23;0,44;18;19;1,54;19;20;0,8;25;21
2017-09-25;24;0,43;13;19;1,46;19;20;0,78;23;21
2017-09-26;1;0,42;11;18;1,32;21;20;0,76;20;21
2017-09-26;2;0,4;8;18;1,17;16;20;0,72;23;22
2017-09-26;3;0,37;6;18;1;13;21;0,68;14;22
2017-09-26;4;0,33;4;19;0,86;10;21;0,65;S/D;22
2017-09-26;5;0,3;4;19;0,71;10;21;0,61;S/D;23
2017-09-26;6;0,27;6;20;0,58;11;22;S/D;S/D;23
2017-09-26;7;0,25;12;21;0,48;22;23;S/D;S/D;23
2017-09-26;8;0,25;16;21;0,4;29;24;S/D;23;24
2017-09-26;9;0,26;17;22;0,39;26;24;S/D;23;24
2017-09-26;10;0,27;15;22;0,39;24;26;S/D;18;23
2017-09-26;11;0,28;14;23;0,4;26;27;S/D;22;S/D
2017-09-26;12;0,3;13;24;0,43;29;27;S/D;22;S/D
2017-09-26;13;0,31;14;24;0,5;31;28;2,04;24;S/D
2017-09-26;14;0,33;16;24;0,57;33;28;2,05;25;S/D
2017-09-26;15;0,34;15;25;0,64;31;29;2,06;28;S/D
2017-09-26;16;0,33;16;26;0,66;28;29;2,06;32;S/D
2017-09-26;17;0,34;16;26;0,68;27;30;2,07;29;S/D
2017-09-26;18;0,35;17;26;0,72;29;30;2,09;27;S/D
2017-09-26;19;0,37;19;26;0,83;36;30;2,1;30;S/D
2017-09-26;20;0,39;18;26;0,84;26;30;2,1;31;S/D
2017-09-26;21;0,4;15;26;0,78;20;30;2,09;27;S/D
2017-09-26;22;0,4;14;26;0,72;25;29;2,07;30;S/D
2017-09-26;23;0,39;12;25;0,66;26;29;2,06;29;S/D
2017-09-26;24;0,39;11;25;0,62;23;29;2,05;21;S/D
2017-09-27;1;0,37;9;26;0,63;20;29;1,87;15;S/D
2017-09-27;2;0,34;6;26;0,61;20;29;1,65;8;S/D
2017-09-27;3;0,31;4;26;0,5;16;29;1,44;5;S/D
2017-09-27;4;0,27;3;25;0,48;14;29;1,25;3;S/D
2017-09-27;5;0,25;4;25;0,5;16;29;1,06;5;15
2017-09-27;6;0,24;6;24;0,52;20;29;0,87;6;15
2017-09-27;7;0,23;11;24;0,57;27;28;0,68;16;15
2017-09-27;8;0,24;16;23;0,67;36;28;0,51;23;15
2017-09-27;9;0,26;17;22;0,71;39;27;0,5;25;16
2017-09-27;10;0,29;15;21;0,77;40;26;0,5;21;16
2017-09-27;11;0,31;13;20;0,84;37;26;0,51;21;16
2017-09-27;12;0,33;13;20;0,93;41;26;0,51;20;17
2017-09-27;13;0,35;14;19;1,05;37;26;0,52;20;16
2017-09-27;14;0,37;14;19;1,15;37;26;0,52;21;17
2017-09-27;15;0,39;15;19;1,24;40;26;0,52;26;18
2017-09-27;16;0,39;17;18;1,26;37;26;0,53;30;17
2017-09-27;17;0,4;17;18;1,29;39;25;0,52;27;17
2017-09-27;18;0,4;17;18;1,31;37;25;0,52;32;17
2017-09-27;19;0,4;17;18;1,34;35;26;0,53;33;18
2017-09-27;20;0,41;20;19;1,31;33;27;0,54;33;19
2017-09-27;21;0,42;20;19;1,23;29;28;0,55;29;20
2017-09-27;22;0,43;20;20;1,15;30;29;0,55;33;20
2017-09-27;23;0,43;18;20;1,06;32;29;0,56;33;20
2017-09-27;24;0,42;14;20;0,98;31;30;0,56;29;21
2017-09-28;1;0,4;14;20;0,92;28;30;0,56;19;21
2017-09-28;2;0,38;13;21;0,86;23;31;0,56;12;21
2017-09-28;3;0,37;14;21;0,78;21;31;0,56;9;21
2017-09-28;4;0,33;13;22;0,73;18;31;0,55;7;22
2017-09-28;5;0,31;11;22;0,7;17;31;0,55;17;21
2017-09-28;6;0,3;14;22;0,7;26;31;0,56;32;21
2017-09-28;7;0,29;19;22;0,72;33;31;0,58;31;22
2017-09-28;8;0,35;22;23;0,81;42;31;0,63;29;22
2017-09-28;9;0,42;26;23;0,87;45;31;0,66;35;22
2017-09-28;10;0,44;18;23;0,88;26;30;0,68;30;22
2017-09-28;11;0,47;14;23;0,92;31;30;0,69;28;23
2017-09-28;12;0,51;S/D;23;0,96;23;29;0,71;30;23
2017-09-28;13;0,51;S/D;23;1,03;29;29;0,72;30;23
2017-09-28;14;0,52;11;23;1,06;21;28;0,73;27;24
2017-09-28;15;0,52;14;22;1,07;23;27;0,72;32;23
2017-09-28;16;0,46;16;22;1,05;31;26;0,69;35;24
2017-09-28;17;0,39;20;21;1,05;29;26;0,69;34;24
2017-09-28;18;0,37;17;21;1,11;31;25;0,7;33;24
2017-09-28;19;0,37;17;21;1,16;33;25;0,72;38;24
2017-09-28;20;0,38;23;20;1,22;32;24;0,73;37;23
2017-09-28;21;0,4;19;20;1,23;24;23;0,73;34;23
2017-09-28;22;0,42;16;20;1,26;27;23;0,73;37;23
2017-09-28;23;0,42;14;20;1,28;24;23;0,74;35;23
2017-09-28;24;0,41;11;20;1,26;21;22;0,73;26;23
2017-09-29;1;0,4;7;20;1,17;11;21;0,71;18;23
2017-09-29;2;0,38;7;19;1,06;9;21;0,68;12;23
2017-09-29;3;0,36;6;18;0,94;7;20;0,64;7;23
2017-09-29;4;0,32;8;18;0,81;6;20;0,61;6;22
2017-09-29;5;0,29;15;18;0,71;8;20;0,6;11;23
2017-09-29;6;0,27;14;18;0,61;15;20;0,59;25;22
2017-09-29;7;0,25;13;17;0,53;23;19;0,59;32;22
2017-09-29;8;0,27;16;17;0,48;29;19;0,59;29;22
2017-09-29;9;0,28;16;16;0,49;29;18;0,61;29;22
2017-09-29;10;0,31;18;16;0,5;26;17;0,63;29;22
2017-09-29;11;0,34;18;16;0,52;25;18;0,65;28;22
2017-09-29;12;0,38;16;17;0,54;22;18;0,68;23;21
2017-09-29;13;0,42;11;17;0,56;17;18;0,7;24;21
2017-09-29;14;0,45;11;16;0,74;17;18;0,72;24;21
2017-09-29;15;0,47;12;17;0,92;16;18;0,72;24;21
2017-09-29;16;0,48;13;17;1,07;16;17;0,73;25;21
2017-09-29;17;0,5;17;17;1,25;24;17;0,74;28;21
2017-09-29;18;0,5;17;17;1,43;24;17;0,78;31;21
2017-09-29;19;0,52;15;17;1,61;25;17;0,83;30;21
2017-09-29;20;0,54;16;18;1,79;24;17;0,87;25;22
2017-09-29;21;0,55;16;18;1,8;27;17;0,91;25;23
2017-09-29;22;0,58;17;18;1,83;29;18;0,94;S/D;23
2017-09-29;23;0,6;18;18;1,84;28;18;0,97;S/D;23
2017-09-29;24;0,61;18;18;1,85;27;18;S/D;S/D;23
2017-09-30;1;0,61;16;19;1,67;23;18;S/D;S/D;23
2017-09-30;2;0,6;16;19;1,48;17;18;S/D;S/D;23
2017-09-30;3;0,58;16;19;1,28;16;18;S/D;S/D;23
2017-09-30;4;0,54;16;20;1,1;16;18;S/D;S/D;23
2017-09-30;5;0,49;12;20;0,9;15;18;S/D;S/D;23
2017-09-30;6;0,45;11;20;0,68;13;18;S/D;S/D;23
2017-09-30;7;0,4;9;20;0,48;16;18;S/D;S/D;23
2017-09-30;8;0,38;11;20;0,29;19;18;S/D;S/D;23
2017-09-30;9;0,36;10;19;0,26;18;18;S/D;S/D;23
2017-09-30;10;0,35;9;19;0,26;13;17;S/D;S/D;23
2017-09-30;11;0,36;9;18;0,25;10;17;S/D;S/D;23
2017-09-30;12;0,37;9;18;0,25;9;16;S/D;S/D;23
2017-09-30;13;0,39;9;18;0,25;10;16;S/D;S/D;23
2017-09-30;14;0,4;9;17;0,27;23;16;S/D;S/D;23
2017-09-30;15;0,41;8;17;0,29;23;16;S/D;S/D;23
2017-09-30;16;0,42;11;17;0,3;15;16;S/D;S/D;23
2017-09-30;17;0,42;12;17;0,33;22;16;S/D;S/D;23
2017-09-30;18;0,44;19;16;0,38;26;16;S/D;S/D;22
2017-09-30;19;0,46;23;18;0,43;27;16;S/D;S/D;22
2017-09-30;20;0,48;22;17;0,51;31;16;S/D;S/D;21
2017-09-30;21;0,52;21;17;0,57;28;16;S/D;S/D;20
2017-09-30;22;0,59;23;17;0,64;31;16;S/D;S/D;20
2017-09-30;23;0,64;23;18;0,72;31;16;S/D;S/D;20
2017-09-30;24;0,67;20;18;0,76;29;16;S/D;S/D;19
2017-10-01;1;0,68;15;18;0,74;21;16;S/D;S/D;19
2017-10-01;2;0,68;13;18;0,69;20;16;S/D;S/D;19
2017-10-01;3;0,67;10;18;0,65;19;16;S/D;S/D;19
2017-10-01;4;0,63;8;17;0,57;15;16;S/D;S/D;19
2017-10-01;5;0,57;6;18;0,49;17;17;S/D;S/D;20
2017-10-01;6;0,5;10;17;0,42;23;16;S/D;S/D;20
2017-10-01;7;0,42;11;17;0,33;24;16;S/D;S/D;20
2017-10-01;8;0,38;11;17;0,29;16;16;S/D;S/D;19
2017-10-01;9;0,36;13;16;0,29;24;15;S/D;S/D;18
2017-10-01;10;0,34;15;16;0,3;28;15;S/D;S/D;18
2017-10-01;11;0,34;13;16;0,31;27;15;S/D;S/D;17
2017-10-01;12;0,35;14;15;0,33;25;15;S/D;S/D;16
2017-10-01;13;0,37;14;15;0,36;26;15;S/D;S/D;16
2017-10-01;14;0,4;13;14;0,38;26;14;S/D;S/D;15
2017-10-01;15;0,41;10;15;0,39;20;14;S/D;S/D;15
2017-10-01;16;0,43;9;14;0,41;17;14;S/D;S/D;15
2017-10-01;17;0,44;10;14;0,44;19;13;S/D;S/D;14
2017-10-01;18;0,43;9;14;0,47;21;13;S/D;S/D;14
2017-10-01;19;0,42;11;12;0,5;23;13;S/D;S/D;13
2017-10-01;20;0,41;13;12;0,55;25;12;S/D;S/D;12
2017-10-01;21;0,41;15;11;0,61;27;12;S/D;S/D;12
2017-10-01;22;0,4;16;10;0,69;33;12;S/D;S/D;12
2017-10-01;23;0,4;15;10;0,75;27;12;S/D;S/D;11
2017-10-01;24;0,39;15;9;0,79;25;11;S/D;S/D;11
2017-10-02;1;0,39;13;8;0,75;25;10;S/D;S/D;11
2017-10-02;2;0,39;12;8;0,72;25;10;S/D;S/D;10
2017-10-02;3;0,39;9;8;0,65;17;10;S/D;S/D;10
2017-10-02;4;0,37;6;8;0,55;15;10;S/D;S/D;10
2017-10-02;5;0,35;9;7;0,44;16;9;S/D;S/D;8
2017-10-02;6;0,33;13;7;0,31;21;9;S/D;S/D;9
2017-10-02;7;0,33;18;7;0,23;28;9;S/D;S/D;9
2017-10-02;8;0,36;19;8;0,2;30;9;S/D;S/D;10
2017-10-02;9;0,42;21;8;0,23;31;10;S/D;25;11
2017-10-02;10;0,49;22;9;0,25;32;10;S/D;25;12
2017-10-02;11;0,53;19;9;0,29;31;10;S/D;22;12
2017-10-02;12;0,57;20;10;0,32;32;11;S/D;27;13
2017-10-02;13;0,61;18;10;0,35;30;11;S/D;25;13
2017-10-02;14;0,63;14;10;0,37;27;11;0,76;23;13
2017-10-02;15;0,64;16;11;0,37;29;12;0,73;24;14
2017-10-02;16;0,64;21;11;0,4;38;13;0,73;28;14
2017-10-02;17;0,6;17;12;0,44;39;14;0,69;29;14
2017-10-02;18;0,55;16;12;0,45;35;14;0,67;26;15
2017-10-02;19;0,55;20;12;0,46;34;15;0,68;32;16
2017-10-02;20;0,58;24;13;0,47;36;15;0,75;35;17
2017-10-02;21;0,66;26;13;0,5;38;16;0,88;41;19
2017-10-02;22;0,75;26;15;0,55;39;16;1,01;38;21
2017-10-02;23;0,82;25;16;0,59;37;17;1,11;35;23
2017-10-02;24;0,83;23;17;0,53;33;18;1,16;31;24
2017-10-03;1;0,84;21;17;0,48;32;19;1,18;29;25
2017-10-03;2;0,83;19;17;0,43;27;19;1,19;31;26
2017-10-03;3;0,79;16;18;0,4;23;19;1,17;28;26
2017-10-03;4;0,72;10;18;0,37;16;19;1,09;22;26
2017-10-03;5;0,61;12;18;0,32;17;20;0,94;27;26
2017-10-03;6;0,5;14;18;0,26;20;20;0,8;28;26
2017-10-03;7;0,42;19;19;0,22;25;20;0,73;27;27
2017-10-03;8;0,4;21;19;0,23;27;20;0,71;29;27
2017-10-03;9;0,41;20;20;0,23;28;20;0,71;28;28
2017-10-03;10;0,43;17;20;0,25;28;20;0,72;26;28
2017-10-03;11;0,46;17;21;0,3;30;21;0,73;24;29
2017-10-03;12;0,49;16;21;0,35;29;21;0,73;25;30
2017-10-03;13;0,58;16;22;0,41;28;22;0,75;23;30
2017-10-03;14;0,61;15;22;0,47;26;22;0,75;22;31
2017-10-03;15;0,61;13;23;0,49;23;22;0,73;24;32
2017-10-03;16;0,58;14;24;0,51;25;22;0,7;22;33
2017-10-03;17;0,56;18;24;0,52;30;22;0,68;27;34
2017-10-03;18;0,56;20;24;0,54;32;22;0,68;30;33
2017-10-03;19;0,59;24;25;0,56;34;22;0,71;34;33
2017-10-03;20;0,64;27;25;0,59;38;22;0,79;40;34
2017-10-03;21;0,64;27;25;0,59;37;22;0,87;37;33
2017-10-03;22;0,7;28;25;0,59;38;23;0,95;39;33
2017-10-03;23;0,81;30;26;0,63;38;23;1,05;41;33
2017-10-03;24;0,93;28;27;0,63;33;23;1,1;35;34
2017-10-04;1;0,98;25;27;0,61;29;23;1,12;29;36
2017-10-04;2;0,98;22;27;0,57;23;23;1,1;27;36
2017-10-04;3;0,93;12;27;0,51;13;23;1,05;20;36
2017-10-04;4;0,84;7;27;0,42;11;23;0,96;17;36
2017-10-04;5;0,77;8;27;0,36;8;23;0,87;15;36
2017-10-04;6;0,68;9;27;0,3;19;24;0,78;19;36
2017-10-04;7;0,54;14;27;0,23;27;24;0,68;24;36
2017-10-04;8;0,43;17;27;0,21;17;24;0,63;26;36
2017-10-04;9;0,39;21;26;0,19;17;24;0,62;30;36
2017-10-04;10;0,38;21;26;0,19;20;24;0,64;30;37
2017-10-04;11;0,4;20;28;0,2;18;25;0,67;30;40
2017-10-04;12;0,43;21;29;0,23;21;25;0,7;31;42
2017-10-04;13;0,46;21;30;0,25;21;26;0,73;31;45
2017-10-04;14;0,49;22;31;0,28;21;26;0,76;34;46
2017-10-04;15;0,52;24;31;0,3;20;27;0,79;36;48
2017-10-04;16;0,53;23;31;0,32;21;27;0,81;43;49
2017-10-04;17;0,55;28;31;0,34;28;27;0,84;49;51
2017-10-04;18;0,57;28;32;0,37;30;28;0,88;49;53
2017-10-04;19;0,58;28;33;0,4;33;29;0,9;44;55
2017-10-04;20;0,6;26;33;0,42;30;29;0,92;39;56
2017-10-04;21;0,63;30;33;0,45;29;29;0,95;45;57
2017-10-04;22;0,66;28;32;0,47;28;29;0,96;46;58
2017-10-04;23;0,65;20;31;0,48;18;28;0,95;40;58
2017-10-04;24;0,64;15;30;0,47;12;27;0,93;39;57
2017-10-05;1;0,6;12;30;0,45;11;27;0,88;39;57
2017-10-05;2;0,56;9;31;0,42;8;28;0,83;27;58
2017-10-05;3;0,53;8;31;0,38;8;28;0,79;28;59
2017-10-05;4;0,5;7;32;0,36;13;28;0,77;23;60
2017-10-05;5;0,45;12;32;0,33;14;29;0,74;31;61
2017-10-05;6;0,41;24;33;0,3;26;29;0,72;39;62
2017-10-05;7;0,42;32;34;0,29;27;30;0,74;40;63
2017-10-05;8;0,45;35;35;0,31;37;31;0,79;51;64
2017-10-05;9;0,53;40;36;0,39;53;32;0,85;44;64
2017-10-05;10;0,6;33;38;0,41;62;34;0,9;37;64
2017-10-05;11;0,68;36;38;0,44;67;35;0,94;36;63
2017-10-05;12;0,76;31;39;S/D;61;37;0,96;31;62
2017-10-05;13;0,83;31;39;S/D;S/D;38;0,98;32;60
2017-10-05;14;0,84;23;39;S/D;S/D;39;0,97;28;58
2017-10-05;15;0,84;18;39;S/D;42;40;0,93;23;57
2017-10-05;16;0,81;17;39;S/D;39;40;0,86;19;55
2017-10-05;17;0,74;21;39;S/D;39;40;0,78;27;53
2017-10-05;18;0,69;20;39;S/D;43;40;0,71;24;51
2017-10-05;19;0,63;25;39;1,48;46;40;0,67;32;50
2017-10-05;20;0,59;28;39;1,48;44;41;0,63;40;48
2017-10-05;21;0,59;30;39;1,48;47;41;0,61;43;47
2017-10-05;22;0,64;30;40;1,42;49;42;0,68;41;46
2017-10-05;23;0,7;30;41;1,43;50;42;0,81;50;46
2017-10-05;24;0,82;31;41;1,46;49;43;1,18;72;48
2017-10-06;1;0,9;30;42;1,42;43;44;1,24;36;51
2017-10-06;2;0,96;32;43;1,28;35;45;1,28;32;51
2017-10-06;3;0,98;32;43;1,09;20;45;1,3;31;51
2017-10-06;4;0,96;19;43;0,93;21;45;1,29;34;51
2017-10-06;5;0,9;17;42;0,76;19;45;1,27;33;51
2017-10-06;6;0,84;22;42;0,62;25;44;1,23;33;51
2017-10-06;7;0,8;25;42;0,48;38;44;1,13;36;51
2017-10-06;8;0,74;29;43;0,35;42;44;0,82;35;50
2017-10-06;9;0,69;27;43;0,28;40;44;0,77;33;51
2017-10-06;10;0,64;21;41;0,29;34;43;0,71;29;50
2017-10-06;11;0,62;20;40;0,32;36;41;0,67;25;49
2017-10-06;12;0,61;17;38;0,34;30;39;0,64;20;48
2017-10-06;13;0,61;16;37;0,36;31;37;0,6;17;48
2017-10-06;14;0,6;15;36;0,38;31;36;0,53;19;48
2017-10-06;15;0,57;17;36;0,39;33;35;0,45;19;48
2017-10-06;16;0,5;14;36;0,34;25;35;0,36;19;48
2017-10-06;17;0,45;16;36;0,33;30;35;0,3;18;48
2017-10-06;18;0,43;16;36;0,36;36;35;0,28;20;48
2017-10-06;19;0,42;20;35;0,4;42;34;0,28;31;48
2017-10-06;20;0,43;20;35;0,41;37;34;0,28;33;47
2017-10-06;21;0,45;23;34;0,44;38;34;0,29;40;47
2017-10-06;22;0,47;24;33;0,46;36;34;0,32;45;47
2017-10-06;23;0,48;20;33;0,42;28;34;0,33;30;45
2017-10-06;24;0,48;13;33;0,41;24;33;0,34;25;42
2017-10-07;1;0,46;11;32;0,42;20;32;0,38;24;39
2017-10-07;2;0,45;8;31;0,38;12;31;0,42;20;37
2017-10-07;3;0,43;6;31;0,32;13;31;0,46;21;37
2017-10-07;4;0,4;5;31;0,27;11;31;0,49;19;36
2017-10-07;5;0,37;5;31;0,23;11;31;0,52;22;36
2017-10-07;6;0,33;6;31;0,19;13;31;0,53;27;35
2017-10-07;7;0,3;8;31;0,19;19;31;0,57;32;35
2017-10-07;8;0,29;10;30;0,21;20;31;0,62;28;34
2017-10-07;9;0,3;10;28;0,2;19;30;0,63;24;32
2017-10-07;10;0,31;9;28;0,19;16;30;0,63;25;31
2017-10-07;11;0,33;9;27;0,19;16;29;0,63;24;30
2017-10-07;12;0,34;8;27;0,2;13;29;0,64;25;30
2017-10-07;13;0,36;9;27;0,22;19;29;0,65;24;29
2017-10-07;14;0,37;9;26;0,23;16;28;0,65;23;29
2017-10-07;15;0,38;9;26;0,24;15;27;0,65;27;29
2017-10-07;16;0,39;9;25;0,24;17;26;0,65;27;28
2017-10-07;17;0,4;10;24;0,24;18;26;0,66;29;29
2017-10-07;18;0,39;11;24;0,26;20;26;0,68;31;29
2017-10-07;19;0,4;14;24;0,28;24;25;0,69;32;30
2017-10-07;20;0,42;18;24;0,31;26;25;0,7;30;30
2017-10-07;21;0,43;17;24;0,31;22;24;0,72;28;30
2017-10-07;22;0,45;17;24;0,31;17;23;0,73;26;29
2017-10-07;23;0,46;15;23;0,32;17;22;0,72;15;28
2017-10-07;24;0,47;11;22;0,3;10;22;0,71;12;28
2017-10-08;1;0,47;13;22;0,29;10;22;0,7;10;28
2017-10-08;2;0,47;11;23;0,27;10;22;0,68;11;28
2017-10-08;3;0,45;7;22;0,24;9;22;0,66;8;28
2017-10-08;4;0,42;7;23;0,21;12;22;0,65;9;28
2017-10-08;5;0,4;6;22;0,18;13;22;0,62;7;28
2017-10-08;6;0,37;5;22;0,17;10;22;0,61;12;28
2017-10-08;7;0,34;8;22;0,15;12;22;0,61;12;27
2017-10-08;8;0,33;13;22;0,15;12;22;0,61;8;27
2017-10-08;9;0,32;10;22;0,15;9;21;0,61;12;26
2017-10-08;10;0,31;9;21;0,15;7;21;0,61;13;26
2017-10-08;11;0,31;7;21;0,16;8;20;0,62;12;26
2017-10-08;12;0,32;7;21;0,17;9;20;0,63;14;26
2017-10-08;13;0,33;7;21;0,19;11;20;0,65;15;26
2017-10-08;14;0,34;9;22;0,23;14;21;0,66;18;26
2017-10-08;15;0,36;9;22;0,26;14;20;0,67;17;26
2017-10-08;16;0,37;11;22;0,28;17;21;0,68;19;26
2017-10-08;17;0,39;13;22;0,34;28;21;0,69;23;27
2017-10-08;18;0,42;16;22;0,42;30;21;0,73;25;27
2017-10-08;19;0,45;19;23;0,48;27;22;0,75;29;27
2017-10-08;20;0,5;22;24;0,56;34;22;0,76;32;27
2017-10-08;21;0,53;20;25;0,66;35;25;0,8;32;29
2017-10-08;22;0,56;19;25;0,73;36;26;0,83;36;30
2017-10-08;23;0,58;20;26;0,8;33;26;0,85;33;31
2017-10-08;24;0,61;20;26;0,86;31;27;0,86;29;31
2017-10-09;1;0,62;12;25;0,84;21;27;0,86;22;31
2017-10-09;2;0,6;7;25;0,77;14;27;0,83;15;31
2017-10-09;3;0,57;7;26;0,73;12;28;0,8;11;31
2017-10-09;4;0,53;6;26;0,67;11;28;0,77;7;32
2017-10-09;5;0,49;5;26;0,59;11;28;0,73;7;31
2017-10-09;6;0,46;8;26;0,53;18;28;0,69;16;31
2017-10-09;7;0,45;15;26;0,49;27;28;0,67;22;32
2017-10-09;8;0,46;19;26;0,47;29;28;0,68;23;32
2017-10-09;9;0,45;21;26;0,54;34;28;0,7;24;32
2017-10-09;10;0,46;S/D;27;0,59;27;29;0,72;22;32
2017-10-09;11;0,45;S/D;27;0,62;24;29;0,72;22;32
2017-10-09;12;0,45;S/D;27;0,64;23;29;0,73;22;32
2017-10-09;13;0,61;16;37;0,36;31;37;0,6;17;48
2017-10-09;14;0,6;15;36;0,38;31;36;0,53;19;48
2017-10-09;15;0,57;17;36;0,39;33;35;0,45;19;48
2017-10-09;16;0,5;14;36;0,34;25;35;0,36;19;48
2017-10-09;17;0,45;16;36;0,33;30;35;0,3;18;48
2017-10-09;18;0,43;16;36;0,36;36;35;0,28;20;48
2017-10-09;19;0,42;20;35;0,4;42;34;0,28;31;48
2017-10-09;20;0,43;20;35;0,41;37;34;0,28;33;47
2017-10-09;21;0,45;23;34;0,44;38;34;0,29;40;47
2017-10-09;22;0,47;24;33;0,46;36;34;0,32;45;47
2017-10-09;23;0,48;20;33;0,42;28;34;0,33;30;45
2017-10-09;24;0,48;13;33;0,41;24;33;0,34;25;42
2017-10-10;1;0,46;11;32;0,42;20;32;0,38;24;39
2017-10-10;2;0,45;8;31;0,38;12;31;0,42;20;37
2017-10-10;3;0,43;6;31;0,32;13;31;0,46;21;37
2017-10-10;4;0,4;5;31;0,27;11;31;0,49;19;36
2017-10-10;5;0,37;5;31;0,23;11;31;0,52;22;36
2017-10-10;6;0,33;6;31;0,19;13;31;0,53;27;35
2017-10-10;7;0,3;8;31;0,19;19;31;0,57;32;35
2017-10-10;8;0,29;10;30;0,21;20;31;0,62;28;34
2017-10-10;9;0,3;10;28;0,2;19;30;0,63;24;32
2017-10-10;10;0,31;9;28;0,19;16;30;0,63;25;31
2017-10-10;11;0,33;9;27;0,19;16;29;0,63;24;30
2017-10-10;12;0,34;8;27;0,2;13;29;0,64;25;30
2017-10-10;13;0,42;13;27;0,49;26;26;0,62;22;27
2017-10-10;14;0,42;12;27;0,52;27;26;0,63;24;27
2017-10-10;15;0,4;16;27;0,55;31;26;0,63;29;27
2017-10-10;16;0,39;21;27;0,55;32;26;0,61;33;27
2017-10-10;17;0,39;24;26;0,58;35;26;0,6;29;27
2017-10-10;18;0,4;26;26;0,6;34;26;0,64;36;27
2017-10-10;19;0,42;23;25;0,69;41;25;0,64;33;27
2017-10-10;20;0,45;24;25;0,72;43;25;0,64;36;26
2017-10-10;21;0,45;21;25;0,73;33;25;0,65;27;26
2017-10-10;22;0,46;20;24;0,69;23;24;0,65;30;25
2017-10-10;23;0,46;13;22;0,64;18;23;0,64;25;23
2017-10-10;24;0,44;12;18;0,57;18;22;0,63;22;22
2017-10-11;1;0,41;7;17;0,5;13;21;0,62;19;20
2017-10-11;2;0,38;6;16;0,44;13;20;0,58;21;19
2017-10-11;3;0,33;5;16;0,33;10;20;0,57;18;19
2017-10-11;4;0,29;4;16;0,25;10;20;0,56;17;19
2017-10-11;5;0,26;6;16;0,2;9;20;0,55;16;18
2017-10-11;6;0,24;12;16;0,2;14;19;0,55;29;18
2017-10-11;7;0,26;22;16;0,22;32;19;0,59;27;19
2017-10-11;8;0,3;25;17;0,28;42;19;0,64;30;19
2017-10-11;9;0,34;26;17;0,33;35;19;0,66;32;19
2017-10-11;10;0,36;16;17;0,36;28;19;0,68;27;19
2017-10-11;11;0,37;14;18;0,38;21;19;0,7;23;19
2017-10-11;12;0,39;11;17;0,42;21;19;0,71;24;20
2017-10-11;13;0,4;13;18;0,48;26;19;0,73;27;20
2017-10-11;14;0,41;12;18;0,53;25;19;0,74;28;20
2017-10-11;15;0,39;14;18;0,57;25;19;0,72;25;20
2017-10-11;16;0,35;15;18;0,55;22;19;0,7;26;21
2017-10-11;17;0,32;16;18;0,54;26;19;0,7;26;21
2017-10-11;18;0,33;17;18;0,53;23;19;0,71;28;21
2017-10-11;19;0,33;17;18;0,55;27;19;0,73;25;21
2017-10-11;20;0,34;17;19;0,55;24;20;0,73;23;22
2017-10-11;21;0,35;15;19;0,52;24;20;0,73;25;22
2017-10-11;22;0,35;16;19;0,49;24;20;0,72;22;22
2017-10-11;23;0,35;14;19;0,45;23;21;0,71;23;22
2017-10-11;24;0,34;12;19;0,41;19;21;0,68;18;22
2017-10-12;1;0,33;11;19;0,38;18;22;0,66;20;23
2017-10-12;2;0,31;11;20;0,35;15;22;0,63;16;23
2017-10-12;3;0,29;8;20;0,31;17;22;0,6;22;23
2017-10-12;4;0,27;8;20;0,28;14;22;0,58;19;23
2017-10-12;5;0,26;7;20;0,26;10;23;0,57;15;24
2017-10-12;6;0,24;8;20;0,24;17;23;0,57;22;24
2017-10-12;7;0,24;14;19;0,24;25;23;0,58;32;23
2017-10-12;8;0,26;18;18;0,28;34;22;0,6;36;22
2017-10-12;9;0,29;19;18;0,33;35;22;0,62;33;22
2017-10-12;10;0,33;20;18;0,37;34;22;0,63;35;21
2017-10-12;11;0,35;18;17;0,41;31;21;0,62;32;20
2017-10-12;12;0,38;19;16;0,46;35;21;0,63;33;19
2017-10-12;13;0,4;19;16;0,55;41;21;0,63;S/D;18
2017-10-12;14;0,43;18;15;0,63;39;21;0,64;S/D;18
2017-10-12;15;0,45;14;15;0,67;29;21;S/D;19;17
2017-10-12;16;0,45;14;15;0,69;29;21;S/D;21;17
2017-10-12;17;0,44;18;15;0,72;33;21;S/D;22;17
2017-10-12;18;0,43;17;14;0,8;40;21;S/D;24;20
2017-10-12;19;0,44;18;14;0,96;46;21;S/D;24;20
2017-10-12;20;0,44;17;14;1,09;51;21;S/D;23;25
2017-10-12;21;0,45;16;14;1,12;33;21;0,42;24;24
2017-10-12;22;0,44;15;14;1,16;34;21;0,42;21;24
2017-10-12;23;0,44;14;14;1,19;31;21;0,42;23;24
2017-10-12;24;0,43;14;14;1,21;29;21;0,43;21;24
2017-10-13;1;0,41;15;14;1,15;29;21;0,42;23;24
2017-10-13;2;0,4;13;14;1,04;24;21;0,42;18;24
2017-10-13;3;0,37;8;14;0,81;20;21;0,41;16;24
2017-10-13;4;0,35;6;14;0,62;17;21;0,4;13;24
2017-10-13;5;0,32;7;14;0,47;17;21;0,39;13;24
2017-10-13;6;0,3;12;14;0,33;22;21;0,38;21;24
2017-10-13;7;0,31;18;14;0,24;28;21;0,38;21;24
2017-10-13;8;0,34;20;15;0,2;39;22;0,39;22;24
2017-10-13;9;0,39;20;15;0,22;39;23;0,4;21;24
2017-10-13;10;0,42;19;15;0,26;54;23;0,4;16;25
2017-10-13;11;0,45;17;16;0,32;39;24;0,4;15;25
2017-10-13;12;0,47;14;16;0,38;38;25;0,41;13;26
2017-10-13;13;0,5;13;17;0,46;32;25;0,41;10;26
2017-10-13;14;0,53;16;18;0,52;36;25;0,4;11;26
2017-10-13;15;0,54;15;18;0,56;35;25;0,39;13;26
2017-10-13;16;0,51;16;18;0,56;38;26;0,37;14;26
2017-10-13;17;0,48;20;18;0,56;36;26;0,35;16;25
2017-10-13;18;0,47;23;18;0,57;41;26;0,33;18;23
2017-10-13;19;0,48;22;18;0,58;39;26;0,33;23;22
2017-10-13;20;0,48;21;18;0,55;37;26;0,33;26;18
2017-10-13;21;0,48;21;18;0,54;39;26;0,33;27;18
2017-10-13;22;0,5;25;18;0,54;41;26;0,35;30;19
2017-10-13;23;0,54;26;19;0,54;41;27;0,38;30;20
2017-10-13;24;0,61;26;20;0,55;43;28;0,44;32;21
2017-10-14;1;0,68;28;20;0,62;43;30;0,53;35;25
2017-10-14;2;0,78;28;22;0,67;44;31;0,64;35;28
2017-10-14;3;0,9;28;24;0,7;41;32;0,76;37;30
2017-10-14;4;1;27;25;0,72;38;32;0,85;33;31
2017-10-14;5;1,05;28;26;0,72;36;32;0,89;33;32
2017-10-14;6;1,07;27;27;0,71;36;33;0,91;32;32
2017-10-14;7;1,04;27;28;0,71;38;33;0,91;32;32
2017-10-14;8;1;25;28;0,68;33;33;0,87;30;33
2017-10-14;9;0,93;20;28;0,57;28;32;0,8;25;33
2017-10-14;10;0,82;16;28;0,48;26;31;0,71;24;33
2017-10-14;11;0,68;15;28;0,41;22;30;0,58;21;33
2017-10-14;12;0,58;14;28;0,37;21;30;0,49;21;34
2017-10-14;13;0,51;14;28;0,34;20;30;0,44;20;35
2017-10-14;14;0,46;13;28;0,31;20;30;0,41;20;36
2017-10-14;15;0,43;13;28;0,27;20;30;0,38;19;36
2017-10-14;16;0,39;13;29;0,24;19;29;0,35;20;37
2017-10-14;17;0,37;14;29;0,22;20;29;0,33;19;38
2017-10-14;18;0,36;15;30;0,21;23;28;0,33;23;38
2017-10-14;19;0,37;19;30;0,21;29;28;0,34;27;39
2017-10-14;20;0,4;27;31;0,23;33;28;0,36;34;39
2017-10-14;21;0,46;29;32;0,27;38;27;0,41;34;39
2017-10-14;22;0,54;33;32;0,3;36;27;0,46;36;40
2017-10-14;23;0,58;29;33;0,33;35;27;0,52;36;40
2017-10-14;24;0,61;23;32;0,35;28;26;0,57;35;39
2017-10-15;1;0,63;21;32;0,37;29;24;0,6;S/D;37
2017-10-15;2;0,65;20;30;0,4;33;23;0,65;S/D;34
2017-10-15;3;0,66;25;29;0,46;41;22;S/D;S/D;32
2017-10-15;4;0,66;27;28;0,49;40;23;S/D;S/D;32
2017-10-15;5;0,62;27;28;0,48;37;23;S/D;S/D;33
2017-10-15;6;0,59;25;27;0,47;32;23;S/D;S/D;34
2017-10-15;7;0,58;25;27;0,46;30;23;S/D;S/D;34
2017-10-15;8;0,58;22;27;0,46;21;22;S/D;S/D;33
2017-10-15;9;0,57;15;27;0,44;19;22;S/D;S/D;32
2017-10-15;10;0,56;13;26;0,43;18;22;S/D;S/D;32
2017-10-15;11;0,53;10;26;0,38;16;21;S/D;S/D;31
2017-10-15;12;0,5;12;26;0,34;14;21;S/D;S/D;31
2017-10-15;13;0,48;16;26;0,3;13;21;S/D;S/D;30
2017-10-15;14;0,45;12;26;0,28;19;20;S/D;S/D;30
2017-10-15;15;0,42;9;25;0,26;26;20;S/D;S/D;29
2017-10-15;16;0,39;8;25;0,25;18;19;S/D;S/D;28
2017-10-15;17;0,37;9;24;0,24;9;19;S/D;S/D;27
2017-10-15;18;0,36;13;23;0,23;29;19;S/D;S/D;27
2017-10-15;19;0,36;18;23;0,25;38;18;S/D;S/D;27
2017-10-15;20;0,38;25;22;0,3;40;18;S/D;S/D;27
2017-10-15;21;0,4;26;21;0,34;34;19;S/D;S/D;26
2017-10-15;22;0,42;26;21;0,38;38;18;S/D;S/D;25
2017-10-15;23;0,46;28;20;0,44;37;18;S/D;S/D;24
2017-10-15;24;0,49;28;19;0,51;37;17;S/D;S/D;23
2017-10-16;1;0,51;18;19;0,53;34;18;S/D;S/D;22
2017-10-16;2;0,52;13;19;0,53;27;18;S/D;S/D;22
2017-10-16;3;0,52;11;19;0,52;22;17;S/D;S/D;21
2017-10-16;4;0,49;9;18;0,47;11;16;S/D;S/D;20
2017-10-16;5;0,45;8;17;0,43;9;15;S/D;S/D;18
2017-10-16;6;0,42;10;16;0,39;17;15;S/D;S/D;17
2017-10-16;7;0,38;10;15;0,34;12;14;S/D;S/D;17
2017-10-16;8;0,35;8;15;0,28;10;14;S/D;S/D;16
2017-10-16;9;0,33;6;15;0,28;18;14;S/D;S/D;16
2017-10-16;10;0,32;6;14;0,27;11;14;S/D;S/D;16
2017-10-16;11;0,32;5;14;0,26;10;14;S/D;S/D;16
2017-10-16;12;0,32;6;14;0,25;15;14;S/D;S/D;16
2017-10-16;13;0,32;8;13;0,24;11;13;S/D;S/D;15
2017-10-16;14;0,32;7;13;0,22;19;13;S/D;S/D;15
2017-10-16;15;0,31;7;13;0,21;25;13;S/D;S/D;15
2017-10-16;16;0,31;10;13;0,19;14;13;S/D;S/D;15
2017-10-16;17;0,32;11;13;0,19;26;13;S/D;S/D;16
2017-10-16;18;0,32;13;13;0,22;31;13;S/D;S/D;16
2017-10-16;19;0,34;19;14;0,25;35;13;S/D;S/D;15
2017-10-16;20;0,37;25;14;0,29;44;13;S/D;S/D;16
2017-10-16;21;0,43;32;13;0,42;49;14;S/D;S/D;16
2017-10-16;22;0,5;34;14;0,52;45;15;S/D;S/D;16
2017-10-16;23;0,57;31;15;0,56;42;15;S/D;S/D;16
2017-10-16;24;0,6;20;15;0,57;23;16;S/D;S/D;16
2017-10-17;1;0,61;12;15;0,57;16;16;S/D;S/D;16
2017-10-17;2;0,6;9;15;0,54;10;16;S/D;S/D;17
2017-10-17;3;0,59;6;15;0,5;8;16;S/D;S/D;17
2017-10-17;4;0,56;8;15;0,45;10;16;S/D;S/D;17
2017-10-17;5;0,5;8;16;0,32;10;16;S/D;S/D;17
2017-10-17;6;0,43;13;16;0,23;15;16;S/D;S/D;18
2017-10-17;7;0,4;19;16;0,23;28;17;S/D;S/D;18
2017-10-17;8;0,43;23;17;0,34;41;17;S/D;S/D;19
2017-10-17;9;0,48;20;18;0,38;30;19;S/D;S/D;20
2017-10-17;10;0,57;20;18;0,44;35;19;S/D;30;21
2017-10-17;11;0,62;24;19;0,55;50;20;S/D;27;22
2017-10-17;12;0,69;27;20;0,62;36;22;S/D;19;24
2017-10-17;13;0,73;19;21;0,65;30;23;S/D;18;24
2017-10-17;14;0,76;16;21;0,69;27;24;S/D;14;25
2017-10-17;15;0,77;15;22;0,66;21;26;0,64;16;26
2017-10-17;16;0,74;13;22;0,56;16;27;0,64;20;26
2017-10-17;17;0,71;15;22;0,53;16;27;0,64;21;27
2017-10-17;18;0,67;18;22;0,48;20;27;0,64;24;28
2017-10-17;19;0,66;22;22;0,4;28;26;0,66;29;29
2017-10-17;20;0,66;25;23;0,35;29;27;0,7;30;30
2017-10-17;21;0,71;25;23;0,35;34;26;0,73;29;30
2017-10-17;22;0,75;24;23;0,35;32;26;0,76;27;31
2017-10-17;23;0,78;26;22;0,36;32;25;0,78;27;31
2017-10-17;24;0,82;26;22;0,37;29;25;0,79;25;31
2017-10-18;1;0,84;24;22;0,39;29;24;0,8;24;32
2017-10-18;2;0,84;22;22;0,39;22;23;0,79;21;33
2017-10-18;3;0,82;20;22;0,38;21;23;0,77;23;33
2017-10-18;4;0,78;17;22;0,37;19;23;0,73;20;33
2017-10-18;5;0,7;8;21;0,34;13;23;0,68;20;33
2017-10-18;6;0,63;9;21;0,32;24;23;0,64;18;33
2017-10-18;7;0,57;18;21;0,31;24;24;0,6;19;33
2017-10-18;8;0,53;20;20;0,35;33;23;0,58;21;32
2017-10-18;9;0,51;25;20;0,39;38;22;0,56;21;31
2017-10-18;10;0,51;25;19;0,43;35;22;0,55;22;31
2017-10-18;11;0,52;19;19;0,45;26;21;0,54;20;31
2017-10-18;12;0,54;16;17;0,49;S/D;19;0,54;18;29
2017-10-18;13;0,58;20;16;S/D;S/D;19;0,55;18;29
2017-10-18;14;0,59;14;16;S/D;S/D;18;0,57;17;29
2017-10-18;15;0,61;15;16;S/D;24;17;0,56;15;28
2017-10-18;16;0,61;14;16;S/D;25;16;0,56;20;28
2017-10-18;17;0,6;18;16;S/D;30;16;0,56;20;28
2017-10-18;18;0,59;23;16;S/D;33;16;0,57;21;27
2017-10-18;19;0,61;23;16;S/D;28;17;0,6;27;27
2017-10-18;20;0,65;24;16;0,89;34;17;0,65;28;27
2017-10-18;21;0,63;11;17;0,84;22;18;0,63;12;28
2017-10-18;22;0,62;12;16;0,83;31;17;0,61;16;27
2017-10-18;23;0,6;13;15;0,82;32;17;0,6;15;26
2017-10-18;24;0,6;16;14;0,8;33;17;0,59;17;25
2017-10-19;1;0,58;11;14;0,75;24;17;0,56;16;25
2017-10-19;2;0,54;7;14;0,69;18;17;0,53;13;23
2017-10-19;3;0,48;5;14;0,68;12;17;0,46;11;23
2017-10-19;4;0,41;3;13;0,66;10;17;0,39;10;22
2017-10-19;5;0,38;4;13;0,66;9;16;0,36;10;22
2017-10-19;6;0,36;7;14;0,64;16;17;0,34;10;22
2017-10-19;7;0,35;13;14;0,64;27;17;0,32;14;21
2017-10-19;8;0,35;16;14;0,65;30;18;0,31;15;21
2017-10-19;9;0,36;16;14;0,67;29;18;0,3;13;21
2017-10-19;10;0,38;14;14;0,69;28;18;0,29;13;21
2017-10-19;11;0,4;16;15;0,73;34;19;0,28;12;21
2017-10-19;12;0,42;14;16;0,76;28;19;0,27;12;21
2017-10-19;13;0,44;14;16;0,8;33;20;0,27;11;21
2017-10-19;14;0,46;14;17;0,81;30;20;0,26;13;21
2017-10-19;15;0,46;14;17;0,8;32;21;0,26;15;21
2017-10-19;16;0,44;14;17;0,79;37;21;0,25;14;21
2017-10-19;17;0,43;17;17;0,8;39;22;0,25;22;21
2017-10-19;18;0,42;24;18;0,79;40;22;0,26;29;21
2017-10-19;19;0,42;28;18;0,76;37;22;0,28;29;22
2017-10-19;20;0,45;32;18;0,77;43;22;0,3;30;21
2017-10-19;21;0,48;28;17;0,75;37;22;0,32;29;19
2017-10-19;22;0,5;26;18;0,75;34;23;0,34;29;20
2017-10-19;23;0,52;23;19;0,75;34;24;0,35;28;20
2017-10-19;24;0,53;14;19;0,68;20;24;0,36;18;21
2017-10-20;1;0,52;11;20;0,62;14;25;0,37;14;21
2017-10-20;2;0,5;12;20;0,58;10;24;0,36;12;21
2017-10-20;3;0,47;6;21;0,54;6;25;0,34;11;21
2017-10-20;4;0,42;4;21;0,47;6;25;0,33;9;22
2017-10-20;5;0,38;9;21;0,41;7;25;0,32;11;22
2017-10-20;6;0,34;8;21;0,36;11;25;0,31;13;22
2017-10-20;7;0,32;11;21;0,33;13;25;0,32;18;23
2017-10-20;8;0,33;14;21;0,33;16;24;0,34;18;23
2017-10-20;9;0,35;13;20;0,33;12;24;0,35;16;24
2017-10-20;10;0,37;12;20;0,35;12;24;0,37;17;25
2017-10-20;11;0,38;11;20;0,37;13;23;0,39;14;26
2017-10-20;12;0,4;S/D;24;0,38;9;23;0,41;15;26
2017-10-20;13;0,43;S/D;19;0,4;11;23;0,42;13;27
2017-10-20;14;0,46;13;19;0,42;13;22;0,43;15;27
2017-10-20;15;0,49;13;19;0,44;13;21;0,44;18;27
2017-10-20;16;0,5;13;18;0,45;16;21;0,44;18;28
2017-10-20;17;0,51;15;18;0,47;25;21;0,44;20;28
2017-10-20;18;0,53;18;18;0,51;30;21;0,45;23;27
2017-10-20;19;0,56;23;18;0,55;36;20;0,47;26;27
2017-10-20;20;0,6;26;18;0,63;37;21;0,49;25;27
2017-10-20;21;0,65;28;18;0,76;41;20;0,52;27;27
2017-10-20;22;0,69;25;18;0,82;35;20;0,54;21;28
2017-10-20;23;0,71;18;18;0,86;30;20;0,55;20;28
2017-10-20;24;0,72;14;18;0,87;21;20;0,54;19;28
2017-10-21;1;0,72;12;18;0,91;27;20;0,54;23;28
2017-10-21;2;0,71;13;18;0,93;29;20;0,54;S/D;28
2017-10-21;3;0,68;17;18;0,93;26;20;0,53;S/D;28
2017-10-21;4;0,65;17;18;0,89;27;20;S/D;S/D;28
2017-10-21;5;0,59;7;19;0,81;17;21;S/D;S/D;29
2017-10-21;6;0,54;4;19;0,78;17;22;S/D;S/D;29
2017-10-21;7;0,51;7;19;0,78;19;22;S/D;S/D;28
2017-10-21;8;0,49;7;19;0,81;25;22;S/D;S/D;27
2017-10-21;9;0,47;7;19;0,83;24;22;S/D;S/D;26
2017-10-21;10;0,46;6;19;0,83;24;21;S/D;S/D;26
2017-10-21;11;0,44;7;18;0,84;21;22;S/D;S/D;24
2017-10-21;12;0,42;6;19;0,86;22;22;S/D;S/D;24
2017-10-21;13;0,41;7;19;0,88;21;22;S/D;S/D;24
2017-10-21;14;0,42;6;19;0,89;21;22;S/D;S/D;24
2017-10-21;15;0,42;6;19;0,89;21;22;S/D;S/D;25
2017-10-21;16;0,41;5;19;0,87;21;22;S/D;S/D;26
2017-10-21;17;0,41;6;18;0,84;22;22;S/D;S/D;27
2017-10-21;18;0,41;6;18;0,83;23;22;S/D;S/D;29
2017-10-21;19;0,41;9;18;0,82;25;22;S/D;S/D;31
2017-10-21;20;0,42;10;18;0,82;27;22;S/D;S/D;30
2017-10-21;21;0,43;10;18;0,81;25;22;S/D;S/D;32
2017-10-21;22;0,45;11;18;0,81;28;23;S/D;S/D;32
2017-10-21;23;0,48;13;18;0,82;28;22;S/D;S/D;31
2017-10-21;24;0,49;7;17;0,83;23;22;S/D;S/D;31
2017-10-22;1;0,49;7;17;0,82;22;22;S/D;S/D;31
2017-10-22;2;0,49;6;17;0,79;18;22;S/D;S/D;30
2017-10-22;3;0,48;5;16;0,73;14;22;S/D;S/D;30
2017-10-22;4;0,46;4;16;0,66;11;21;S/D;S/D;29
2017-10-22;5;0,43;4;15;0,59;11;20;S/D;S/D;28
2017-10-22;6;0,39;4;15;0,51;13;19;S/D;S/D;28
2017-10-22;7;0,36;4;15;0,43;13;19;S/D;S/D;28
2017-10-22;8;0,34;4;15;0,37;15;19;S/D;S/D;28
2017-10-22;9;0,33;4;14;0,32;13;18;S/D;S/D;28
2017-10-22;10;0,32;4;14;0,29;13;18;S/D;S/D;28
2017-10-22;11;0,32;4;14;0,28;11;17;S/D;S/D;27
2017-10-22;12;0,33;4;14;0,29;13;17;S/D;S/D;27
2017-10-22;13;0,34;5;14;0,3;13;17;S/D;S/D;26
2017-10-22;14;0,36;6;13;0,32;16;17;S/D;S/D;26
2017-10-22;15;0,38;5;14;0,34;16;17;S/D;S/D;25
2017-10-22;16;0,39;6;13;0,36;15;16;S/D;S/D;23
2017-10-22;17;0,41;8;13;0,37;19;16;S/D;S/D;22
2017-10-22;18;0,43;10;14;0,4;20;16;S/D;S/D;18
2017-10-22;19;0,45;10;14;0,43;25;16;S/D;S/D;17
2017-10-22;20;0,46;12;14;0,45;26;17;S/D;S/D;17
2017-10-22;21;0,48;14;13;0,46;24;16;S/D;S/D;14
2017-10-22;22;0,48;16;13;0,46;23;15;S/D;S/D;13
2017-10-22;23;0,49;15;13;0,44;21;15;S/D;S/D;14
2017-10-22;24;0,49;11;13;0,41;15;15;S/D;S/D;14
2017-10-23;1;0,48;9;13;0,41;12;15;S/D;S/D;14
2017-10-23;2;0,46;8;14;0,39;14;15;S/D;S/D;14
2017-10-23;3;0,44;5;14;0,36;13;15;S/D;S/D;14
2017-10-23;4;0,41;4;14;0,34;11;15;S/D;S/D;15
2017-10-23;5;0,38;4;14;0,33;8;15;S/D;S/D;15
2017-10-23;6;0,36;6;14;0,32;9;15;S/D;S/D;15
2017-10-23;7;0,36;12;14;0,33;17;15;S/D;S/D;15
2017-10-23;8;0,36;14;14;0,36;22;15;S/D;S/D;16
2017-10-23;9;0,38;14;14;0,38;22;16;S/D;S/D;16
2017-10-23;10;0,39;12;14;0,39;19;16;S/D;S/D;17
2017-10-23;11;0,41;11;15;0,41;19;16;S/D;20;17
2017-10-23;12;0,43;11;14;0,42;15;16;S/D;16;18
2017-10-23;13;0,44;11;14;0,43;10;16;S/D;17;18
2017-10-23;14;0,45;11;15;0,44;13;16;S/D;17;19
2017-10-23;15;0,45;12;14;0,45;20;16;S/D;16;19
2017-10-23;16;0,45;12;14;0,46;25;16;0,36;17;19
2017-10-23;17;0,46;18;15;0,49;35;16;0,37;22;20
2017-10-23;18;0,47;22;15;0,55;35;17;0,39;30;20
2017-10-23;19;0,49;26;15;0,64;40;16;0,42;26;20
2017-10-23;20;0,51;29;15;0,69;34;16;0,44;27;21
2017-10-23;21;0,54;29;15;0,73;34;16;0,46;26;21
2017-10-23;22;0,58;22;14;0,77;40;16;0,47;27;21
2017-10-23;23;0,61;24;15;0,78;31;16;0,49;24;21
2017-10-23;24;0,62;19;15;0,76;19;16;0,5;18;22
2017-10-24;1;0,61;13;15;0,72;12;16;0,5;15;22
2017-10-24;2;0,59;8;15;0,65;11;16;0,48;15;22
2017-10-24;3;0,56;8;15;0,55;8;16;0,45;16;22
2017-10-24;4;0,52;6;15;0,5;7;16;0,43;19;22
2017-10-24;5;0,48;9;15;0,47;7;16;0,41;19;23
2017-10-24;6;0,44;11;15;0,43;11;16;0,4;18;23
2017-10-24;7;0,42;18;15;0,42;17;16;0,4;21;23
2017-10-24;8;0,42;16;15;0,43;21;16;0,41;18;23
2017-10-24;9;0,43;15;15;0,45;15;16;0,43;18;23
2017-10-24;10;0,46;15;15;0,47;20;16;0,45;17;23
2017-10-24;11;0,48;14;15;0,5;19;16;0,46;16;23
2017-10-24;12;0,5;S/D;15;0,53;19;16;0,47;17;23
2017-10-24;13;0,47;S/D;15;0,56;11;16;0,48;16;23
2017-10-24;14;0,47;13;15;0,59;13;16;0,48;18;23
2017-10-24;15;0,44;13;15;0,61;11;16;0,46;19;23
2017-10-24;16;0,42;15;15;0,61;13;16;0,44;20;23
2017-10-24;17;0,39;16;15;0,66;25;15;0,43;21;23
2017-10-24;18;0,35;20;15;0,72;33;15;0,42;20;24
2017-10-24;19;0,37;25;15;0,75;24;16;0,42;26;25
2017-10-24;20;0,39;26;15;0,76;22;15;0,43;22;24
2017-10-24;21;0,43;25;15;0,79;27;15;0,46;22;24
2017-10-24;22;0,45;22;15;0,81;31;15;0,47;27;24
2017-10-24;23;0,47;26;14;0,84;36;16;0,48;27;24
2017-10-24;24;0,48;24;14;0,87;32;16;0,49;24;24
2017-10-25;1;0,5;24;14;0,83;23;17;0,5;21;24
2017-10-25;2;0,5;17;14;0,74;15;16;0,5;18;24
2017-10-25;3;0,49;14;14;0,68;16;16;0,48;17;24
2017-10-25;4;0,46;12;14;0,62;12;16;0,47;15;24
2017-10-25;5;0,43;10;14;0,55;11;16;0,44;16;24
2017-10-25;6;0,42;12;14;0,48;15;16;0,42;20;24
2017-10-25;7;0,41;16;14;0,44;26;17;0,43;19;24
2017-10-25;8;0,41;19;14;0,42;28;17;0,44;18;24
2017-10-25;9;0,41;19;14;0,44;26;17;0,45;17;24
2017-10-25;10;0,43;20;15;0,45;S/D;17;0,47;17;25
2017-10-25;11;0,45;19;15;0,47;S/D;17;0,49;17;25
2017-10-25;12;0,47;23;16;0,58;33;18;0,51;16;26
2017-10-25;13;0,5;21;16;0,7;36;19;0,53;17;28
2017-10-25;14;0,51;17;16;0,83;35;20;0,53;13;29
2017-10-25;15;0,5;17;17;0,91;34;20;0,53;13;29
2017-10-25;16;0,48;17;17;0,98;34;20;0,51;22;30
2017-10-25;17;0,48;23;18;1,03;36;21;0,51;16;30
2017-10-25;18;0,48;28;18;1,03;37;22;0,49;23;29
2017-10-25;19;0,5;31;18;1,03;41;21;0,49;26;29
2017-10-25;20;0,51;29;19;1;35;22;0,48;28;30
2017-10-25;21;0,53;30;19;0,98;38;23;0,48;27;31
2017-10-25;22;0,56;29;19;0,94;41;23;0,5;27;31
2017-10-25;23;0,59;29;20;0,91;38;23;0,49;27;31
2017-10-25;24;0,61;24;21;0,83;20;23;0,49;27;31
2017-10-26;1;0,61;20;21;0,77;18;23;0,49;23;31
2017-10-26;2;0,59;15;21;0,7;13;24;0,49;24;31
2017-10-26;3;0,56;18;21;0,64;25;25;0,48;27;31
2017-10-26;4;0,53;20;22;0,61;25;25;0,46;25;32
2017-10-26;5;0,5;21;22;0,57;23;26;0,46;24;32
2017-10-26;6;0,48;23;23;0,56;31;26;0,46;21;33
2017-10-26;7;0,48;27;24;0,58;37;27;0,49;25;34
2017-10-26;8;0,49;26;25;0,63;35;27;0,51;24;35
2017-10-26;9;0,5;24;25;0,65;31;27;0,53;18;34
2017-10-26;10;0,51;21;25;0,68;30;27;0,53;17;34
2017-10-26;11;0,52;16;25;0,7;25;27;0,53;18;33
2017-10-26;12;0,52;17;25;0,73;25;28;0,53;19;33
2017-10-26;13;0,52;14;25;0,77;29;27;0,52;16;33
2017-10-26;14;0,51;17;25;0,79;30;27;0,49;21;33
2017-10-26;15;0,47;17;25;0,8;44;27;0,45;18;33
2017-10-26;16;0,44;25;25;0,81;40;28;0,41;17;34
2017-10-26;17;0,43;21;26;0,81;25;28;0,4;21;37
2017-10-26;18;0,42;19;26;0,81;21;27;0,39;19;38
2017-10-26;19;0,42;15;26;0,82;21;28;0,4;17;39
2017-10-26;20;0,42;16;26;0,82;22;28;0,42;19;38
2017-10-26;21;0,43;16;25;0,82;25;28;0,44;18;38
2017-10-26;22;0,44;16;25;0,83;20;28;0,45;17;38
2017-10-26;23;0,44;14;24;0,82;18;27;0,46;19;37
2017-10-26;24;0,44;12;24;0,8;18;27;0,46;18;37
2017-10-27;1;0,44;13;24;0,79;24;26;0,47;17;37
2017-10-27;2;0,44;8;24;0,82;19;27;0,46;11;37
2017-10-27;3;0,42;6;24;0,77;15;27;0,44;10;37
2017-10-27;4;0,4;4;24;0,7;13;27;0,42;10;37
2017-10-27;5;0,39;5;24;0,63;13;27;0,41;10;36
2017-10-27;6;0,36;7;23;0,58;19;27;0,4;14;36
2017-10-27;7;0,36;13;22;0,52;26;26;0,4;19;34
2017-10-27;8;0,38;17;21;0,48;S/D;26;0,42;20;33
2017-10-27;9;0,41;19;21;0,48;39;26;0,43;20;32
2017-10-27;10;0,46;20;20;0,49;42;27;0,45;18;32
2017-10-27;11;0,5;17;20;0,56;42;27;0,46;S/D;32
2017-10-27;12;0,53;14;19;0,64;30;26;0,47;S/D;30
2017-10-27;13;0,57;12;19;0,73;35;26;0,47;14;29
2017-10-27;14;0,6;13;19;0,8;33;27;0,45;11;27
2017-10-27;15;0,62;12;19;0,87;30;28;0,44;12;26
2017-10-27;16;0,62;15;18;0,91;36;27;0,41;16;25
2017-10-27;17;0,61;15;17;0,94;33;27;0,38;14;21
2017-10-27;18;0,58;15;17;0,93;36;27;0,34;15;18
2017-10-27;19;0,57;13;16;0,95;40;26;0,35;18;17
2017-10-27;20;0,55;16;16;0,95;34;26;0,34;23;17
2017-10-27;21;0,54;17;16;0,93;32;26;0,35;22;17
2017-10-27;22;0,54;18;17;0,9;32;28;0,36;23;17
2017-10-27;23;0,52;14;18;0,86;28;29;0,38;22;18
2017-10-27;24;0,51;14;18;0,77;28;30;0,39;23;19
2017-10-28;1;0,5;14;19;0,78;29;31;0,4;21;19
2017-10-28;2;0,49;14;19;0,76;28;31;0,41;21;19
2017-10-28;3;0,49;13;20;0,72;26;32;0,41;22;19
2017-10-28;4;0,47;12;20;0,7;24;32;0,41;21;20
2017-10-28;5;0,45;11;21;0,68;24;32;0,41;16;20
2017-10-28;6;0,43;13;21;0,66;24;33;0,4;17;21
2017-10-28;7;0,42;15;22;0,69;27;34;0,39;19;21
2017-10-28;8;0,42;15;23;0,73;31;34;0,4;18;22
2017-10-28;9;0,42;17;23;0,7;33;34;0,4;21;23
2017-10-28;10;0,43;18;24;0,69;27;34;0,41;17;24
2017-10-28;11;0,43;10;25;0,67;18;35;0,4;17;24
2017-10-28;12;0,44;10;25;0,65;14;35;0,4;15;25
2017-10-28;13;0,45;8;26;0,62;11;35;0,39;13;26
2017-10-28;14;0,45;9;26;0,61;13;34;0,39;14;27
2017-10-28;15;0,45;9;26;0,57;14;34;0,38;16;28
2017-10-28;16;0,44;8;26;0,52;13;34;0,37;14;28
2017-10-28;17;0,42;9;27;0,48;11;35;0,36;13;30
2017-10-28;18;0,41;9;27;0,45;14;35;0,35;16;31
2017-10-28;19;0,4;11;28;0,44;17;35;0,36;18;31
2017-10-28;20;0,4;13;28;0,46;20;35;0,36;19;32
2017-10-28;21;0,41;15;28;0,47;20;35;0,37;22;32
2017-10-28;22;0,43;16;28;0,49;24;34;0,39;22;32
2017-10-28;23;0,45;16;28;0,51;20;33;0,4;16;32
2017-10-28;24;0,48;18;28;0,51;15;33;0,41;14;32
2017-10-29;1;0,5;16;27;0,52;19;31;0,41;16;31
2017-10-29;2;0,52;13;26;0,53;20;30;0,42;16;31
2017-10-29;3;0,53;12;25;0,51;11;29;0,41;16;30
2017-10-29;4;0,53;10;25;0,49;15;29;0,41;14;30
2017-10-29;5;0,52;8;25;0,47;16;28;0,41;13;30
2017-10-29;6;0,5;7;24;0,44;13;28;0,4;12;29
2017-10-29;7;0,47;7;23;0,41;13;27;0,39;13;29
2017-10-29;8;0,45;7;23;0,4;8;27;0,38;13;29
2017-10-29;9;0,43;6;22;0,38;6;26;0,37;13;28
2017-10-29;10;0,41;6;21;0,36;6;25;0,36;15;27
2017-10-29;11;0,4;9;20;0,36;9;23;0,36;13;27
2017-10-29;12;0,4;6;19;0,36;9;22;0,36;13;26
2017-10-29;13;0,41;6;19;0,36;8;21;0,36;13;25
2017-10-29;14;0,41;7;18;0,36;6;21;0,35;14;24
2017-10-29;15;0,41;7;18;0,36;8;20;0,35;14;24
2017-10-29;16;0,41;7;17;0,38;16;18;0,35;19;23
2017-10-29;17;0,42;11;16;0,4;15;18;0,34;29;24
2017-10-29;18;0,42;12;16;0,43;17;17;0,34;29;24
2017-10-29;19;0,43;17;16;0,47;28;16;0,34;21;23
2017-10-29;20;0,46;21;15;0,5;27;16;0,36;23;23
2017-10-29;21;0,51;21;15;0,53;24;15;0,42;67;23
2017-10-29;22;0,55;18;15;0,55;20;14;0,45;37;23
2017-10-29;23;0,55;11;15;0,57;19;15;0,46;16;24
2017-10-29;24;0,56;10;15;0,59;22;14;0,46;12;24
2017-10-30;1;0,55;9;14;0,6;23;14;0,46;16;23
2017-10-30;2;0,55;14;14;0,6;23;13;0,47;21;23
2017-10-30;3;0,54;17;13;0,58;23;13;0,47;22;22
2017-10-30;4;0,5;17;13;0,57;27;13;0,45;28;22
2017-10-30;5;0,45;17;13;0,58;27;12;0,4;28;22
2017-10-30;6;0,42;19;13;0,6;27;12;0,38;27;22
2017-10-30;7;0,42;18;13;0,64;27;12;0,38;25;22
2017-10-30;8;0,45;20;14;0,69;33;12;0,39;21;22
2017-10-30;9;0,49;23;13;0,77;36;12;0,4;23;22
2017-10-30;10;0,54;21;14;0,83;32;13;0,41;24;21
2017-10-30;11;0,56;18;15;0,89;38;14;0,4;19;21
2017-10-30;12;0,57;15;15;0,97;36;15;0,38;17;22
2017-10-30;13;0,57;14;16;1,02;33;16;0,35;14;22
2017-10-30;14;0,56;15;16;1,04;31;16;0,32;15;22
2017-10-30;15;0,55;15;17;1,03;28;17;0,29;16;22
2017-10-30;16;0,52;16;17;1,01;29;18;0,26;17;22
2017-10-30;17;0,49;17;18;0,94;22;19;0,23;18;21
2017-10-30;18;0,45;18;18;0,91;31;19;0,2;18;20
2017-10-30;19;0,44;18;18;0,9;31;20;0,19;23;20
2017-10-30;20;0,45;22;19;0,83;29;20;0,19;28;20
2017-10-30;21;0,48;22;19;0,79;31;21;0,21;31;19
2017-10-30;22;0,52;23;19;0,77;34;22;0,23;31;19
2017-10-30;23;0,55;22;18;0,76;31;22;0,25;30;18
2017-10-30;24;0,57;23;19;0,72;32;22;0,28;30;19
2017-10-31;1;0,59;23;20;0,72;30;23;0,32;30;20
2017-10-31;2;0,61;23;21;0,7;30;24;0,36;29;21
2017-10-31;3;0,61;21;22;0,64;27;24;0,4;29;21
2017-10-31;4;0,59;21;22;0,61;25;25;0,42;43;22
2017-10-31;5;0,57;19;23;0,58;25;25;0,43;53;22
2017-10-31;6;0,53;22;23;0,55;28;25;0,45;52;22
2017-10-31;7;0,53;24;24;0,55;32;26;0,48;55;23
2017-10-31;8;0,57;29;24;0,57;38;26;0,53;66;24
2017-10-31;9;0,61;30;25;0,6;38;26;0,56;62;25
2017-10-31;10;0,64;28;26;0,62;40;26;0,56;60;26
2017-10-31;11;0,64;20;26;0,65;33;26;0,56;52;27
2017-10-31;12;0,65;18;27;0,67;30;27;0,54;45;28
2017-10-31;13;0,66;19;26;0,68;29;26;0,53;47;28
2017-10-31;14;0,66;18;26;0,71;35;26;0,51;39;28
2017-10-31;15;0,63;19;26;0,74;33;26;0,47;38;28
2017-10-31;16;0,58;19;26;0,76;42;25;0,4;44;29
2017-10-31;17;0,5;18;26;0,73;28;26;0,35;50;29
2017-10-31;18;0,46;18;26;0,69;31;26;0,33;52;31
2017-10-31;19;0,45;24;26;0,67;28;26;0,34;50;31
2017-10-31;20;0,46;26;26;0,65;32;26;0,36;57;32
2017-10-31;21;0,48;29;26;0,64;35;26;0,38;57;33
2017-10-31;22;0,52;27;26;0,63;39;25;0,39;55;33
2017-10-31;23;0,56;32;26;0,59;37;25;0,4;57;32
2017-10-31;24;0,57;23;25;0,55;36;25;0,42;58;32
2017-11-01;1;0,57;20;25;0,56;27;26;0,43;49;31
2017-11-01;2;0,57;13;25;0,56;16;25;0,42;36;31
2017-11-01;3;0,55;9;24;0,55;15;25;0,41;35;31
2017-11-01;4;0,52;7;24;0,53;13;25;0,39;39;31
2017-11-01;5;0,48;6;23;0,52;12;25;0,38;33;31
2017-11-01;6;0,44;8;23;0,49;13;25;0,38;34;31
2017-11-01;7;0,39;12;22;0,48;25;24;0,39;40;30
2017-11-01;8;0,39;18;21;0,5;34;24;0,41;43;30
2017-11-01;9;0,4;18;21;0,49;25;25;0,42;36;30
2017-11-01;10;0,41;16;20;0,51;25;24;0,46;35;30
2017-11-01;11;0,43;18;19;0,53;28;23;0,48;35;29
2017-11-01;12;0,46;20;18;0,55;s/d;23;0,49;31;29
2017-11-01;13;0,48;17;18;0,63;s/d;23;0,49;20;28
2017-11-01;14;0,5;16;18;0,71;28;23;0,49;20;28
2017-11-01;15;0,51;20;18;0,82;33;23;0,48;21;29
2017-11-01;16;0,51;23;19;0,86;29;23;0,48;22;29
2017-11-01;17;0,52;19;18;0,9;24;22;0,48;19;28
2017-11-01;18;0,52;19;19;0,95;30;22;0,44;20;27
2017-11-01;19;0,53;24;18;0,96;31;22;0,45;24;27
2017-11-01;20;0,54;22;19;0,94;26;22;0,47;23;28
2017-11-01;21;0,55;25;19;0,92;24;22;0,49;18;27
2017-11-01;22;0,56;22;19;0,9;19;22;0,5;16;27
2017-11-01;23;0,56;18;19;0,85;17;21;0,51;17;27
2017-11-01;24;0,54;10;19;0,81;12;21;0,5;15;27
2017-11-02;1;0,52;8;19;0,76;10;20;0,49;12;27
2017-11-02;2;0,5;8;19;0,69;7;20;0,48;10;27
2017-11-02;3;0,46;9;19;0,59;6;20;0,45;9;27
2017-11-02;4;0,42;9;20;0,52;5;20;0,41;9;27
2017-11-02;5;0,39;6;20;0,46;6;20;0,38;10;27
2017-11-02;6;0,36;6;19;0,41;12;20;0,37;16;27
2017-11-02;7;0,34;11;19;0,35;17;20;0,37;20;26
2017-11-02;8;0,35;16;19;0,31;22;20;0,37;26;26
2017-11-02;9;0,37;19;19;0,3;24;19;0,38;29;26
2017-11-02;10;0,39;18;19;0,28;19;19;0,4;32;26
2017-11-02;11;0,44;20;19;0,29;21;20;0,43;35;27
2017-11-02;12;0,48;19;19;0,31;22;21;0,47;28;27
2017-11-02;13;0,51;16;19;0,33;18;21;0,49;17;27
2017-11-02;14;0,54;15;18;0,34;18;21;0,51;21;26
2017-11-02;15;0,57;15;17;0,35;20;20;0,53;26;25
2017-11-02;16;0,59;20;16;0,35;24;19;0,56;32;26
2017-11-02;17;0,61;23;16;0,37;26;19;0,59;35;27
2017-11-02;18;0,65;30;16;0,41;34;19;0,64;37;28
2017-11-02;19;0,68;31;16;0,47;44;18;0,69;38;27
2017-11-02;20;0,73;33;16;0,52;45;18;0,73;40;27
2017-11-02;21;0,78;33;17;0,55;42;18;0,79;42;28
2017-11-02;22;0,86;34;17;0,56;33;18;0,84;37;29
2017-11-02;23;0,93;33;17;0,6;42;18;0,89;37;30
2017-11-02;24;0,98;31;17;0,65;41;19;0,91;35;30
2017-11-03;1;1;27;18;0,7;38;19;0,91;37;30
2017-11-03;2;0,98;23;18;0,72;34;20;0,89;36;30
2017-11-03;3;0,94;16;18;0,71;25;21;0,88;s/d;30
2017-11-03;4;0,86;7;18;0,67;12;20;0,87;11;30
2017-11-03;5;0,79;8;18;0,65;14;20;0,88;14;30
2017-11-03;6;0,7;15;18;0,65;19;20;0,9;30;29
2017-11-03;7;0,65;20;19;0,67;29;21;0,94;28;28
2017-11-03;8;0,63;22;19;0,68;29;21;1,01;32;28
2017-11-03;9;0,61;19;19;0,68;29;21;1,07;27;27
2017-11-03;10;0,61;20;20;0,69;31;21;1,14;30;26
2017-11-03;11;0,62;19;19;0,72;32;21;1,14;26;24
2017-11-03;12;0,65;20;20;0,77;30;21;1,17;26;24
2017-11-03;13;0,68;16;21;0,85;33;21;1,17;18;24
2017-11-03;14;0,69;16;21;0,93;33;21;1,16;14;24
2017-11-03;15;0,67;15;21;0,94;31;22;1,14;16;24
2017-11-03;16;0,63;16;22;0,95;29;23;1,1;22;24
2017-11-03;17;0,6;17;23;0,95;29;23;1,08;21;23
2017-11-03;18;0,58;18;23;0,95;33;24;1,07;27;21
2017-11-03;19;0,57;19;22;0,94;33;25;1,05;27;21
2017-11-03;20;0,55;19;22;0,92;29;24;1,05;25;20
2017-11-03;21;0,55;20;21;0,89;29;24;1,05;32;19
2017-11-03;22;0,55;19;22;0,86;31;25;1,06;33;18
2017-11-03;23;0,56;20;21;0,84;31;26;1,08;45;18
2017-11-03;24;0,57;19;20;0,83;28;26;1,09;40;17
2017-11-04;1;0,57;18;20;0,79;25;26;1,01;28;17
2017-11-04;2;0,58;17;19;0,75;24;26;0,93;12;16
2017-11-04;3;0,58;18;19;0,71;24;25;0,84;16;16
2017-11-04;4;0,57;17;20;0,7;24;26;0,75;18;16
2017-11-04;5;0,56;15;20;0,66;23;26;0,66;25;17
2017-11-04;6;0,54;15;20;0,61;23;26;0,57;53;17
2017-11-04;7;0,53;17;20;0,58;25;26;0,49;50;18
2017-11-04;8;0,53;16;20;0,54;23;26;0,41;46;18
2017-11-04;9;0,52;13;19;0,53;19;26;0,4;28;19
2017-11-04;10;0,51;12;19;0,53;22;26;0,4;20;20
2017-11-04;11;0,49;12;19;0,56;33;25;0,39;8;20
2017-11-04;12;0,48;12;19;0,54;18;25;0,38;7;20
2017-11-04;13;0,47;12;18;0,54;18;25;0,37;10;20
2017-11-04;14;0,46;10;19;0,56;29;25;0,35;5;21
2017-11-04;15;0,44;11;19;0,59;44;24;0,32;7;21
2017-11-04;16;0,43;11;19;0,61;38;24;0,29;8;21
2017-11-04;17;0,41;11;18;0,64;26;24;0,28;11;22
2017-11-04;18;0,4;11;18;0,64;20;24;0,28;37;24
2017-11-04;19;0,4;12;18;0,61;21;24;0,29;50;25
2017-11-04;20;0,41;15;18;0,62;24;24;0,31;49;26
2017-11-04;21;0,43;15;17;0,64;24;23;0,33;53;25
2017-11-04;22;0,45;19;17;0,65;27;22;0,36;59;25
2017-11-04;23;0,49;19;17;0,67;29;21;0,4;60;24
2017-11-04;24;0,52;18;16;0,69;26;21;0,44;38;24
2017-11-05;1;0,55;14;16;0,68;23;20;0,48;42;24
2017-11-05;2;0,57;18;16;0,7;23;20;0,5;29;24
2017-11-05;3;0,58;17;15;0,71;23;20;0,51;20;24
2017-11-05;4;0,58;15;15;0,71;18;19;0,51;17;24
2017-11-05;5;0,56;13;14;0,69;13;19;0,5;16;24
2017-11-05;6;0,53;11;14;0,64;15;19;0,48;25;24
2017-11-05;7;0,5;12;13;0,57;17;18;0,46;29;24
2017-11-05;8;0,48;10;13;0,51;9;18;0,43;32;24
2017-11-05;9;0,45;7;13;0,46;8;18;0,4;36;24
2017-11-05;10;0,43;6;12;0,41;4;17;0,38;28;25
2017-11-05;11;0,41;6;12;0,36;6;17;0,36;23;26
2017-11-05;12;0,4;6;11;0,32;7;16;0,36;31;25
2017-11-05;13;0,39;14;11;0,29;10;16;0,35;34;25
2017-11-05;14;0,38;7;11;0,27;8;15;0,34;26;25
2017-11-05;15;0,38;7;11;0,25;s/d;14;0,33;30;25
2017-11-05;16;0,36;7;11;0,26;14;14;0,32;29;25
2017-11-05;17;0,36;10;11;0,27;19;13;0,32;40;26
2017-11-05;18;0,36;12;10;0,28;15;13;0,31;29;25
2017-11-05;19;0,37;13;10;0,29;16;13;0,31;52;24
2017-11-05;20;0,38;13;10;0,31;18;12;0,31;46;24
2017-11-05;21;0,4;20;10;0,34;26;12;0,32;52;24
2017-11-05;22;0,42;19;10;0,37;24;12;0,33;64;24
2017-11-05;23;0,44;15;10;0,37;23;12;0,35;54;24
2017-11-05;24;0,46;11;10;0,39;21;12;0,37;28;24
2017-11-06;1;0,47;10;10;0,4;17;13;0,38;25;24
2017-11-06;2;0,47;11;10;0,41;15;13;0,39;18;23
2017-11-06;3;0,47;8;11;0,41;14;12;0,39;20;23
2017-11-06;4;0,46;8;10;0,4;14;12;0,39;19;23
2017-11-06;5;0,45;10;10;0,38;10;12;0,39;43;24
2017-11-06;6;0,43;16;11;0,36;16;12;0,38;48;25
2017-11-06;7;0,43;20;11;0,35;19;12;0,39;44;26
2017-11-06;8;0,44;17;11;0,34;17;12;0,4;45;27
2017-11-06;9;0,45;17;11;0,33;13;12;0,41;45;27
2017-11-06;10;0,48;20;12;0,32;17;13;0,43;61;28
2017-11-06;11;0,52;25;13;0,36;29;13;0,46;64;33
2017-11-06;12;0,55;25;13;0,43;39;14;0,47;47;35
2017-11-06;13;0,58;28;14;0,55;44;15;0,5;57;35
2017-11-06;14;0,6;27;17;0,69;46;18;0,52;59;38
2017-11-06;15;0,62;29;18;0,79;45;20;0,53;66;41
2017-11-06;16;0,64;29;20;0,91;46;21;0,54;59;42
2017-11-06;17;0,65;28;21;0,97;41;23;0,54;54;41
2017-11-06;18;0,65;29;22;1,04;47;24;0,53;65;41
2017-11-06;19;0,65;33;23;1,08;43;25;0,53;70;43
2017-11-06;20;0,66;37;24;1,07;45;26;0,54;63;44
2017-11-06;21;0,66;24;25;0,99;34;27;0,54;56;45
2017-11-06;22;0,66;23;26;0,91;34;27;0,52;48;46
2017-11-06;23;0,64;17;26;0,83;27;27;0,5;46;46
2017-11-06;24;0,62;14;26;0,73;23;27;0,47;33;45
2017-11-07;1;0,59;11;25;0,69;19;27;0,46;28;45
2017-11-07;2;0,55;7;25;0,63;19;27;0,44;18;46
2017-11-07;3;0,52;7;25;0,57;12;27;0,42;14;46
2017-11-07;4;0,48;6;26;0,52;8;27;0,39;13;46
2017-11-07;5;0,45;8;26;0,47;11;27;0,37;14;46
2017-11-07;6;0,42;9;26;0,42;11;28;0,37;24;45
2017-11-07;7;0,42;13;26;0,39;15;28;0,38;34;45
2017-11-07;8;0,43;15;26;0,38;20;28;0,41;35;45
2017-11-07;9;0,45;18;26;0,38;20;29;0,44;42;46
2017-11-07;10;0,49;17;26;0,37;17;29;0,47;42;46
2017-11-07;11;0,51;16;26;0,38;17;29;0,49;41;43
2017-11-07;12;0,54;17;26;0,39;16;28;0,51;38;41
2017-11-07;13;0,57;16;25;0,43;21;28;0,51;39;40
2017-11-07;14;0,59;14;23;0,48;23;26;0,51;37;38
2017-11-07;15;0,61;17;24;0,54;24;25;0,51;35;36
2017-11-07;16;0,6;17;24;0,64;29;24;0,5;40;35
2017-11-07;17;0,59;18;25;0,71;27;23;0,48;41;35
2017-11-07;18;0,58;20;24;0,78;27;23;0,47;40;34
2017-11-07;19;0,58;21;24;0,85;25;22;0,46;37;33
2017-11-07;20;0,57;17;23;0,91;23;21;0,46;31;32
2017-11-07;21;0,57;17;23;0,95;22;21;0,46;29;32
2017-11-07;22;0,57;16;23;0,98;25;21;0,47;31;32
2017-11-07;23;0,57;14;23;0,99;22;21;0,47;31;33
2017-11-07;24;0,56;10;24;0,92;16;21;0,47;21;33
2017-11-08;1;0,55;8;24;0,85;11;21;0,46;8;33
2017-11-08;2;0,53;10;25;0,76;8;22;0,45;5;33
2017-11-08;3;0,5;9;25;0,67;7;22;0,42;6;33
2017-11-08;4;0,48;4;25;0,59;9;22;0,4;7;34
2017-11-08;5;0,46;4;25;0,51;11;22;0,38;8;34
2017-11-08;6;0,44;6;25;0,41;12;22;0,37;20;34
2017-11-08;7;0,42;11;26;0,34;14;22;0,38;23;34
2017-11-08;8;0,44;14;26;0,3;19;22;0,4;25;34
2017-11-08;9;0,46;13;25;0,29;17;22;0,42;24;33
2017-11-08;10;0,48;13;25;0,29;17;22;0,45;24;32
2017-11-08;11;0,5;11;25;0,3;14;22;0,46;24;31
2017-11-08;12;0,52;13;25;0,3;16;22;0,47;25;30
2017-11-08;13;0,54;14;25;0,34;21;22;0,48;25;30
2017-11-08;14;0,55;14;25;0,39;25;23;0,47;23;30
2017-11-08;15;0,56;15;23;0,44;27;22;0,46;25;30
2017-11-08;16;0,56;19;22;0,44;23;22;0,44;29;30
2017-11-08;17;0,57;23;21;0,46;30;23;0,44;34;32
2017-11-08;18;0,59;22;21;0,5;36;22;0,44;36;32
2017-11-08;19;0,61;22;21;0,57;38;23;0,46;37;33
2017-11-08;20;0,62;19;22;0,63;37;23;0,46;33;33
2017-11-08;21;0,64;16;23;0,62;33;24;0,46;27;34
2017-11-08;22;0,66;18;23;0,6;31;24;0,47;26;33
2017-11-08;23;0,67;16;23;0,58;33;24;0,48;19;33
2017-11-08;24;0,66;15;22;0,58;28;23;0,48;15;33
2017-11-09;1;0,64;14;22;0,59;29;23;0,46;6;32
2017-11-09;2;0,61;11;22;0,57;18;23;0,44;7;32
2017-11-09;3;0,58;10;22;0,52;16;22;0,41;9;32
2017-11-09;4;0,55;12;21;0,47;14;22;0,41;8;31
2017-11-09;5;0,52;12;21;0,46;17;22;0,4;15;31
2017-11-09;6;0,49;15;21;0,46;22;22;0,4;33;31
2017-11-09;7;0,5;20;22;0,49;27;22;0,42;28;31
2017-11-09;8;0,53;22;22;0,54;29;22;0,46;30;31
2017-11-09;9;0,58;25;22;0,58;33;22;0,5;32;31
2017-11-09;10;0,62;25;23;0,63;35;22;0,52;37;31
2017-11-09;11;0,65;s/d;23;0,67;35;23;0,51;32;31
2017-11-09;12;0,68;s/d;22;0,74;34;23;0,5;23;31
2017-11-09;13;s/d;s/d;22;s/d;s/d;s/d;0,48;21;32
2017-11-09;14;s/d;s/d;22;s/d;s/d;s/d;0,46;23;33
2017-11-09;15;s/d;s/d;22;s/d;s/d;s/d;0,44;27;34
2017-11-09;16;s/d;s/d;21;s/d;s/d;s/d;0,39;33;35
2017-11-09;17;s/d;s/d;s/d;s/d;s/d;s/d;0,34;27;33
2017-11-09;18;s/d;s/d;s/d;s/d;s/d;s/d;0,31;30;33
2017-11-09;19;s/d;18;s/d;s/d;s/d;s/d;0,31;33;33
2017-11-09;20;s/d;23;s/d;s/d;s/d;s/d;0,31;42;32
2017-11-09;21;s/d;26;s/d;s/d;s/d;s/d;0,33;52;31
2017-11-09;22;s/d;25;s/d;s/d;s/d;s/d;0,36;50;32
2017-11-09;23;s/d;24;s/d;s/d;s/d;s/d;0,37;55;33
2017-11-09;24;0,94;26;s/d;s/d;s/d;s/d;0,4;51;34
2017-11-10;1;0,92;27;s/d;s/d;s/d;s/d;0,46;42;35
2017-11-10;2;0,9;26;s/d;s/d;s/d;s/d;0,51;41;36
2017-11-10;3;0,75;26;s/d;s/d;s/d;s/d;0,55;46;36
2017-11-10;4;0,71;26;s/d;s/d;s/d;s/d;0,58;51;38
2017-11-10;5;0,68;23;s/d;s/d;s/d;s/d;0,6;44;38
2017-11-10;6;0,64;17;s/d;s/d;s/d;s/d;0,59;41;39
2017-11-10;7;0,62;24;s/d;s/d;s/d;s/d;0,58;43;39
2017-11-10;8;0,6;24;s/d;s/d;s/d;s/d;0,57;44;39
2017-11-10;9;0,58;24;s/d;s/d;s/d;s/d;0,53;41;39
2017-11-10;10;0,56;23;s/d;s/d;s/d;s/d;0,5;33;39
2017-11-10;11;0,53;20;s/d;s/d;s/d;s/d;0,46;31;40
2017-11-10;12;0,52;s/d;s/d;s/d;s/d;s/d;0,43;22;41
2017-11-10;13;0,52;s/d;s/d;s/d;33;s/d;0,41;27;41
2017-11-10;14;s/d;s/d;s/d;s/d;27;s/d;0,4;22;42
2017-11-10;15;s/d;13;s/d;s/d;s/d;s/d;0,38;22;40
2017-11-10;16;s/d;18;s/d;s/d;s/d;s/d;0,36;13;41
2017-11-10;17;s/d;18;s/d;s/d;s/d;s/d;0,34;10;42
2017-11-10;18;s/d;19;s/d;s/d;s/d;s/d;0,32;12;42
2017-11-10;19;s/d;22;s/d;s/d;s/d;s/d;0,31;14;41
2017-11-10;20;0,49;21;s/d;s/d;s/d;s/d;0,3;17;41
2017-11-10;21;0,48;21;s/d;s/d;s/d;s/d;0,3;22;41
2017-11-10;22;0,5;24;s/d;s/d;s/d;s/d;0,31;29;40
2017-11-10;23;0,48;25;s/d;s/d;s/d;s/d;0,35;45;40
2017-11-10;24;0,49;22;s/d;s/d;s/d;s/d;0,39;39;40
2017-11-11;1;0,48;11;s/d;s/d;s/d;s/d;0,41;s/d;40
2017-11-11;2;0,47;11;s/d;s/d;s/d;s/d;0,44;s/d;39
2017-11-11;3;0,44;7;s/d;s/d;s/d;s/d;s/d;s/d;39
2017-11-11;4;0,42;6;s/d;s/d;s/d;s/d;s/d;s/d;38
2017-11-11;5;0,39;7;s/d;s/d;s/d;s/d;s/d;s/d;37
2017-11-11;6;0,35;8;s/d;s/d;s/d;s/d;s/d;s/d;36
2017-11-11;7;0,31;9;s/d;s/d;s/d;s/d;s/d;s/d;36
2017-11-11;8;0,28;10;s/d;s/d;s/d;s/d;s/d;s/d;36
2017-11-11;9;0,28;10;s/d;s/d;s/d;s/d;s/d;s/d;36
2017-11-11;10;0,29;10;s/d;s/d;s/d;s/d;s/d;s/d;36
2017-11-11;11;0,3;9;s/d;s/d;s/d;s/d;s/d;s/d;35
2017-11-11;12;0,3;9;s/d;s/d;s/d;s/d;s/d;s/d;35
2017-11-11;13;0,3;10;s/d;s/d;s/d;s/d;s/d;s/d;34
2017-11-11;14;0,3;10;s/d;s/d;s/d;s/d;s/d;s/d;34
2017-11-11;15;0,29;9;22;s/d;s/d;s/d;s/d;s/d;34
2017-11-11;16;0,28;10;22;s/d;s/d;s/d;s/d;s/d;33
2017-11-11;17;0,26;11;23;s/d;s/d;s/d;s/d;s/d;35
2017-11-11;18;0,25;10;23;s/d;s/d;s/d;s/d;s/d;38
2017-11-11;19;0,23;11;23;s/d;s/d;s/d;s/d;s/d;41
2017-11-11;20;0,24;14;23;s/d;s/d;s/d;s/d;s/d;41
2017-11-11;21;0,26;17;23;s/d;s/d;s/d;s/d;s/d;42
2017-11-11;22;0,29;20;24;s/d;s/d;s/d;s/d;s/d;43
2017-11-11;23;0,32;20;24;s/d;s/d;s/d;s/d;s/d;43
2017-11-11;24;0,37;21;24;s/d;s/d;s/d;s/d;s/d;43
2017-11-12;1;0,4;20;25;s/d;s/d;s/d;s/d;s/d;45
2017-11-12;2;0,45;20;26;s/d;s/d;s/d;s/d;s/d;47
2017-11-12;3;0,49;18;28;s/d;s/d;s/d;s/d;s/d;48
2017-11-12;4;0,5;16;28;s/d;s/d;s/d;s/d;s/d;49
2017-11-12;5;0,5;17;29;s/d;s/d;s/d;s/d;s/d;49
2017-11-12;6;0,48;19;29;s/d;s/d;s/d;s/d;s/d;50
2017-11-12;7;0,48;19;30;s/d;s/d;s/d;s/d;s/d;49
2017-11-12;8;0,46;19;30;s/d;s/d;s/d;s/d;s/d;49
2017-11-12;9;0,44;15;30;s/d;s/d;s/d;s/d;s/d;49
2017-11-12;10;0,41;10;30;s/d;s/d;s/d;s/d;s/d;49
2017-11-12;11;0,37;13;31;s/d;s/d;s/d;s/d;s/d;48
2017-11-12;12;0,35;10;31;s/d;s/d;s/d;s/d;s/d;48
2017-11-12;13;0,35;11;31;s/d;s/d;s/d;s/d;s/d;47
2017-11-12;14;0,35;16;31;s/d;s/d;s/d;s/d;s/d;47
2017-11-12;15;0,34;15;31;s/d;s/d;s/d;s/d;s/d;47
2017-11-12;16;0,34;15;31;s/d;s/d;s/d;s/d;s/d;46
2017-11-12;17;0,34;18;31;s/d;s/d;s/d;s/d;s/d;42
2017-11-12;18;0,35;18;31;s/d;s/d;s/d;s/d;s/d;40
2017-11-12;19;0,36;21;31;s/d;s/d;s/d;s/d;s/d;39
2017-11-12;20;0,39;28;31;s/d;s/d;s/d;s/d;s/d;39
2017-11-12;21;0,44;33;32;s/d;s/d;s/d;s/d;s/d;40
2017-11-12;22;0,46;30;32;s/d;s/d;s/d;s/d;s/d;40
2017-11-12;23;0,47;24;32;s/d;s/d;s/d;s/d;s/d;39
2017-11-12;24;0,47;19;32;s/d;s/d;s/d;s/d;s/d;37
2017-11-13;1;0,47;17;30;s/d;s/d;s/d;s/d;s/d;35
2017-11-13;2;0,46;14;29;s/d;s/d;s/d;s/d;s/d;34
2017-11-13;3;0,44;17;28;s/d;s/d;s/d;s/d;s/d;33
2017-11-13;4;0,41;13;28;s/d;s/d;s/d;s/d;s/d;33
2017-11-13;5;0,37;15;28;s/d;s/d;s/d;s/d;s/d;33
2017-11-13;6;0,33;18;27;s/d;s/d;s/d;s/d;s/d;33
2017-11-13;7;0,33;22;27;s/d;s/d;s/d;s/d;s/d;33
2017-11-13;8;0,34;23;27;s/d;s/d;s/d;s/d;s/d;35
2017-11-13;9;0,36;25;27;s/d;s/d;s/d;s/d;s/d;36
2017-11-13;10;0,4;31;28;s/d;s/d;s/d;s/d;53;37
2017-11-13;11;0,43;30;28;s/d;s/d;s/d;s/d;68;39
2017-11-13;12;0,46;30;28;s/d;s/d;s/d;s/d;69;41
2017-11-13;13;0,5;28;31;s/d;s/d;s/d;s/d;55;42
2017-11-13;14;0,52;18;31;s/d;s/d;s/d;s/d;37;43
2017-11-13;15;0,53;s/d;31;s/d;s/d;s/d;0,59;32;44
2017-11-13;16;0,54;s/d;31;s/d;s/d;s/d;0,55;35;44
2017-11-13;17;0,56;22;29;s/d;s/d;s/d;0,54;42;46
2017-11-13;18;0,53;20;29;s/d;s/d;s/d;0,51;33;47
2017-11-13;19;0,5;19;29;s/d;s/d;s/d;0,47;31;47
2017-11-13;20;0,46;13;29;s/d;s/d;s/d;0,45;30;48
2017-11-13;21;0,43;15;28;s/d;s/d;s/d;0,43;25;48
2017-11-13;22;0,41;12;s/d;s/d;s/d;s/d;0,42;25;49
2017-11-13;23;0,39;12;s/d;s/d;s/d;s/d;0,42;27;48
2017-11-13;24;0,38;11;s/d;s/d;s/d;s/d;0,43;29;48
2017-11-14;1;0,34;8;s/d;s/d;s/d;s/d;0,42;26;47
2017-11-14;2;0,31;5;s/d;s/d;s/d;s/d;0,41;23;47
2017-11-14;3;0,29;5;s/d;s/d;s/d;s/d;0,4;7;47
2017-11-14;4;0,28;8;s/d;s/d;s/d;s/d;0,39;5;46
2017-11-14;5;0,27;7;s/d;s/d;s/d;s/d;0,38;9;46
2017-11-14;6;0,27;9;s/d;s/d;s/d;s/d;0,38;20;46
2017-11-14;7;0,27;12;s/d;s/d;s/d;s/d;0,39;24;45
2017-11-14;8;0,28;14;s/d;s/d;s/d;s/d;0,4;25;45
2017-11-14;9;0,31;14;s/d;s/d;s/d;s/d;0,41;25;45
2017-11-14;10;0,33;14;s/d;s/d;s/d;s/d;0,43;27;44
2017-11-14;11;0,36;15;s/d;s/d;s/d;s/d;0,44;28;43
2017-11-14;12;0,38;16;s/d;s/d;s/d;s/d;0,45;29;41
2017-11-14;13;0,52;34;39;0,6;48;38;s/d;s/d;52
2017-11-14;14;0,55;21;40;0,61;20;39;s/d;s/d;53
2017-11-14;15;0,58;23;41;0,66;s/d;39;s/d;57;53
2017-11-14;16;0,59;30;42;0,71;s/d;40;s/d;49;55
2017-11-14;17;0,61;15;41;s/d;s/d;40;s/d;s/d;56
2017-11-14;18;0,58;14;40;s/d;25;41;s/d;s/d;56
2017-11-14;19;0,56;18;39;s/d;33;41;s/d;s/d;56
2017-11-14;20;0,53;22;38;s/d;34;41;0,31;s/d;56
2017-11-14;21;0,53;29;37;s/d;32;s/d;0,31;38;56
2017-11-14;22;0,52;13;36;s/d;20;s/d;0,31;30;55
2017-11-14;23;0,5;11;35;s/d;17;s/d;0,26;26;55
2017-11-14;24;0,47;8;34;s/d;16;s/d;0,22;17;56
2017-11-15;1;0,42;5;33;s/d;13;s/d;0,22;13;55
2017-11-15;2;0,4;3;32;s/d;12;s/d;0,23;14;55
2017-11-15;3;0,39;3;31;s/d;14;s/d;0,24;16;53
2017-11-15;4;0,37;3;31;s/d;13;s/d;0,24;22;52
2017-11-15;5;0,34;5;30;s/d;11;s/d;0,23;23;50
2017-11-15;6;0,32;9;29;s/d;16;s/d;0,23;35;48
2017-11-15;7;0,3;14;29;s/d;22;s/d;0,25;33;46
2017-11-15;8;0,27;16;28;s/d;25;s/d;0,27;27;43
2017-11-15;9;0,24;17;28;s/d;27;s/d;0,28;31;41
2017-11-15;10;0,23;s/d;27;s/d;27;s/d;0,29;29;38
2017-11-15;11;0,22;s/d;22;s/d;31;s/d;0,29;29;33
2017-11-15;12;0,35;12;16;s/d;27;s/d;0,29;29;27
2017-11-15;13;0,52;34;39;0,6;48;38;s/d;s/d;52
2017-11-15;14;0,55;21;40;0,61;20;39;s/d;s/d;53
2017-11-15;15;0,58;23;41;0,66;s/d;39;s/d;57;53
2017-11-15;16;0,59;30;42;0,71;s/d;40;s/d;49;55
2017-11-15;17;0,61;15;41;s/d;s/d;40;s/d;19;69
2017-11-15;18;0,58;14;40;s/d;25;41;s/d;18;93
2017-11-15;19;0,56;18;39;s/d;33;41;s/d;24;104
2017-11-15;20;0,53;22;38;s/d;34;41;0,31;31;102
2017-11-15;21;0,53;29;37;s/d;32;s/d;0,31;38;102
2017-11-15;22;0,52;13;36;s/d;20;s/d;0,31;30;101
2017-11-15;23;0,5;11;35;s/d;17;s/d;0,26;26;102
2017-11-15;24;0,47;8;34;s/d;16;s/d;0,22;17;102
2017-11-16;1;0,42;5;33;s/d;13;s/d;0,22;13;102
2017-11-16;2;0,4;3;32;s/d;12;s/d;0,23;14;101
2017-11-16;3;0,39;3;31;s/d;14;s/d;0,24;16;100
2017-11-16;4;0,37;3;31;s/d;13;s/d;0,24;22;99
2017-11-16;5;0,34;5;30;s/d;11;s/d;0,23;23;98
2017-11-16;6;0,32;9;29;s/d;16;s/d;0,23;35;96
2017-11-16;7;0,3;14;29;s/d;22;s/d;0,25;33;93
2017-11-16;8;0,27;16;28;s/d;25;s/d;0,27;27;92
2017-11-16;9;0,24;17;28;s/d;27;s/d;0,28;31;90
2017-11-16;10;0,23;s/d;27;s/d;27;s/d;0,29;29;87
2017-11-16;11;0,22;s/d;22;s/d;31;s/d;0,29;29;83
2017-11-16;12;0,35;12;16;s/d;27;s/d;0,29;29;78
2017-11-16;13;0,37;s/d;11;s/d;32;s/d;0,29;27;23
2017-11-16;14;0,36;s/d;8;s/d;27;s/d;0,29;26;21
2017-11-16;15;s/d;s/d;7;s/d;24;s/d;0,28;36;20
2017-11-16;16;s/d;18;5;1,18;21;18;0,28;44;18
2017-11-16;17;s/d;17;4;1,16;26;18;0,28;47;19
2017-11-16;18;s/d;19;4;1,15;29;19;0,29;55;21
2017-11-16;19;0,48;23;4;1,13;35;20;0,33;63;22
2017-11-16;20;0,39;27;5;1,13;37;20;0,36;61;23
2017-11-16;21;0,4;27;5;1,09;34;21;0,39;55;24
2017-11-16;22;0,45;30;6;1,07;36;21;0,43;58;25
2017-11-16;23;0,45;27;7;1,07;33;22;0,45;46;26
2017-11-16;24;0,44;20;7;1,06;24;22;0,45;44;26
2017-11-17;1;0,44;16;8;0,95;16;22;0,45;40;27
2017-11-17;2;0,43;12;8;0,83;10;23;0,44;28;28
2017-11-17;3;0,41;7;9;0,69;10;23;0,41;26;29
2017-11-17;4;0,37;5;9;0,55;5;23;0,38;24;30
2017-11-17;5;0,34;5;9;0,42;6;24;0,36;31;32
2017-11-17;6;0,3;10;10;0,31;10;25;0,34;33;33
2017-11-17;7;0,28;14;10;0,19;15;25;0,34;31;35
2017-11-17;8;0,29;19;9;0,11;16;24;0,36;33;36
2017-11-17;9;0,31;23;9;0,13;20;24;0,38;39;37
2017-11-17;10;0,34;22;10;0,15;20;24;0,41;38;40
2017-11-17;11;0,36;21;12;0,16;16;24;0,43;38;43
2017-11-17;12;0,38;17;12;2,84;13;24;0,46;29;47
2017-11-17;13;0,43;20;18;s/d;s/d;23;0,48;32;48
2017-11-17;14;0,46;22;18;s/d;13;23;0,49;34;50
2017-11-17;15;0,48;24;19;s/d;16;22;0,5;36;52
2017-11-17;16;0,49;25;20;s/d;18;22;0,5;39;56
2017-11-17;17;0,5;27;22;s/d;22;23;0,5;44;59
2017-11-17;18;0,51;29;23;s/d;34;22;0,52;44;59
2017-11-17;19;0,51;25;25;0,49;40;23;0,52;34;60
2017-11-17;20;0,51;17;28;0,5;27;24;0,5;27;61
2017-11-17;21;0,5;16;30;0,51;23;25;0,49;30;62
2017-11-17;22;0,48;14;32;0,54;23;27;0,47;27;63
2017-11-17;23;0,45;11;35;0,55;21;30;0,44;29;65
2017-11-17;24;0,42;10;36;0,59;21;32;0,42;34;65
2017-11-18;1;0,39;9;36;0,63;18;32;0,38;23;64
2017-11-18;2;0,35;8;36;0,64;16;32;0,33;22;63
2017-11-18;3;0,32;7;36;0,63;14;32;0,31;14;62
2017-11-18;4;0,31;6;36;0,62;10;32;0,31;14;61
2017-11-18;5;0,29;6;36;0,62;9;32;0,3;13;60
2017-11-18;6;0,29;9;35;0,64;13;32;0,31;25;59
2017-11-18;7;0,29;8;36;0,66;14;32;0,31;29;58
2017-11-18;8;0,29;10;36;0,66;16;33;0,32;26;57
2017-11-18;9;0,29;10;36;0,69;18;33;0,32;23;56
2017-11-18;10;0,3;8;35;0,7;17;33;0,32;21;54
2017-11-18;11;0,3;9;35;0,71;17;34;0,31;18;51
2017-11-18;12;0,31;10;34;0,73;16;34;0,31;21;48
2017-11-18;13;0,31;9;35;0,75;14;34;0,3;26;47
2017-11-18;14;0,31;8;36;0,75;15;35;0,3;24;47
2017-11-18;15;0,31;9;36;0,75;14;35;0,3;23;47
2017-11-18;16;0,3;8;36;0,73;14;34;0,29;25;45
2017-11-18;17;0,28;8;36;0,69;13;34;0,29;25;44
2017-11-18;18;0,27;8;37;0,67;16;34;0,29;27;46
2017-11-18;19;0,26;12;36;0,65;18;33;0,3;31;48
2017-11-18;20;0,25;13;35;0,65;22;32;0,3;45;46
2017-11-18;21;0,28;18;34;0,65;23;30;0,32;56;45
2017-11-18;22;0,32;23;33;0,67;29;28;0,35;56;43
2017-11-18;23;0,39;25;31;0,7;31;25;0,39;52;40
2017-11-18;24;0,48;25;31;0,74;31;24;0,45;46;40
2017-11-19;1;0,58;26;33;0,77;30;25;0,5;43;42
2017-11-19;2;0,65;22;35;0,76;22;26;0,53;43;44
2017-11-19;3;0,68;15;36;0,75;14;26;0,54;35;45
2017-11-19;4;0,68;11;36;0,71;10;26;0,54;27;46
2017-11-19;5;0,66;11;37;0,68;9;27;0,52;25;47
2017-11-19;6;0,62;9;38;0,62;7;27;0,49;26;48
2017-11-19;7;0,55;8;38;0,55;8;28;0,44;26;50
2017-11-19;8;0,47;8;39;0,47;6;28;0,4;s/d;51
2017-11-19;9;0,38;7;41;0,43;8;29;0,35;s/d;53
2017-11-19;10;0,31;7;44;0,4;9;29;s/d;s/d;54
2017-11-19;11;0,29;6;47;0,4;9;29;s/d;s/d;55
2017-11-19;12;0,28;8;48;0,43;9;30;s/d;s/d;56
2017-11-19;13;0,27;7;49;0,44;12;30;s/d;s/d;57
2017-11-19;14;0,27;7;48;0,46;12;30;s/d;s/d;57
2017-11-19;15;0,26;8;48;0,48;12;30;s/d;s/d;58
2017-11-19;16;0,26;8;47;0,51;14;31;s/d;s/d;62
2017-11-19;17;0,26;8;46;0,53;14;31;s/d;s/d;65
2017-11-19;18;0,27;8;45;0,55;18;32;s/d;s/d;72
2017-11-19;19;0,27;8;45;0,58;20;32;s/d;s/d;75
2017-11-19;20;0,28;11;43;0,6;23;32;s/d;s/d;75
2017-11-19;21;0,3;13;43;0,63;22;33;s/d;s/d;76
2017-11-19;22;0,3;13;43;0,66;20;33;s/d;s/d;76
2017-11-19;23;0,31;13;42;0,68;20;33;s/d;s/d;76
2017-11-19;24;0,33;14;41;0,67;18;33;s/d;s/d;76
2017-11-20;1;0,34;12;40;0,7;20;33;s/d;s/d;75
2017-11-20;2;0,34;9;43;0,74;19;33;s/d;s/d;74
2017-11-20;3;0,36;13;43;0,72;13;33;s/d;s/d;73
2017-11-20;4;0,37;10;44;0,68;10;34;s/d;s/d;74
2017-11-20;5;0,38;11;43;0,65;8;34;s/d;s/d;73
2017-11-20;6;0,38;5;43;0,62;4;34;s/d;s/d;73
2017-11-20;7;0,38;6;43;0,59;5;34;s/d;s/d;73
2017-11-20;8;0,36;6;43;0,57;6;34;s/d;s/d;74
2017-11-20;9;0,36;6;41;0,52;7;34;s/d;s/d;74
2017-11-20;10;0,36;7;38;0,47;6;33;s/d;s/d;74
2017-11-20;11;0,34;7;34;0,46;7;32;s/d;s/d;72
2017-11-20;12;0,34;9;33;0,47;8;31;s/d;s/d;70
2017-11-20;13;0,35;12;31;0,46;s/d;31;s/d;s/d;70
2017-11-20;14;0,38;13;31;0,46;s/d;31;s/d;s/d;69
2017-11-20;15;0,41;14;30;s/d;s/d;31;s/d;s/d;65
2017-11-20;16;0,43;14;29;s/d;s/d;31;s/d;s/d;58
2017-11-20;17;0,46;13;29;s/d;s/d;31;s/d;s/d;51
2017-11-20;18;0,48;15;27;s/d;s/d;31;s/d;s/d;40
2017-11-20;19;0,51;19;26;s/d;s/d;s/d;s/d;s/d;33
2017-11-20;20;0,56;25;26;s/d;s/d;s/d;s/d;s/d;33
2017-11-20;21;0,62;27;25;s/d;s/d;s/d;s/d;s/d;32
2017-11-20;22;0,68;25;25;s/d;s/d;s/d;s/d;s/d;32
2017-11-20;23;0,75;22;25;s/d;s/d;s/d;s/d;s/d;33
2017-11-20;24;0,83;25;26;s/d;s/d;s/d;s/d;s/d;33
2017-11-21;1;0,89;24;26;s/d;s/d;s/d;s/d;s/d;33
2017-11-21;2;0,88;8;22;s/d;s/d;s/d;s/d;s/d;33
2017-11-21;3;0,84;7;22;s/d;s/d;s/d;s/d;s/d;33
2017-11-21;4;0,78;5;22;s/d;s/d;s/d;s/d;s/d;32
2017-11-21;5;0,7;6;21;s/d;s/d;s/d;s/d;s/d;32
2017-11-21;6;0,61;10;21;s/d;s/d;s/d;s/d;s/d;31
2017-11-21;7;0,53;18;20;s/d;s/d;s/d;s/d;s/d;29
2017-11-21;8;0,47;21;20;s/d;s/d;s/d;s/d;s/d;28
2017-11-21;9;0,42;20;20;s/d;s/d;s/d;s/d;s/d;25
2017-11-21;10;0,42;15;20;s/d;s/d;s/d;s/d;31;25
2017-11-21;11;0,43;13;20;s/d;s/d;s/d;s/d;36;25
2017-11-21;12;0,44;14;21;s/d;20;s/d;s/d;31;25
2017-11-21;13;0,45;14;21;s/d;16;s/d;s/d;29;26
2017-11-21;14;0,45;15;21;s/d;15;s/d;s/d;30;27
2017-11-21;15;0,44;17;21;s/d;16;s/d;0,3;30;27
2017-11-21;16;0,4;17;21;s/d;18;s/d;0,3;31;29
2017-11-21;17;0,37;17;22;0,72;22;s/d;0,31;34;30
2017-11-21;18;0,36;19;23;0,72;19;s/d;0,32;37;32
2017-11-21;19;0,37;25;23;0,75;21;s/d;0,32;33;34
2017-11-21;20;0,38;19;24;0,75;22;s/d;0,34;33;35
2017-11-21;21;0,38;15;24;0,78;23;s/d;0,35;32;34
2017-11-21;22;0,39;15;23;0,8;25;s/d;0,36;33;34
2017-11-21;23;0,4;13;22;0,81;21;s/d;0,37;28;33
2017-11-21;24;0,41;13;20;0,81;17;s/d;0,36;30;32
2017-11-22;1;0,41;13;19;0,77;12;s/d;0,36;29;31
2017-11-22;2;0,41;11;18;0,73;10;s/d;0,35;26;31
2017-11-22;3;0,4;8;18;0,67;10;s/d;0,34;31;31
2017-11-22;4;0,38;6;17;0,62;7;s/d;0,33;32;31
2017-11-22;5;0,37;8;17;0,56;6;21;0,32;34;31
2017-11-22;6;0,36;10;17;0,51;9;20;0,32;31;32
2017-11-22;7;0,36;15;17;0,49;12;20;0,33;34;33
2017-11-22;8;0,37;16;17;0,48;13;19;0,35;31;34
2017-11-22;9;0,39;17;16;0,51;12;19;0,37;29;35
2017-11-22;10;0,4;15;17;0,54;13;19;0,39;32;37
2017-11-22;11;0,42;16;17;0,58;14;19;0,4;27;38
2017-11-22;12;0,43;16;17;0,63;15;19;0,42;30;40
2017-11-22;13;0,45;17;18;0,67;13;19;0,44;28;41
2017-11-22;14;0,46;17;18;0,7;13;18;0,45;s/d;42
2017-11-22;15;0,46;18;18;0,73;16;19;0,46;s/d;42
2017-11-22;16;0,46;21;18;0,75;17;20;0,46;s/d;43
2017-11-22;17;0,46;25;19;0,78;21;21;0,45;s/d;44
2017-11-22;18;0,47;24;20;0,8;24;22;0,44;s/d;44
2017-11-22;19;0,48;26;21;0,82;26;22;0,45;s/d;44
2017-11-22;20;0,51;27;21;0,82;32;22;0,46;s/d;45
2017-11-22;21;0,53;29;21;0,84;37;22;0,47;s/d;46
2017-11-22;22;0,57;32;22;0,86;36;23;0,48;s/d;47
2017-11-22;23;0,58;25;23;0,85;28;23;0,47;s/d;48
2017-11-22;24;0,57;15;24;0,83;15;24;0,44;s/d;48
2017-11-23;1;0,54;12;26;0,79;12;24;0,41;s/d;49
2017-11-23;2;0,51;8;27;0,74;9;24;0,37;s/d;50
2017-11-23;3;0,46;6;27;0,67;8;24;0,33;s/d;50
2017-11-23;4;0,42;6;27;0,62;6;24;0,28;s/d;51
2017-11-23;5;0,36;6;28;0,55;5;24;0,22;s/d;51
2017-11-23;6;0,31;11;28;0,49;9;25;0,18;s/d;51
2017-11-23;7;0,28;19;29;0,45;14;25;0,16;s/d;51
2017-11-23;8;0,29;22;29;0,43;19;26;0,17;s/d;50
2017-11-23;9;0,31;21;30;0,44;22;27;0,2;s/d;50
2017-11-23;10;0,35;22;31;0,46;23;28;0,22;s/d;51
2017-11-23;11;0,38;23;33;0,48;22;29;0,25;s/d;52
2017-11-23;12;0,42;23;35;0,5;25;32;0,28;s/d;53
2017-11-23;13;0,46;26;37;0,54;28;33;0,31;s/d;53
2017-11-23;14;0,51;28;38;0,57;25;36;0,34;s/d;54
2017-11-23;15;0,54;33;40;0,6;36;38;0,37;s/d;55
2017-11-23;16;0,54;35;42;0,63;36;39;0,39;s/d;57
2017-11-23;17;0,55;34;45;0,67;40;40;0,41;s/d;59
2017-11-23;18;0,57;35;46;0,72;46;41;0,45;s/d;60
2017-11-23;19;0,59;36;47;0,8;50;41;0,51;s/d;60
2017-11-23;20;0,64;36;48;0,87;49;43;0,54;s/d;61
2017-11-23;21;0,62;13;53;0,88;23;47;0,51;s/d;67
2017-11-23;22;0,59;11;60;0,9;21;54;0,47;s/d;76
2017-11-23;23;0,56;10;61;0,89;19;56;0,42;s/d;78
2017-11-23;24;0,54;8;62;0,87;18;57;0,35;s/d;79
2017-11-24;1;0,5;7;62;0,84;16;59;0,29;s/d;80
2017-11-24;2;0,46;8;62;0,78;12;59;0,22;s/d;80
2017-11-24;3;0,4;7;62;0,7;12;60;0,13;s/d;80
2017-11-24;4;0,33;5;63;0,6;11;61;0,06;s/d;81
2017-11-24;5;0,31;6;64;0,56;14;62;0,06;s/d;81
2017-11-24;6;0,31;11;64;0,53;15;63;0,06;s/d;81
2017-11-24;7;0,31;16;65;0,52;20;64;0,08;s/d;81
2017-11-24;8;0,34;17;66;0,55;25;65;0,1;s/d;81
2017-11-24;9;0,37;14;66;0,58;26;66;0,11;s/d;81
2017-11-24;10;0,39;14;66;0,6;22;66;0,12;s/d;80
2017-11-24;11;0,41;12;65;0,64;25;66;0,13;s/d;79
2017-11-24;12;0,43;15;63;0,72;28;65;0,14;s/d;77
2017-11-24;13;0,45;s/d;62;0,79;27;64;0,31;s/d;79
2017-11-24;14;0,45;s/d;61;0,85;29;63;0,34;s/d;79
2017-11-24;15;0,45;17;59;0,93;33;62;0,37;s/d;79
2017-11-24;16;0,43;18;58;0,96;33;60;0,39;s/d;79
2017-11-24;17;0,41;17;55;0,93;25;59;0,41;s/d;79
2017-11-24;18;0,42;23;54;0,91;20;59;0,45;s/d;79
2017-11-24;19;0,42;21;53;0,89;26;59;0,51;s/d;79
2017-11-24;20;0,43;25;52;0,83;27;58;0,54;s/d;79
2017-11-24;21;0,44;24;47;0,8;30;54;0,51;s/d;79
2017-11-24;22;0,47;20;40;0,78;30;47;0,47;s/d;79
2017-11-24;23;0,49;17;39;0,71;24;46;0,42;s/d;79
2017-11-24;24;0,5;14;38;0,67;21;45;0,35;s/d;79
2017-11-25;1;0,51;13;37;0,66;20;44;0,31;s/d;79
2017-11-25;2;0,5;11;37;0,68;17;44;0,26;s/d;79
2017-11-25;3;0,49;10;36;0,67;18;43;0,19;s/d;79
2017-11-25;4;0,47;9;36;0,67;16;43;0,14;s/d;79
2017-11-25;5;0,45;10;35;0,64;14;42;0,14;s/d;78
2017-11-25;6;0,43;12;35;0,6;11;42;0,16;s/d;78
2017-11-25;7;0,41;11;33;0,58;10;41;0,18;s/d;77
2017-11-25;8;0,38;9;32;0,56;13;40;0,2;s/d;76
2017-11-25;9;0,33;9;31;0,54;10;38;0,2;s/d;76
2017-11-25;10;0,31;11;31;0,52;12;37;0,2;s/d;74
2017-11-25;11;0,3;s/d;30;0,51;13;36;0,2;s/d;72
2017-11-25;12;s/d;s/d;30;0,5;12;35;0,21;s/d;69
2017-11-25;13;s/d;s/d;29;0,5;14;34;0,21;s/d;67
2017-11-25;14;s/d;s/d;28;0,5;8;33;0,21;s/d;65
2017-11-25;15;s/d;s/d;28;0,51;17;31;0,22;s/d;62
2017-11-25;16;s/d;s/d;27;0,53;22;30;0,22;s/d;59
2017-11-25;17;s/d;s/d;s/d;0,55;23;29;0,23;s/d;56
2017-11-25;18;s/d;s/d;s/d;0,58;32;29;0,24;s/d;55
2017-11-25;19;s/d;s/d;s/d;0,6;23;29;0,25;s/d;54
2017-11-25;20;s/d;s/d;s/d;0,62;22;28;0,27;s/d;52
2017-11-25;21;s/d;s/d;s/d;0,66;29;27;0,28;s/d;46
2017-11-25;22;s/d;s/d;s/d;0,71;25;26;0,29;s/d;35
2017-11-25;23;s/d;s/d;s/d;0,74;21;26;0,31;s/d;32
2017-11-25;24;s/d;s/d;s/d;0,75;22;26;0,32;s/d;31
2017-11-26;1;s/d;s/d;s/d;0,74;19;25;0,31;s/d;30
2017-11-26;2;s/d;17;s/d;0,71;17;25;0,31;s/d;31
2017-11-26;3;s/d;16;s/d;0,7;18;25;0,31;s/d;31
2017-11-26;4;s/d;15;s/d;0,68;11;25;0,31;s/d;31
2017-11-26;5;s/d;s/d;s/d;0,64;8;24;0,3;s/d;31
2017-11-26;6;s/d;s/d;s/d;0,6;9;24;0,3;s/d;31
2017-11-26;7;s/d;s/d;s/d;0,56;11;24;0,29;s/d;31
2017-11-26;8;s/d;s/d;s/d;0,52;7;24;0,29;s/d;31
2017-11-26;9;s/d;s/d;s/d;0,51;9;23;0,28;s/d;30
2017-11-26;10;s/d;s/d;s/d;0,5;9;23;0,28;s/d;29
2017-11-26;11;s/d;s/d;s/d;0,5;10;23;0,28;s/d;29
2017-11-26;12;s/d;s/d;s/d;0,49;7;22;0,28;s/d;29
2017-11-26;13;s/d;s/d;s/d;0,49;6;22;0,29;s/d;28
2017-11-26;14;s/d;s/d;s/d;0,49;6;22;0,28;s/d;29
2017-11-26;15;s/d;s/d;s/d;0,48;7;22;0,28;s/d;29
2017-11-26;16;s/d;s/d;s/d;0,48;12;22;0,28;s/d;28
2017-11-26;17;s/d;s/d;s/d;0,48;13;22;0,28;s/d;27
2017-11-26;18;s/d;s/d;s/d;0,48;12;21;0,28;s/d;26
2017-11-26;19;s/d;s/d;s/d;0,47;13;20;0,29;s/d;26
2017-11-26;20;s/d;s/d;s/d;0,48;18;20;0,32;s/d;27
2017-11-26;21;s/d;s/d;s/d;0,5;28;20;0,36;s/d;28
2017-11-26;22;s/d;s/d;s/d;0,54;38;20;0,41;s/d;27
2017-11-26;23;s/d;s/d;s/d;0,57;28;20;0,45;s/d;28
2017-11-26;24;s/d;s/d;s/d;0,6;27;20;0,47;s/d;28
2017-11-27;1;s/d;s/d;s/d;0,61;19;20;0,48;s/d;28
2017-11-27;2;s/d;s/d;s/d;0,61;14;19;0,47;s/d;28
2017-11-27;3;s/d;s/d;s/d;0,6;9;19;0,44;s/d;27
2017-11-27;4;s/d;s/d;s/d;0,58;7;18;0,39;s/d;27
2017-11-27;5;s/d;s/d;s/d;0,55;10;18;0,33;s/d;27
2017-11-27;6;s/d;s/d;s/d;0,51;20;19;0,28;s/d;30
2017-11-27;7;s/d;s/d;s/d;0,51;25;20;0,23;s/d;32
2017-11-27;8;s/d;s/d;s/d;0,52;23;22;0,19;s/d;36
2017-11-27;9;s/d;11;s/d;0,56;24;25;0,17;s/d;41
2017-11-27;10;s/d;11;s/d;0,6;24;27;0,15;s/d;44
2017-11-27;11;s/d;s/d;s/d;0,66;27;29;0,14;s/d;47
2017-11-27;12;s/d;s/d;s/d;0,75;24;31;0,14;s/d;51
2017-11-27;13;s/d;s/d;s/d;0,8;s/d;32;0,29;s/d;28
2017-11-27;14;s/d;s/d;s/d;0,85;26;35;0,28;s/d;29
2017-11-27;15;s/d;s/d;s/d;0,92;29;35;0,28;s/d;29
2017-11-27;16;s/d;10;s/d;0,97;25;37;0,28;s/d;28
2017-11-27;17;s/d;10;s/d;0,96;16;39;0,28;s/d;27
2017-11-27;18;s/d;10;s/d;0,94;15;41;0,28;s/d;26
2017-11-27;19;s/d;11;s/d;0,91;15;42;0,29;s/d;26
2017-11-27;20;s/d;13;s/d;0,82;17;43;0,32;s/d;27
2017-11-27;21;0,39;11;s/d;0,79;17;44;0,36;s/d;28
2017-11-27;22;0,39;11;s/d;0,76;14;45;0,41;s/d;27
2017-11-27;23;0,4;11;s/d;0,67;12;46;0,45;s/d;28
2017-11-27;24;0,37;10;s/d;0,59;13;47;0,47;s/d;28
2017-11-28;1;0,38;s/d;s/d;0,55;14;47;0,48;s/d;28
2017-11-28;2;0,38;s/d;s/d;0,53;11;47;0,47;s/d;28
2017-11-28;3;0,38;s/d;s/d;0,52;13;48;0,44;s/d;27
2017-11-28;4;0,37;s/d;s/d;0,53;19;49;0,39;s/d;27
2017-11-28;5;0,35;s/d;s/d;0,54;21;50;0,33;s/d;27
2017-11-28;6;0,34;12;s/d;0,56;22;49;0,28;s/d;30
2017-11-28;7;0,35;16;s/d;0,6;24;48;0,23;s/d;32
2017-11-28;8;0,36;15;s/d;0,62;19;47;0,19;s/d;36
2017-11-28;9;0,36;10;s/d;0,63;18;45;0,17;s/d;41
2017-11-28;10;0,37;9;s/d;0,63;14;43;0,15;s/d;44
2017-11-28;11;0,38;9;s/d;0,64;17;42;0,14;s/d;47
2017-11-28;12;0,38;8;s/d;0,66;18;41;0,14;s/d;51
2017-11-28;13;0,38;11;s/d;0,66;s/d;41;0,13;s/d;53
2017-11-28;14;0,37;12;22;0,65;s/d;39;0,12;s/d;56
2017-11-28;15;0,35;11;23;s/d;s/d;39;0,11;s/d;58
2017-11-28;16;0,31;11;24;s/d;s/d;39;0,11;s/d;59
2017-11-28;17;0,3;14;25;s/d;s/d;37;0,11;s/d;62
2017-11-28;18;0,29;13;26;s/d;s/d;36;0,13;s/d;67
2017-11-28;19;0,28;14;26;s/d;s/d;s/d;0,14;s/d;70
2017-11-28;20;0,28;16;26;s/d;s/d;s/d;0,16;s/d;71
2017-11-28;21;0,29;16;27;s/d;s/d;s/d;0,16;s/d;72
2017-11-28;22;0,31;15;27;s/d;s/d;s/d;0,16;s/d;73
2017-11-28;23;0,32;13;28;s/d;s/d;s/d;0,16;s/d;73
2017-11-28;24;0,34;11;28;s/d;s/d;s/d;0,16;s/d;73
2017-11-29;1;0,34;s/d;28;s/d;s/d;s/d;0,16;s/d;73
2017-11-29;2;0,35;s/d;29;s/d;s/d;s/d;0,17;s/d;73
2017-11-29;3;0,35;s/d;29;s/d;s/d;s/d;0,16;s/d;74
2017-11-29;4;0,34;s/d;29;s/d;s/d;s/d;0,16;s/d;74
2017-11-29;5;0,33;s/d;29;s/d;s/d;s/d;0,19;s/d;74
2017-11-29;6;0,32;6;29;s/d;s/d;s/d;0,22;s/d;71
2017-11-29;7;0,32;9;29;s/d;s/d;s/d;0,26;s/d;69
2017-11-29;8;0,33;10;28;s/d;s/d;s/d;0,29;s/d;67
2017-11-29;9;0,34;10;29;s/d;s/d;s/d;0,32;s/d;63
2017-11-29;10;0,35;9;29;s/d;s/d;s/d;0,33;s/d;61
2017-11-29;11;0,36;12;29;s/d;s/d;s/d;0,35;s/d;58
2017-11-29;12;0,37;14;29;s/d;s/d;s/d;0,38;s/d;55
2017-11-29;13;0,37;12;29;s/d;s/d;s/d;0,25;s/d;49
2017-11-29;14;0,37;14;29;s/d;s/d;s/d;0,26;s/d;50
2017-11-29;15;0,37;13;29;s/d;s/d;s/d;0,26;s/d;51
2017-11-29;16;0,35;13;29;s/d;25;s/d;s/d;s/d;52
2017-11-29;17;0,34;17;29;s/d;27;s/d;s/d;s/d;49
2017-11-29;18;0,33;22;29;s/d;30;s/d;s/d;s/d;43
2017-11-29;19;0,34;25;29;s/d;27;s/d;s/d;33;42
2017-11-29;20;0,35;23;29;s/d;20;s/d;s/d;29;41
2017-11-29;21;0,35;20;29;1,25;18;s/d;s/d;23;42
2017-11-29;22;0,36;17;29;1,2;21;s/d;s/d;24;41
2017-11-29;23;0,37;18;29;1,17;23;s/d;0,38;27;41
2017-11-29;24;0,37;17;28;1,11;25;s/d;0,38;23;41
2017-11-30;1;0,37;15;28;0,99;15;s/d;0,41;12;41
2017-11-30;2;0,34;11;28;0,86;11;s/d;0,44;11;40
2017-11-30;3;0,32;5;28;0,73;12;s/d;0,46;9;40
2017-11-30;4;0,3;4;28;0,65;11;s/d;0,49;8;40
2017-11-30;5;0,28;5;28;0,6;11;s/d;0,52;9;40
2017-11-30;6;0,26;7;27;0,53;12;s/d;0,56;15;39
2017-11-30;7;0,25;8;27;0,46;15;s/d;0,61;20;39
2017-11-30;8;0,25;11;26;0,42;16;s/d;0,66;18;39
2017-11-30;9;0,26;10;26;0,41;16;26;0,67;19;38
2017-11-30;10;0,28;9;26;0,42;14;26;0,68;20;39
2017-11-30;11;0,3;9;26;0,44;12;26;0,69;19;39
2017-11-30;12;0,31;10;25;0,47;17;26;0,7;18;38
2017-11-30;13;0,33;s/d;24;0,51;15;26;0,71;18;36
2017-11-30;14;0,33;s/d;23;0,55;20;26;0,71;17;35
2017-11-30;15;0,33;16;22;0,61;22;26;0,72;23;33
2017-11-30;16;0,3;20;22;0,66;21;26;0,72;21;33
2017-11-30;17;0,27;19;22;0,73;25;25;0,72;23;33
2017-11-30;18;0,25;22;22;0,84;27;24;0,73;18;35
2017-11-30;19;0,26;23;21;0,87;19;25;0,74;18;37
2017-11-30;20;0,31;23;20;0,88;19;25;0,75;18;37
2017-11-30;21;0,34;23;19;0,88;20;25;0,76;17;37
2017-11-30;22;0,38;21;19;0,88;22;26;0,77;20;37
2017-11-30;23;0,42;18;18;0,88;23;26;0,76;21;36
2017-11-30;24;0,47;14;19;0,84;16;26;0,75;14;35
2017-12-01;1;0,51;12;20;0,77;15;26;0,71;9;35
2017-12-01;2;0,53;10;20;0,66;8;26;0,67;9;36
2017-12-01;3;0,52;5;20;0,61;8;26;0,63;8;36
2017-12-01;4;0,5;4;20;0,58;8;26;0,59;8;36
2017-12-01;5;0,47;4;20;0,54;6;26;0,55;8;36
2017-12-01;6;0,44;6;20;0,49;9;25;0,52;14;36
2017-12-01;7;0,43;9;20;0,44;11;25;0,5;17;36
2017-12-01;8;0,42;10;20;0,42;13;25;0,48;17;35
2017-12-01;9;0,43;10;20;0,41;13;25;0,49;18;35
2017-12-01;10;0,45;10;20;0,42;12;25;0,5;19;34
2017-12-01;11;0,46;12;19;0,45;17;24;0,52;19;34
2017-12-01;12;0,48;12;19;0,51;18;24;0,53;17;35
2017-12-01;13;0,5;11;19;0,53;s/d;s/d;0,56;18;36
2017-12-01;14;0,52;13;19;0,56;s/d;s/d;0,57;19;38
2017-12-01;15;0,53;13;19;s/d;s/d;s/d;0,57;23;39
2017-12-01;16;0,54;11;19;s/d;s/d;s/d;0,58;19;44
2017-12-01;17;0,54;16;18;s/d;s/d;s/d;0,58;17;45
2017-12-01;18;0,54;15;18;s/d;s/d;s/d;0,6;22;44
2017-12-01;19;0,56;16;19;s/d;s/d;s/d;0,61;21;44
2017-12-01;20;0,57;13;20;s/d;s/d;s/d;0,61;17;44
2017-12-01;21;0,58;15;21;s/d;s/d;s/d;0,59;15;44
2017-12-01;22;0,6;16;22;s/d;s/d;s/d;0,58;15;44
2017-12-01;23;0,61;14;23;s/d;s/d;s/d;0,57;13;44
2017-12-01;24;0,61;14;23;s/d;s/d;s/d;0,56;13;46
2017-12-02;1;0,61;12;23;s/d;s/d;s/d;0,56;14;46
2017-12-02;2;0,6;9;22;s/d;s/d;s/d;0,53;11;46
2017-12-02;3;0,58;8;22;s/d;s/d;s/d;0,51;10;46
2017-12-02;4;0,55;6;22;s/d;s/d;s/d;0,51;10;46
2017-12-02;5;0,52;6;22;s/d;s/d;s/d;0,5;7;46
2017-12-02;6;0,48;9;22;s/d;s/d;s/d;0,49;10;46
2017-12-02;7;0,46;7;22;s/d;s/d;s/d;0,49;11;46
2017-12-02;8;0,44;7;22;s/d;s/d;s/d;0,49;12;46
2017-12-02;9;0,43;9;22;s/d;s/d;s/d;0,49;12;46
2017-12-02;10;0,43;10;22;s/d;s/d;s/d;0,48;10;47
2017-12-02;11;0,44;11;22;s/d;s/d;s/d;0,48;12;50
2017-12-02;12;0,46;14;22;s/d;s/d;s/d;0,48;13;53
2017-12-02;13;0,48;12;25;s/d;s/d;s/d;0,49;19;55
2017-12-02;14;0,5;12;25;s/d;s/d;s/d;0,51;17;57
2017-12-02;15;0,51;12;25;s/d;s/d;s/d;0,52;17;60
2017-12-02;16;0,53;14;25;s/d;s/d;s/d;0,52;17;58
2017-12-02;17;0,53;9;25;s/d;s/d;s/d;0,53;16;59
2017-12-02;18;0,54;13;24;s/d;s/d;s/d;0,54;15;62
2017-12-02;19;0,53;13;24;s/d;s/d;s/d;0,55;16;64
2017-12-02;20;0,52;10;23;s/d;s/d;s/d;0,56;14;64
2017-12-02;21;0,52;11;23;s/d;s/d;s/d;0,56;13;63
2017-12-02;22;0,52;12;23;s/d;s/d;s/d;0,56;13;63
2017-12-02;23;0,53;13;22;s/d;s/d;s/d;0,55;9;63
2017-12-02;24;0,54;14;22;s/d;s/d;s/d;0,55;12;61
2017-12-03;1;0,57;13;22;s/d;s/d;s/d;0,56;13;62
2017-12-03;2;0,59;13;22;s/d;s/d;s/d;0,57;10;62
2017-12-03;3;0,61;12;23;s/d;s/d;s/d;0,57;11;63
2017-12-03;4;0,63;11;23;s/d;s/d;s/d;0,57;12;64
2017-12-03;5;0,63;10;24;s/d;s/d;s/d;0,57;8;65
2017-12-03;6;0,62;10;25;s/d;s/d;s/d;0,56;10;65
2017-12-03;7;0,61;9;25;s/d;s/d;s/d;0,56;10;66
2017-12-03;8;0,59;9;26;s/d;s/d;s/d;0,55;9;66
2017-12-03;9;0,57;8;27;s/d;s/d;s/d;0,54;10;65
2017-12-03;10;0,55;8;27;s/d;s/d;s/d;0,54;12;65
2017-12-03;11;0,53;8;28;s/d;s/d;s/d;0,53;12;62
2017-12-03;12;0,51;9;29;s/d;s/d;s/d;0,52;9;58
2017-12-03;13;0,53;9;26;s/d;s/d;s/d;0,53;8;57
2017-12-03;14;0,55;9;25;s/d;s/d;s/d;0,55;10;53
2017-12-03;15;0,57;9;25;s/d;s/d;s/d;0,56;9;47
2017-12-03;16;0,57;8;25;s/d;s/d;s/d;0,57;9;43
2017-12-03;17;0,58;9;24;s/d;s/d;s/d;0,58;11;40
2017-12-03;18;0,59;10;24;s/d;s/d;s/d;0,57;11;33
2017-12-03;19;0,6;9;24;s/d;s/d;s/d;0,57;10;30
2017-12-03;20;0,6;9;24;s/d;s/d;s/d;0,56;9;28
2017-12-03;21;0,57;9;23;s/d;s/d;s/d;0,57;9;28
2017-12-03;22;0,55;8;24;s/d;s/d;s/d;0,58;10;27
2017-12-03;23;0,53;9;23;s/d;s/d;s/d;0,6;10;27
2017-12-03;24;0,52;9;23;s/d;s/d;s/d;0,62;11;27
2017-12-04;1;0,5;8;22;s/d;s/d;s/d;0,63;10;26
2017-12-04;2;0,48;7;22;s/d;s/d;s/d;0,63;10;25
2017-12-04;3;0,46;7;21;s/d;s/d;s/d;0,62;7;24
2017-12-04;4;0,44;7;20;s/d;s/d;s/d;0,6;6;22
2017-12-04;5;0,43;8;19;s/d;s/d;s/d;0,57;6;22
2017-12-04;6;0,42;11;18;s/d;s/d;s/d;0,52;7;21
2017-12-04;7;0,41;13;18;s/d;s/d;s/d;0,48;10;20
2017-12-04;8;0,42;10;17;s/d;s/d;s/d;0,43;9;20
2017-12-04;9;0,44;10;17;s/d;s/d;s/d;0,42;12;20
2017-12-04;10;0,46;12;17;s/d;s/d;s/d;0,41;11;20
2017-12-04;11;0,47;10;17;s/d;20;s/d;0,41;16;20
2017-12-04;12;0,49;8;16;s/d;17;s/d;0,43;15;19
2017-12-04;13;0,5;8;15;s/d;14;s/d;0,44;17;16
2017-12-04;14;0,51;9;15;s/d;18;s/d;0,45;16;17
2017-12-04;15;0,51;9;16;s/d;14;s/d;0,46;16;20
2017-12-04;16;0,51;10;16;0,69;14;s/d;0,46;16;24
2017-12-04;17;0,5;9;17;0,72;19;s/d;0,46;15;25
2017-12-04;18;0,48;9;17;0,75;26;s/d;0,47;17;27
2017-12-04;19;0,48;9;18;0,8;24;s/d;0,48;16;28
2017-12-04;20;0,48;10;18;0,85;20;s/d;0,48;15;29
2017-12-04;21;0,49;12;18;0,83;13;s/d;0,47;13;30
2017-12-04;22;0,49;12;18;0,81;16;s/d;0,46;12;30
2017-12-04;23;0,49;10;18;0,77;12;s/d;0,45;13;29
2017-12-04;24;0,49;12;19;0,74;11;s/d;0,45;12;30
2017-12-05;1;0,48;8;19;0,7;10;s/d;0,45;13;30
2017-12-05;2;0,47;6;20;0,63;11;s/d;0,44;10;31
2017-12-05;3;0,46;4;20;0,54;6;s/d;0,42;7;31
2017-12-05;4;0,44;7;20;0,46;7;25;0,41;7;31
2017-12-05;5;0,43;4;20;0,44;6;24;0,41;9;32
2017-12-05;6;0,42;5;21;0,43;8;24;0,41;12;32
2017-12-05;7;0,41;7;21;0,44;10;24;0,43;14;33
2017-12-05;8;0,42;10;21;0,46;12;23;0,45;15;33
2017-12-05;9;0,43;10;21;0,48;13;23;0,46;17;33
2017-12-05;10;0,45;10;20;0,52;14;23;0,48;15;33
2017-12-05;11;0,46;9;21;0,54;14;23;0,49;17;33
2017-12-05;12;0,48;13;21;0,57;20;23;0,51;15;33
2017-12-05;13;0,51;14;21;s/d;s/d;23;0,52;15;33
2017-12-05;14;0,53;13;22;s/d;s/d;23;0,53;20;33
2017-12-05;15;0,54;13;21;s/d;18;23;0,52;13;32
2017-12-05;16;0,55;12;22;s/d;23;23;0,52;15;29
2017-12-05;17;0,56;13;22;s/d;20;23;0,51;16;28
2017-12-05;18;0,56;12;22;s/d;20;23;0,52;19;28
2017-12-05;19;0,57;15;22;0,87;25;23;0,54;25;28
2017-12-05;20;0,57;16;22;0,83;22;23;0,56;24;28
2017-12-05;21;0,56;13;22;0,79;19;23;0,57;18;28
2017-12-05;22;0,56;14;22;0,74;22;23;0,57;17;28
2017-12-05;23;0,55;12;21;0,68;16;23;0,58;15;28
2017-12-05;24;0,54;8;21;0,59;13;23;0,57;13;28
2017-12-06;1;0,52;10;21;0,51;14;22;0,57;12;28
2017-12-06;2;0,5;8;21;0,45;11;22;0,56;11;29
2017-12-06;3;0,49;7;21;0,38;9;23;0,53;8;29
2017-12-06;4;0,46;5;21;0,32;8;22;0,5;9;29
2017-12-06;5;0,45;4;21;0,26;5;22;0,48;8;28
2017-12-06;6;0,43;7;21;0,2;5;22;0,47;11;29
2017-12-06;7;0,43;9;20;0,16;7;22;0,48;14;29
2017-12-06;8;0,44;10;21;0,13;10;22;0,49;14;29
2017-12-06;9;0,46;9;20;0,12;9;22;0,5;15;29
2017-12-06;10;0,48;10;20;0,11;9;22;0,52;20;30
2017-12-06;11;0,5;9;20;0,12;10;22;0,52;20;30
2017-12-06;12;0,53;11;20;0,14;11;22;0,53;20;30
2017-12-06;13;0,56;11;19;0,17;16;21;0,44;s/d;31
2017-12-06;14;0,58;10;19;0,19;11;21;0,45;18;31
2017-12-06;15;0,59;12;19;0,23;26;20;0,46;16;30
2017-12-06;16;0,59;10;19;0,3;30;20;0,46;15;29
2017-12-06;17;0,6;14;19;0,36;32;20;0,46;23;30
2017-12-06;18;0,6;16;18;0,41;36;20;0,47;26;29
2017-12-06;19;0,61;19;18;0,46;39;20;0,48;30;29
2017-12-06;20;0,63;23;18;0,51;40;20;0,48;30;29
2017-12-06;21;0,67;26;18;0,59;36;20;0,47;23;29
2017-12-06;22;0,7;24;19;0,64;30;21;0,46;18;30
2017-12-06;23;0,72;23;20;0,65;32;21;0,45;21;30
2017-12-06;24;0,75;22;20;0,61;29;21;0,45;26;30
2017-12-07;1;0,76;16;21;0,58;19;23;0,45;18;33
2017-12-07;2;0,74;10;23;0,55;25;23;0,44;27;34
2017-12-07;3;0,71;16;22;0,5;26;22;0,42;30;33
2017-12-07;4;0,69;24;22;0,45;18;22;0,41;36;33
2017-12-07;5;0,65;23;22;0,38;35;21;0,41;31;34
2017-12-07;6;0,62;26;22;0,36;35;22;0,41;29;33
2017-12-07;7;0,61;28;23;0,34;36;22;0,43;33;33
2017-12-07;8;0,6;29;22;0,38;42;22;0,45;21;33
2017-12-07;9;0,61;30;23;0,43;43;23;0,46;23;32
2017-12-07;10;0,65;29;24;0,5;49;23;0,48;21;32
2017-12-07;11;0,67;26;25;0,56;45;24;0,49;20;32
2017-12-07;12;0,68;21;26;0,63;44;25;0,51;17;31
2017-12-07;13;0,69;21;26;0,72;49;26;0,46;16;31
2017-12-07;14;0,69;20;26;0,84;60;27;0,45;18;33
2017-12-07;15;0,69;21;28;0,93;55;28;0,44;21;34
2017-12-07;16;0,7;24;28;0,95;42;30;0,44;25;35
2017-12-07;17;0,69;22;29;0,97;36;30;0,43;25;35
2017-12-07;18;0,67;16;30;0,95;27;31;0,44;24;36
2017-12-07;19;0,65;13;30;0,95;28;31;0,45;21;35
2017-12-07;20;0,65;14;30;0,95;27;31;0,45;20;35
2017-12-07;21;0,65;14;30;0,88;24;30;0,45;18;35
2017-12-07;22;0,65;14;30;0,75;26;29;0,45;26;34
2017-12-07;23;0,64;16;30;0,66;28;29;0,46;25;34
2017-12-07;24;0,63;15;30;0,58;26;29;0,47;18;34
2017-12-08;1;0,62;21;29;0,51;26;28;0,47;16;31
2017-12-08;2;0,61;18;27;0,45;22;27;0,45;14;30
2017-12-08;3;0,6;13;28;0,38;19;28;0,45;16;31
2017-12-08;4;0,59;11;28;0,3;21;29;0,45;12;31
2017-12-08;5;0,56;10;28;0,26;11;30;0,44;16;30
2017-12-08;6;0,55;13;28;0,24;13;30;0,43;25;31
2017-12-08;7;0,54;13;28;0,21;11;29;0,41;22;30
2017-12-08;8;0,52;12;28;0,2;12;29;0,4;19;30
2017-12-08;9;0,51;13;27;0,18;12;28;0,38;19;31
2017-12-08;10;0,5;14;27;0,18;16;27;0,38;21;31
2017-12-08;11;0,51;13;27;0,19;18;26;0,37;20;30
2017-12-08;12;0,52;15;27;0,2;14;26;0,38;20;31
2017-12-08;13;0,52;16;28;0,22;15;26;0,4;20;31
2017-12-08;14;0,49;28;29;0,25;15;26;0,41;21;31
2017-12-08;15;0,46;19;30;0,28;13;25;0,43;25;30
2017-12-08;16;0,42;18;30;0,32;22;24;0,44;16;30
2017-12-08;17;0,38;20;30;0,38;16;25;0,45;15;31
2017-12-08;18;0,36;16;29;0,43;18;25;0,46;18;30
2017-12-08;19;0,36;18;29;0,47;17;24;0,47;19;29
2017-12-08;20;0,37;22;30;0,52;28;24;0,47;22;29
2017-12-08;21;0,41;24;30;0,57;26;25;0,49;24;31
2017-12-08;22;0,48;30;s/d;0,63;31;26;0,55;32;33
2017-12-08;23;0,57;28;s/d;0,66;21;27;0,59;39;34
2017-12-08;24;0,66;24;s/d;0,67;19;27;0,63;29;35
2017-12-09;1;0,74;22;s/d;0,63;21;27;0,66;24;34
2017-12-09;2;0,79;22;s/d;0,58;19;26;0,68;25;35
2017-12-09;3;0,8;21;s/d;0,53;28;26;0,71;28;35
2017-12-09;4;0,8;16;s/d;0,47;21;26;0,72;38;35
2017-12-09;5;0,78;16;s/d;0,39;18;26;0,71;33;36
2017-12-09;6;0,74;16;s/d;0,31;22;27;0,67;27;36
2017-12-09;7;0,7;20;s/d;0,26;29;28;0,63;29;37
2017-12-09;8;0,67;20;s/d;0,21;29;29;0,59;30;38
2017-12-09;9;0,65;20;s/d;0,2;32;30;0,57;26;39
2017-12-09;10;0,63;18;s/d;0,19;28;31;0,54;21;39
2017-12-09;11;0,61;19;s/d;0,18;26;32;0,5;23;40
2017-12-09;12;0,6;23;s/d;0,19;27;32;0,46;16;39
2017-12-09;13;0,56;32;s/d;0,2;22;32;0,43;12;39
2017-12-09;14;0,6;46;s/d;0,19;23;31;0,39;10;38
2017-12-09;15;0,6;11;s/d;0,19;24;31;0,35;14;38
2017-12-09;16;0,57;11;38;0,18;18;32;0,32;12;38
2017-12-09;17;0,52;13;38;0,18;20;30;0,31;17;37
2017-12-09;18;0,46;13;38;0,17;21;30;0,3;22;38
2017-12-09;19;0,4;17;38;0,17;22;32;0,29;21;40
2017-12-09;20;0,36;22;38;0,17;27;32;0,3;26;41
2017-12-09;21;0,36;24;38;0,18;28;33;0,31;31;40
2017-12-09;22;0,27;19;36;0,23;31;34;0,34;31;39
2017-12-09;23;0,25;14;35;0,26;27;35;0,35;23;40
2017-12-09;24;0,2;0;33;0,3;27;37;0,36;14;42
2017-12-10;1;0,23;9;31;0,34;22;38;0,36;9;42
2017-12-10;2;0,27;8;31;0,38;18;39;0,35;7;42
2017-12-10;3;0,31;7;30;0,41;17;39;0,35;7;42
2017-12-10;4;0,34;6;29;0,42;16;39;0,34;8;41
2017-12-10;5;0,36;9;28;0,41;14;39;0,32;7;40
2017-12-10;6;0,37;9;28;0,4;18;39;0,3;8;40
2017-12-10;7;0,37;11;27;0,38;19;38;0,29;10;39
2017-12-10;8;0,43;12;26;0,37;21;38;0,33;14;39
2017-12-10;9;0,43;17;24;0,34;21;37;0,33;9;38
2017-12-10;10;0,43;12;23;0,31;10;37;0,33;16;37
2017-12-10;11;0,44;11;23;0,3;10;37;0,35;14;37
2017-12-10;12;0,45;12;22;0,3;14;36;0,36;15;37
2017-12-10;13;0,46;9;21;0,32;16;37;0,38;13;37
2017-12-10;14;0,46;9;21;0,32;13;38;0,38;14;38
2017-12-10;15;0,44;9;21;0,34;15;38;0,38;12;39
2017-12-10;16;0,39;10;25;0,35;17;39;0,34;12;43
2017-12-10;17;0,33;9;24;0,39;20;40;0,33;12;46
2017-12-10;18;0,28;10;24;0,43;18;40;0,33;11;53
2017-12-10;19;0,23;10;24;0,48;21;41;0,32;13;64
2017-12-10;20;0,18;10;24;0,53;21;42;0,31;14;69
2017-12-10;21;0,14;11;23;0,58;22;42;0,31;15;71
2017-12-10;22;0,14;11;23;0,6;20;42;0,3;15;73
2017-12-10;23;0,17;11;24;0,6;18;42;0,29;11;80
2017-12-10;24;0,21;8;28;0,6;17;42;0,27;8;83
2017-12-11;1;0,25;6;30;0,57;13;43;0,27;7;85
2017-12-11;2;0,29;4;31;0,53;11;43;0,27;7;86
2017-12-11;3;0,33;4;33;0,46;11;44;0,26;4;86
2017-12-11;4;0,36;3;33;0,38;12;44;0,25;7;86
2017-12-11;5;0,37;4;33;0,29;10;43;0,24;10;86
2017-12-11;6;0,36;6;33;0,23;16;44;0,23;11;86
2017-12-11;7;0,36;9;32;0,21;20;45;0,24;13;86
2017-12-11;8;0,37;13;32;0,21;24;46;0,25;12;85
2017-12-11;9;0,37;10;33;0,19;s/d;47;0,26;11;85
2017-12-11;10;0,39;11;33;0,19;s/d;48;0,28;12;85
2017-12-11;11;0,42;13;33;s/d;s/d;49;0,3;16;85
2017-12-11;12;0,44;14;32;s/d;s/d;s/d;0,33;18;85
2017-12-11;13;0,47;14;31;s/d;17;s/d;0,35;16;84
2017-12-11;14;0,49;13;29;s/d;17;s/d;0,37;15;84
2017-12-11;15;0,5;12;26;s/d;16;s/d;0,4;18;82
2017-12-11;16;0,51;11;23;s/d;16;s/d;0,41;17;78
2017-12-11;17;0,52;13;24;s/d;16;s/d;0,42;15;74
2017-12-11;18;0,52;14;24;0,43;14;s/d;0,43;15;66
2017-12-11;19;0,52;17;24;0,43;17;s/d;0,44;15;55
2017-12-11;20;0,52;17;23;0,43;18;s/d;0,45;15;48
2017-12-11;21;0,51;16;24;0,4;17;s/d;0,45;15;44
2017-12-11;22;0,49;17;25;0,39;21;s/d;0,44;16;41
2017-12-11;23;0,47;14;25;0,38;18;s/d;0,43;20;32
2017-12-11;24;0,46;14;23;0,34;16;s/d;0,43;18;27
2017-12-12;1;0,43;11;22;0,31;14;s/d;0,42;13;25
2017-12-12;2;0,4;6;22;0,27;8;s/d;0,4;9;24
2017-12-12;3;0,37;9;22;0,23;6;s/d;0,38;7;24
2017-12-12;4;0,33;6;22;0,18;6;s/d;0,36;6;24
2017-12-12;5;0,31;5;23;0,16;11;s/d;0,34;7;25
2017-12-12;6;0,3;6;23;0,13;8;25;0,34;11;25
2017-12-12;7;0,29;10;23;0,1;8;25;0,33;11;26
2017-12-12;8;0,29;11;24;0,09;9;24;0,33;11;26
2017-12-12;9;0,3;12;24;0,08;10;24;0,33;11;28
2017-12-12;10;0,32;11;24;0,08;10;24;0,34;14;28
2017-12-12;11;0,34;13;24;0,09;8;24;0,36;13;29
2017-12-12;12;0,37;14;23;0,1;10;25;0,38;13;30
2017-12-12;13;0,4;14;23;0,13;18;23;0,39;14;30
2017-12-12;14;0,42;14;23;0,18;22;22;0,41;15;30
2017-12-12;15;0,44;15;24;0,26;23;22;0,42;16;30
2017-12-12;16;0,46;16;24;0,36;30;22;0,43;16;30
2017-12-12;17;0,47;18;24;0,49;35;23;0,45;21;31
2017-12-12;18;0,49;27;25;0,65;39;24;0,47;26;32
2017-12-12;19;0,5;29;25;0,8;38;24;0,5;23;32
2017-12-12;20;0,53;29;26;0,89;33;25;0,5;20;33
2017-12-12;21;0,54;32;26;0,97;32;26;0,51;24;34
2017-12-12;22;0,55;28;26;0,99;22;27;0,53;25;35
2017-12-12;23;0,54;21;26;0,98;22;28;0,52;21;35
2017-12-12;24;0,54;21;25;0,93;25;28;0,52;20;35
2017-12-13;1;0,55;26;26;0,85;28;28;0,51;19;35
2017-12-13;2;0,55;28;26;0,71;24;28;0,5;21;35
2017-12-13;3;0,53;21;26;0,57;26;28;0,49;18;35
2017-12-13;4;0,51;20;26;0,47;27;27;0,5;18;35
2017-12-13;5;0,48;21;26;0,4;27;27;0,51;19;35
2017-12-13;6;0,47;23;26;0,34;22;27;0,5;27;34
2017-12-13;7;0,46;20;26;0,27;20;27;0,51;24;34
2017-12-13;8;0,46;17;26;0,21;22;27;0,52;22;33
2017-12-13;9;0,45;17;26;0,16;29;27;0,52;19;33
2017-12-13;10;0,44;22;25;0,14;29;27;0,52;26;33
2017-12-13;11;0,46;25;26;0,14;30;28;0,5;32;33
2017-12-13;12;0,47;24;26;0,13;32;28;0,48;32;33
2017-12-13;13;0,49;27;26;0,14;27;28;0,47;37;33
2017-12-13;14;0,48;27;27;0,17;32;28;0,46;28;33
2017-12-13;15;0,46;22;29;0,19;24;29;0,45;39;34
2017-12-13;16;0,43;24;31;0,22;29;29;0,46;27;34
2017-12-13;17;0,43;35;33;0,32;56;29;0,48;32;34
2017-12-13;18;0,41;36;37;0,47;61;29;0,49;28;36
2017-12-13;19;0,38;23;45;0,57;51;34;0,51;13;43
2017-12-13;20;0,36;28;46;0,71;47;34;0,56;24;43
2017-12-13;21;0,36;38;46;0,76;45;34;0,61;34;43
2017-12-13;22;0,4;41;46;0,75;36;33;0,67;41;43
2017-12-13;23;0,45;39;46;0,82;46;33;0,73;41;44
2017-12-13;24;0,48;30;47;0,84;38;35;0,76;34;45
2017-12-14;1;0,47;22;48;0,8;28;35;0,75;26;45
2017-12-14;2;0,44;19;47;0,68;23;35;0,72;22;44
2017-12-14;3;0,42;19;47;0,61;21;35;0,7;15;44
2017-12-14;4;0,38;18;47;0,48;22;36;0,65;22;44
2017-12-14;5;0,33;16;47;0,42;19;35;0,59;14;44
2017-12-14;6;0,27;16;47;0,42;20;35;0,53;20;44
2017-12-14;7;0,22;21;47;0,37;23;36;0,48;26;44
2017-12-14;8;0,21;24;48;0,35;27;36;0,45;27;44
2017-12-14;9;0,22;25;48;0,34;32;36;0,45;25;44
2017-12-14;10;0,24;24;49;0,36;33;35;0,45;27;43
2017-12-14;11;0,26;24;49;0,39;34;35;0,46;28;43
2017-12-14;12;0,28;25;50;0,42;31;35;0,47;28;43
2017-12-14;13;0,3;27;50;0,45;30;35;0,48;28;43
2017-12-14;14;0,32;25;50;0,49;27;35;0,49;26;43
2017-12-14;15;0,33;27;49;0,51;31;35;0,47;26;42
2017-12-14;16;0,31;26;48;0,53;35;35;0,46;24;42
2017-12-14;17;0,31;28;46;0,58;41;35;0,46;28;42
2017-12-14;18;0,31;32;42;0,58;37;34;0,47;26;40
2017-12-14;19;0,32;29;35;0,59;36;29;0,46;21;32
2017-12-14;20;0,33;33;35;0,59;39;28;0,47;26;32
2017-12-14;21;0,35;35;36;0,61;42;27;0,47;35;32
2017-12-14;22;0,37;36;37;0,68;43;29;0,49;37;32
2017-12-14;23;0,4;36;37;0,75;42;29;0,52;36;32
2017-12-14;24;0,42;32;40;0,74;36;28;0,54;36;31
2017-12-15;1;0,44;34;42;0,74;39;28;0,55;33;32
2017-12-15;2;0,46;34;43;0,74;38;29;0,57;34;33
2017-12-15;3;0,49;34;45;0,73;37;30;0,63;35;34
2017-12-15;4;0,49;31;46;0,72;33;31;0,64;34;34
2017-12-15;5;0,47;30;47;0,68;31;31;0,63;31;35
2017-12-15;6;0,46;30;48;0,6;33;32;0,65;33;36
2017-12-15;7;0,45;34;50;0,53;38;32;0,67;37;36
2017-12-15;8;0,47;39;51;0,53;45;33;0,71;42;37
2017-12-15;9;0,46;39;50;0,5;44;33;0,73;41;37
2017-12-15;10;0,46;41;51;0,48;41;33;0,73;42;39
2017-12-15;11;0,41;s/d;51;0,46;33;35;0,72;56;40
2017-12-15;12;0,42;s/d;52;0,45;22;36;0,72;54;42
2017-12-15;13;0,44;23;52;0,44;23;36;0,73;42;43
2017-12-15;14;0,45;19;52;0,42;14;36;0,7;26;43
2017-12-15;15;0,44;22;51;0,38;28;36;0,65;26;43
2017-12-15;16;0,42;20;50;0,33;33;36;0,58;26;42
2017-12-15;17;0,4;20;49;0,28;33;36;0,55;29;42
2017-12-15;18;0,4;22;49;0,25;20;36;0,52;30;42
2017-12-15;19;0,43;23;48;0,23;21;36;0,5;35;42
2017-12-15;20;0,45;30;48;0,23;32;36;0,51;37;44
2017-12-15;21;0,5;37;47;0,27;43;36;0,56;47;44
2017-12-15;22;0,58;45;47;0,31;44;35;0,62;48;44
2017-12-15;23;0,62;41;46;0,34;40;34;0,66;49;44
2017-12-15;24;0,66;36;44;0,36;27;33;0,69;46;44
2017-12-16;1;0,69;33;41;0,38;26;33;0,72;43;45
2017-12-16;2;0,7;27;40;0,4;30;33;0,74;24;45
2017-12-16;3;0,7;21;39;0,41;13;32;0,72;33;44
2017-12-16;4;0,67;19;38;0,4;12;31;0,69;38;44
2017-12-16;5;0,61;18;37;0,38;11;30;0,64;37;44
2017-12-16;6;0,52;18;35;0,36;11;29;0,58;38;44
2017-12-16;7;0,46;19;34;0,37;17;29;0,55;36;45
2017-12-16;8;0,41;19;33;0,39;16;28;0,52;33;45
2017-12-16;9;0,37;19;33;0,41;17;28;0,48;32;45
2017-12-16;10;0,35;18;32;0,44;14;27;0,46;28;45
2017-12-16;11;0,35;17;32;0,48;16;26;0,45;24;45
2017-12-16;12;0,36;20;32;0,51;17;25;0,44;28;45
2017-12-16;13;0,39;24;33;0,54;19;24;0,45;29;46
2017-12-16;14;0,41;22;33;0,57;15;24;0,45;26;46
2017-12-16;15;0,41;26;34;0,57;15;25;0,45;26;46
2017-12-16;16;0,45;26;33;0,59;21;24;0,47;26;47
2017-12-16;17;0,45;14;33;0,58;20;23;0,48;21;46
2017-12-16;18;0,45;11;33;0,56;23;23;0,49;16;45
2017-12-16;19;0,45;12;34;0,54;27;22;0,5;16;44
2017-12-16;20;0,45;16;34;0,54;27;23;0,51;19;43
2017-12-16;21;0,44;17;33;0,54;16;22;0,53;27;42
2017-12-16;22;0,44;15;33;0,52;24;22;0,54;13;41
2017-12-16;23;0,44;11;31;0,52;13;22;0,53;7;43
2017-12-16;24;0,41;10;29;0,52;18;23;0,53;11;43
2017-12-17;1;0,42;14;28;0,51;15;23;0,55;24;42
2017-12-17;2;0,42;12;26;0,55;24;22;0,55;6;41
2017-12-17;3;0,43;14;25;0,53;19;22;0,55;8;40
2017-12-17;4;0,43;9;24;0,49;16;22;0,55;8;39
2017-12-17;5;0,41;8;23;0,44;9;22;0,53;11;38
2017-12-17;6;0,39;5;22;0,39;8;22;0,52;4;37
2017-12-17;7;0,36;3;22;0,34;9;21;0,5;3;35
2017-12-17;8;0,34;4;21;0,27;12;21;0,46;2;34
2017-12-17;9;0,3;3;19;0,22;8;20;0,41;2;32
2017-12-17;10;0,26;3;18;0,14;8;20;0,37;3;30
2017-12-17;11;0,23;3;16;0,09;10;19;0,33;3;27
2017-12-17;12;0,21;4;14;0,07;11;18;0,3;3;24
2017-12-17;13;0,19;4;12;0,07;13;18;0,26;4;23
2017-12-17;14;0,19;4;11;0,07;12;18;0,24;4;22
2017-12-17;15;0,19;4;10;0,07;12;18;0,24;4;20
2017-12-17;16;0,19;3;10;0,07;14;17;0,23;4;20
2017-12-17;17;0,19;4;10;0,09;12;18;0,22;5;20
2017-12-17;18;0,19;4;11;0,1;14;18;0,23;6;20
2017-12-17;19;0,19;5;11;0,13;19;19;0,23;7;20
2017-12-17;20;0,19;6;11;0,14;17;18;0,24;9;20
2017-12-17;21;0,2;9;12;0,15;19;18;0,24;10;19
2017-12-17;22;0,23;10;12;0,16;15;19;0,24;10;19
2017-12-17;23;0,26;11;12;0,16;15;18;0,24;9;17
2017-12-17;24;0,31;12;12;0,16;15;18;0,25;8;15
2017-12-18;1;0,33;11;13;0,18;11;17;0,28;9;15
2017-12-18;2;0,37;11;14;0,2;11;17;0,3;10;15
2017-12-18;3;0,36;6;15;0,18;6;18;0,32;6;15
2017-12-18;4;0,35;4;16;0,16;6;18;0,34;6;16
2017-12-18;5;0,33;3;16;0,14;6;18;0,35;6;16
2017-12-18;6;0,29;4;17;0,14;9;18;0,38;13;16
2017-12-18;7;0,25;7;17;0,14;11;19;0,41;18;17
2017-12-18;8;0,22;7;18;0,14;10;20;0,45;17;18
2017-12-18;9;0,2;7;18;0,13;13;20;0,45;15;19
2017-12-18;10;0,17;6;19;0,13;13;20;0,45;17;19
2017-12-18;11;0,18;7;19;0,15;15;21;0,46;13;21
2017-12-18;12;0,2;7;20;0,18;11;21;0,47;14;21
2017-12-18;13;0,22;7;20;0,21;13;21;0,49;15;21
2017-12-18;14;0,23;6;20;0,26;12;21;0,5;11;22
2017-12-18;15;0,23;6;20;0,29;12;21;0,5;11;22
2017-12-18;16;0,22;6;20;0,32;s/d;21;0,5;11;22
2017-12-18;17;0,22;8;20;0,36;15;21;0,51;13;22
2017-12-18;18;0,23;9;19;0,38;14;21;0,52;15;23
2017-12-18;19;0,23;11;19;0,41;20;22;0,54;17;23
2017-12-18;20;0,24;13;18;0,43;18;22;0,55;16;24
2017-12-18;21;0,24;11;18;0,43;17;22;0,55;12;24
2017-12-18;22;0,25;11;17;0,42;15;22;0,56;14;24
2017-12-18;23;0,26;11;16;0,41;16;22;0,57;19;24
2017-12-18;24;0,27;9;16;0,4;12;22;0,57;11;24
2017-12-19;1;0,27;8;15;0,36;9;22;0,54;6;24
2017-12-19;2;0,26;9;15;0,32;7;22;0,51;6;25
2017-12-19;3;0,24;5;15;0,28;5;22;0,46;5;26
2017-12-19;4;0,23;2;15;0,26;5;22;0,42;4;26
2017-12-19;5;0,21;3;15;0,25;5;22;0,39;4;26
2017-12-19;6;0,19;5;15;0,24;11;23;0,36;5;26
2017-12-19;7;0,18;7;15;0,23;13;23;0,33;12;26
2017-12-19;8;0,19;10;15;0,24;15;23;0,31;16;26
2017-12-19;9;0,21;11;16;0,24;s/d;23;0,33;16;26
2017-12-19;10;0,23;12;15;0,26;s/d;23;0,36;20;26
2017-12-19;11;0,27;13;15;s/d;s/d;23;0,38;18;26
2017-12-19;12;0,31;13;14;s/d;s/d;23;0,42;17;26
2017-12-19;13;0,35;12;14;s/d;s/d;23;0,45;17;26
2017-12-19;14;0,38;11;14;s/d;s/d;s/d;0,47;15;25
2017-12-19;15;0,39;10;14;s/d;s/d;s/d;0,48;11;24
2017-12-19;16;0,41;13;14;s/d;s/d;s/d;0,48;21;23
2017-12-19;17;0,42;17;14;s/d;s/d;s/d;0,5;24;23
2017-12-19;18;0,42;18;14;s/d;s/d;s/d;0,52;25;23
2017-12-19;19;0,42;16;14;s/d;s/d;s/d;0,53;24;23
2017-12-19;20;0,41;16;15;s/d;s/d;s/d;0,52;21;22
2017-12-19;21;0,41;18;15;s/d;s/d;s/d;0,52;22;23
2017-12-19;22;0,41;17;15;s/d;s/d;s/d;0,5;20;23
2017-12-19;23;0,42;18;16;s/d;s/d;s/d;0,5;16;23
2017-12-19;24;0,43;18;16;s/d;s/d;s/d;0,51;23;23
2017-12-20;1;0,45;19;17;s/d;s/d;s/d;0,52;24;23
2017-12-20;2;0,48;18;18;s/d;s/d;s/d;0,51;17;24
2017-12-20;3;0,46;11;18;s/d;s/d;s/d;0,48;10;23
2017-12-20;4;0,45;9;18;s/d;s/d;s/d;0,47;11;23
2017-12-20;5;0,41;7;18;s/d;s/d;s/d;0,45;13;23
2017-12-20;6;0,39;9;18;s/d;s/d;s/d;0,46;17;23
2017-12-20;7;0,39;12;18;s/d;s/d;s/d;0,49;18;24
2017-12-20;8;0,36;10;17;s/d;s/d;s/d;0,49;17;23
2017-12-20;9;0,32;12;17;s/d;s/d;s/d;0,47;17;23
2017-12-20;10;0,28;13;17;s/d;s/d;s/d;0,46;17;24
2017-12-20;11;0,29;16;17;s/d;s/d;s/d;0,48;16;24
2017-12-20;12;0,31;16;18;s/d;16;s/d;0,49;15;24
2017-12-20;13;0,33;17;18;s/d;21;s/d;0,51;16;24
2017-12-20;14;0,36;20;19;s/d;s/d;s/d;0,51;22;25
2017-12-20;15;0,37;15;20;s/d;27;s/d;0,5;15;26
2017-12-20;16;0,38;16;20;s/d;29;s/d;0,5;20;27
2017-12-20;17;0,38;15;21;s/d;31;s/d;0,5;23;27
2017-12-20;18;0,39;16;21;s/d;25;s/d;0,52;26;27
2017-12-20;19;0,41;19;22;1,15;30;s/d;0,57;27;28
2017-12-20;20;0,41;22;22;1,12;26;s/d;0,6;29;29
2017-12-20;21;0,42;23;22;1,08;28;s/d;0,61;25;29
2017-12-20;22;0,43;25;23;1,04;28;s/d;0,61;29;29
2017-12-20;23;0,44;26;23;1,03;32;s/d;0,62;26;29
2017-12-20;24;0,46;26;24;1,01;28;s/d;0,61;24;29
2017-12-21;1;0,48;25;24;0,93;24;s/d;0,61;20;29
2017-12-21;2;0,47;17;23;0,86;20;s/d;0,57;19;29
2017-12-21;3;0,44;9;22;0,76;15;s/d;0,51;11;28
2017-12-21;4;0,41;7;22;0,69;12;s/d;0,46;7;28
2017-12-21;5;0,38;6;22;0,63;15;26;0,44;7;28
2017-12-21;6;0,35;8;22;0,57;14;25;0,43;16;28
2017-12-21;7;0,32;11;22;0,52;17;25;0,43;17;28
2017-12-21;8;0,29;10;22;0,47;16;25;0,42;17;28
2017-12-21;9;0,26;11;22;0,45;17;24;0,43;18;28
2017-12-21;10;0,27;12;22;0,45;18;24;0,45;19;27
2017-12-21;11;0,29;12;22;0,46;20;24;0,46;20;27
2017-12-21;12;0,32;14;21;0,48;20;24;0,47;20;27
2017-12-21;13;0,35;14;21;0,53;27;23;1,12;s/d;28
2017-12-21;14;0,38;16;21;0,57;25;23;1,13;28;28
2017-12-21;15;0,41;17;22;0,61;25;23;1,12;30;28
2017-12-21;16;0,44;23;22;0,66;28;24;1,13;35;29
2017-12-21;17;0,48;30;22;0,7;35;25;1,13;38;29
2017-12-21;18;0,5;26;22;0,78;41;24;1,11;33;29
2017-12-21;19;0,54;35;23;0,92;45;25;1,13;40;30
2017-12-21;20;0,56;36;23;1,05;47;25;1,03;38;29
2017-12-21;21;0,61;33;24;1,34;55;25;0,47;45;29
2017-12-21;22;0,68;29;24;1,47;47;26;0,49;44;29
2017-12-21;23;0,71;28;24;1,51;37;27;0,52;42;31
2017-12-21;24;0,71;28;24;1,54;35;27;0,51;36;32
2017-12-22;1;0,68;22;24;1,52;25;27;0,52;42;31
2017-12-22;2;0,65;12;24;1,46;22;26;0,53;37;31
2017-12-22;3;0,59;12;24;1,31;16;26;0,53;30;31
2017-12-22;4;0,53;11;24;1,16;14;26;0,55;25;31
2017-12-22;5;0,45;8;24;0,84;27;26;0,56;30;31
2017-12-22;6;0,36;12;24;0,66;27;26;0,55;30;31
2017-12-22;7;0,31;18;24;0,57;19;26;0,53;32;30
2017-12-22;8;0,29;16;24;0,48;13;25;0,56;31;30
2017-12-22;9;0,28;16;23;0,44;15;25;0,57;29;31
2017-12-22;10;0,31;19;23;0,42;18;24;0,59;34;31
2017-12-22;11;0,33;15;23;0,42;17;24;0,61;32;31
2017-12-22;12;0,37;16;23;0,45;21;24;0,64;29;31
2017-12-22;13;0,4;17;23;0,47;19;25;0,66;25;31
2017-12-22;14;0,42;17;23;0,48;16;25;0,69;24;31
2017-12-22;15;0,43;14;23;0,5;26;24;0,68;24;31
2017-12-22;16;0,44;16;22;0,52;20;23;0,69;24;30
2017-12-22;17;0,45;17;22;0,53;28;22;0,7;27;30
2017-12-22;18;0,44;18;22;0,53;26;21;0,72;33;30
2017-12-22;19;0,45;21;20;0,58;41;20;0,75;35;30
2017-12-22;20;0,46;28;20;0,55;22;20;0,78;43;30
2017-12-22;21;0,5;30;19;0,54;31;19;0,83;47;32
2017-12-22;22;0,55;34;19;0,55;35;17;0,89;46;32
2017-12-22;23;0,59;32;19;0,54;30;16;1,01;41;31
2017-12-22;24;0,58;26;21;0,52;21;16;0,99;30;32
2017-12-23;1;0,57;15;21;0,53;25;17;0,97;33;33
2017-12-23;2;0,56;18;21;0,58;28;17;0,94;36;32
2017-12-23;3;0,57;26;20;0,59;40;17;0,91;38;32
2017-12-23;4;0,57;26;20;0,67;40;17;0,89;36;32
2017-12-23;5;0,51;13;20;0,68;22;17;0,83;28;32
2017-12-23;6;0,43;12;20;0,68;21;17;0,75;31;32
2017-12-23;7;0,38;23;21;0,69;27;17;0,62;38;31
2017-12-23;8;0,38;19;21;0,74;30;17;0,63;34;31
2017-12-23;9;0,36;12;21;0,75;26;18;0,61;24;31
2017-12-23;10;0,34;12;22;0,75;23;19;0,58;17;30
2017-12-23;11;0,3;11;22;0,73;26;20;0,55;17;30
2017-12-23;12;0,27;11;22;0,72;23;21;0,5;12;29
2017-12-23;13;0,28;11;23;0,76;22;21;0,48;14;28
2017-12-23;14;0,28;10;22;0,8;23;21;0,47;11;27
2017-12-23;15;0,26;8;23;0,82;19;22;0,44;10;27
2017-12-23;16;0,24;8;23;0,81;22;23;0,41;13;27
2017-12-23;17;0,24;8;23;0,8;20;23;0,4;18;27
2017-12-23;18;0,23;8;22;0,77;18;23;0,38;18;26
2017-12-23;19;0,21;8;23;0,73;16;23;0,37;17;25
2017-12-23;20;0,2;11;23;0,67;17;23;0,36;19;24
2017-12-23;21;0,19;13;23;0,61;19;23;0,35;24;22
2017-12-23;22;0,19;10;22;0,55;14;24;0,34;23;22
2017-12-23;23;0,19;11;22;0,51;14;24;0,33;27;21
2017-12-23;24;0,19;10;20;0,48;17;23;0,33;27;19
2017-12-24;1;0,19;10;20;0,46;13;23;0,31;25;18
2017-12-24;2;0,18;9;20;0,46;18;23;0,3;24;19
2017-12-24;3;0,18;9;21;0,46;19;24;0,28;20;19
2017-12-24;4;0,17;8;21;0,47;18;24;0,26;22;19
2017-12-24;5;0,16;11;21;0,47;17;24;0,25;19;20
2017-12-24;6;0,15;14;21;0,5;19;24;0,24;23;20
2017-12-24;7;0,14;12;21;0,52;21;25;0,23;21;20
2017-12-24;8;0,14;10;21;0,53;20;25;0,23;22;19
2017-12-24;9;0,13;10;20;0,53;19;24;0,23;21;19
2017-12-24;10;0,13;8;20;0,51;7;23;0,23;15;19
2017-12-24;11;0,13;5;19;0,49;5;23;0,23;18;19
2017-12-24;12;0,13;7;19;0,47;6;22;0,23;16;18
2017-12-24;13;0,13;9;19;0,45;8;21;0,23;15;18
2017-12-24;14;0,14;7;18;0,43;8;20;0,23;16;18
2017-12-24;15;0,13;6;17;0,4;9;19;0,23;15;18
2017-12-24;16;0,14;8;17;0,38;7;18;0,22;17;17
2017-12-24;17;0,14;12;16;0,36;10;18;0,22;18;17
2017-12-24;18;0,15;18;16;0,36;14;18;0,23;20;17
2017-12-24;19;0,16;23;16;0,38;9;17;0,23;24;17
2017-12-24;20;0,18;25;16;0,4;14;17;0,24;30;17
2017-12-24;21;0,23;33;17;0,44;25;17;0,27;41;17
2017-12-24;22;0,29;30;17;0,48;22;16;0,29;33;16
2017-12-24;23;0,32;21;18;0,51;12;16;0,3;10;16
2017-12-24;24;0,33;10;18;0,54;5;15;0,3;6;15
2017-12-25;1;0,33;7;18;0,54;3;15;0,3;10;16
2017-12-25;2;0,34;11;19;0,54;7;14;0,31;22;16
2017-12-25;3;0,37;18;19;0,54;16;14;0,33;29;17
2017-12-25;4;0,41;21;19;0,52;14;14;0,35;32;17
2017-12-25;5;0,38;16;19;0,48;9;14;0,33;25;17
2017-12-25;6;0,32;14;19;0,42;8;s/d;0,32;29;16
2017-12-25;7;0,3;9;19;0,38;7;s/d;0,32;23;16
2017-12-25;8;0,29;7;19;0,34;8;s/d;0,33;18;16
2017-12-25;9;0,28;7;19;0,33;6;s/d;0,33;16;16
2017-12-25;10;0,26;5;19;0,31;6;s/d;0,32;18;16
2017-12-25;11;0,22;5;19;0,3;5;s/d;0,29;16;16
2017-12-25;12;0,16;7;19;0,28;3;s/d;0,27;16;16
2017-12-25;13;0,15;8;19;0,27;5;s/d;0,27;19;16
2017-12-25;14;0,15;10;20;0,27;6;s/d;0,27;20;16
2017-12-25;15;0,15;10;20;0,27;4;s/d;0,27;17;16
2017-12-25;16;0,16;9;21;0,27;4;s/d;0,27;13;17
2017-12-25;17;0,17;8;21;0,28;6;s/d;0,28;18;17
2017-12-25;18;0,19;10;22;0,28;7;s/d;0,3;22;17
2017-12-25;19;0,2;11;22;0,28;9;s/d;0,31;25;17
2017-12-25;20;0,23;14;22;0,3;17;s/d;0,34;27;18
2017-12-25;21;0,26;17;22;0,31;19;s/d;0,38;33;18
2017-12-25;22;0,29;21;22;0,32;20;s/d;0,42;33;18
2017-12-25;23;0,32;24;22;0,34;27;s/d;0,47;35;19
2017-12-25;24;0,34;22;22;0,37;26;s/d;0,5;36;20
2017-12-26;1;0,36;19;21;0,41;20;s/d;0,58;38;21
2017-12-26;2;0,37;14;21;0,44;14;s/d;0,61;41;21
2017-12-26;3;0,36;11;21;0,47;10;s/d;0,6;32;20
2017-12-26;4;0,33;11;20;0,48;12;s/d;0,58;30;20
2017-12-26;5;0,3;11;20;0,49;9;s/d;0,54;33;20
2017-12-26;6;0,26;15;20;0,5;17;s/d;0,5;36;21
2017-12-26;7;0,23;18;21;0,5;15;s/d;0,47;32;21
2017-12-26;8;0,22;19;21;0,5;15;s/d;0,45;26;22
2017-12-26;9;0,22;21;22;0,49;18;s/d;0,41;32;23
2017-12-26;10;0,24;21;22;0,49;18;s/d;0,38;31;24
2017-12-26;11;0,27;22;23;0,5;19;s/d;0,4;32;25
2017-12-26;12;0,31;27;23;0,52;22;s/d;0,42;35;26
2017-12-26;13;0,36;25;25;0,54;25;s/d;0,43;36;27
2017-12-26;14;0,39;23;26;0,58;29;s/d;0,44;s/d;28
2017-12-26;15;0,42;26;26;0,61;23;s/d;0,45;s/d;29
2017-12-26;16;0,44;23;27;0,62;16;s/d;s/d;s/d;31
2017-12-26;17;0,44;18;27;0,63;24;s/d;s/d;s/d;32
2017-12-26;18;0,43;19;27;0,64;26;30;s/d;s/d;33
2017-12-26;19;0,43;20;28;0,64;19;31;s/d;s/d;34
2017-12-26;20;0,43;27;28;0,65;25;31;s/d;s/d;34
2017-12-26;21;0,43;29;28;0,66;32;31;s/d;s/d;36
2017-12-26;22;0,48;35;28;0,66;37;31;s/d;s/d;36
2017-12-26;23;0,52;34;29;0,71;42;31;s/d;s/d;36
2017-12-26;24;0,55;32;32;0,79;43;31;s/d;s/d;36
2017-12-27;1;0,55;21;33;0,82;34;29;s/d;s/d;37
2017-12-27;2;0,54;14;34;0,82;27;29;s/d;s/d;37
2017-12-27;3;0,51;11;35;0,82;22;30;s/d;s/d;38
2017-12-27;4;0,48;10;35;0,79;17;30;s/d;s/d;38
2017-12-27;5;0,43;13;36;0,75;20;31;s/d;s/d;39
2017-12-27;6;0,36;31;37;0,72;25;32;s/d;s/d;40
2017-12-27;7;0,3;29;37;0,67;25;32;s/d;s/d;40
2017-12-27;8;0,26;22;37;0,6;29;33;s/d;s/d;40
2017-12-27;9;0,25;23;37;0,61;36;34;s/d;s/d;39
2017-12-27;10;0,27;31;37;0,65;36;35;s/d;30;39
2017-12-27;11;0,29;26;38;0,72;44;35;s/d;36;39
2017-12-27;12;0,3;22;38;0,82;46;35;s/d;30;38
2017-12-27;13;0,32;s/d;37;0,91;39;35;s/d;26;37
2017-12-27;14;0,36;s/d;36;0,99;30;36;s/d;22;37
2017-12-27;15;0,43;26;36;1,03;29;36;0,42;24;36
2017-12-27;16;0,44;23;35;1,1;36;35;0,42;26;35
2017-12-27;17;0,47;22;35;1,13;36;35;0,42;29;35
2017-12-27;18;0,49;23;35;1,14;34;36;0,44;30;35
2017-12-27;19;0,51;24;35;1,13;29;36;0,44;35;35
2017-12-27;20;0,5;28;35;1,07;23;36;0,44;30;35
2017-12-27;21;0,49;17;35;1,01;17;35;0,45;28;34
2017-12-27;22;0,49;16;34;0,95;19;36;0,45;29;34
2017-12-27;23;0,44;13;33;0,91;18;36;0,45;32;34
2017-12-27;24;0,44;14;31;0,84;20;35;0,45;31;33
2017-12-28;1;0,42;15;29;0,77;19;34;0,45;32;33
2017-12-28;2;0,4;10;28;0,7;15;33;0,42;30;32
2017-12-28;3;0,37;8;28;0,64;16;32;0,41;25;32
2017-12-28;4;0,35;8;28;0,59;16;32;0,4;31;32
2017-12-28;5;0,33;15;27;0,56;14;31;0,38;30;31
2017-12-28;6;0,32;12;27;0,51;18;31;0,37;28;31
2017-12-28;7;0,31;13;26;0,49;25;30;0,39;29;30
2017-12-28;8;0,32;16;26;0,47;29;30;0,4;27;30
2017-12-28;9;0,33;16;26;0,45;31;30;0,42;26;31
2017-12-28;10;0,36;16;25;0,46;40;30;0,43;29;31
2017-12-28;11;0,38;16;25;0,46;44;31;0,43;26;31
2017-12-28;12;0,4;18;25;0,47;44;31;0,44;30;31
2017-12-28;13;0,42;17;25;s/d;s/d;31;0,45;32;31
2017-12-28;14;0,43;14;25;s/d;s/d;31;0,44;33;31
2017-12-28;15;0,43;15;25;s/d;34;31;0,41;25;31
2017-12-28;16;0,41;17;25;s/d;37;31;0,39;32;31
2017-12-28;17;0,39;26;24;s/d;31;31;0,38;30;31
2017-12-28;18;0,38;33;24;s/d;32;31;0,39;35;31
2017-12-28;19;0,39;29;24;0,88;39;31;0,42;37;31
2017-12-28;20;0,41;25;24;0,9;33;31;0,44;37;31
2017-12-28;21;0,42;22;24;0,91;34;31;0,46;40;32
2017-12-28;22;0,44;24;24;0,94;35;31;0,49;38;32
2017-12-28;23;0,45;20;23;0,99;31;30;0,51;42;31
2017-12-28;24;0,46;34;23;0,98;21;30;0,51;37;32
2017-12-29;1;0,47;24;24;0,94;23;29;0,52;36;31
2017-12-29;2;0,46;11;23;0,89;22;30;0,5;32;30
2017-12-29;3;0,44;12;24;0,83;10;30;0,48;35;31
2017-12-29;4;0,41;9;23;0,79;9;29;0,45;29;31
2017-12-29;5;0,39;10;23;0,75;8;30;0,43;29;31
2017-12-29;6;0,36;15;23;0,72;18;29;0,42;34;31
2017-12-29;7;0,37;19;23;0,68;24;29;0,45;32;31
2017-12-29;8;0,38;21;23;0,7;28;29;0,49;36;31
2017-12-29;9;0,42;27;24;0,74;38;29;0,53;40;31
2017-12-29;10;0,47;27;25;0,79;36;28;0,57;42;31
2017-12-29;11;0,5;32;26;0,84;36;28;0,6;49;32
2017-12-29;12;0,54;27;27;0,87;26;29;0,67;59;34
2017-12-29;13;0,57;23;28;0,91;22;29;0,72;50;36
2017-12-29;14;0,59;18;29;0,92;17;29;0,75;42;37
2017-12-29;15;0,6;19;29;0,94;20;28;0,75;31;40
2017-12-29;16;0,59;18;29;0,93;15;28;0,71;32;40
2017-12-29;17;0,55;17;29;0,9;17;27;0,69;41;40
2017-12-29;18;0,52;19;28;0,87;31;27;0,67;48;40
2017-12-29;19;0,48;21;28;0,83;37;25;0,62;45;39
2017-12-29;20;0,46;28;28;0,82;46;25;0,57;50;38
2017-12-29;21;0,47;35;28;0,82;37;25;0,53;52;38
2017-12-29;22;0,49;32;28;0,82;42;25;0,5;45;37
2017-12-29;23;0,5;24;29;0,82;44;26;0,46;39;38
2017-12-29;24;0,5;22;29;0,82;36;27;0,44;33;37
2017-12-30;1;0,51;20;28;0,81;27;27;0,43;35;38
2017-12-30;2;0,51;17;28;0,8;23;27;0,43;32;38
2017-12-30;3;0,51;13;28;0,79;26;27;0,45;34;37
2017-12-30;4;0,5;14;28;0,78;14;28;0,46;37;38
2017-12-30;5;0,46;20;28;0,75;12;28;0,46;45;38
2017-12-30;6;0,43;25;29;0,72;12;28;0,48;40;39
2017-12-30;7;0,41;18;29;0,7;15;28;0,52;39;39
2017-12-30;8;0,39;17;28;0,69;19;27;0,56;37;39
2017-12-30;9;0,38;17;28;0,68;19;27;0,55;36;39
2017-12-30;10;0,37;14;27;0,67;15;27;0,54;33;38
2017-12-30;11;0,38;20;26;0,67;16;25;0,53;35;37
2017-12-30;12;0,39;17;25;0,67;14;23;0,53;37;35
2017-12-30;13;0,39;16;24;0,67;11;22;0,53;33;33
2017-12-30;14;0,39;14;24;0,67;12;22;0,51;34;33
2017-12-30;15;0,38;11;24;0,7;21;21;0,46;24;30
2017-12-30;16;0,37;11;24;0,72;12;22;0,45;26;29
2017-12-30;17;0,37;15;24;0,73;27;22;0,44;27;29
2017-12-30;18;0,37;12;24;0,76;21;22;0,46;29;28
2017-12-30;19;0,36;17;24;0,81;24;23;0,46;36;29
2017-12-30;20;0,36;14;24;0,87;27;22;0,46;29;29
2017-12-30;21;0,37;11;28;0,95;22;26;0,45;24;33
2017-12-30;22;0,36;9;30;1,01;18;27;0,43;19;34
2017-12-30;23;0,36;8;32;1,02;17;29;0,43;18;36
2017-12-30;24;0,36;9;32;1,06;21;29;0,42;12;37
2017-12-31;1;0,36;8;33;1,05;13;29;0,4;13;37
2017-12-31;2;0,35;15;33;1,02;15;30;0,38;13;38
2017-12-31;3;0,33;6;33;0,98;14;30;0,35;7;38
2017-12-31;4;0,31;6;33;0,9;9;30;0,33;5;37
2017-12-31;5;0,28;5;33;0,8;9;30;0,31;4;36
2017-12-31;6;0,27;5;32;0,72;11;30;0,3;5;35
2017-12-31;7;0,26;5;32;0,65;12;30;0,29;11;35
2017-12-31;8;0,24;5;32;0,57;13;30;0,28;10;35
2017-12-31;9;0,23;5;33;0,54;11;31;0,27;11;34
2017-12-31;10;0,23;5;33;0,51;11;31;0,26;16;34
2017-12-31;11;0,22;5;33;0,49;9;32;0,27;15;34
2017-12-31;12;0,23;7;32;0,48;11;32;0,27;18;34
2017-12-31;13;s/d;s/d;s/d;0,49;14;32;0,28;18;34
2017-12-31;14;s/d;s/d;s/d;0,49;16;32;0,3;17;33
2017-12-31;15;s/d;s/d;s/d;0,49;14;33;0,31;14;33
2017-12-31;16;s/d;s/d;s/d;0,49;11;33;0,32;12;33
2017-12-31;17;s/d;s/d;s/d;0,49;11;33;0,33;11;33
2017-12-31;18;s/d;s/d;s/d;0,49;12;32;0,34;11;33
2017-12-31;19;s/d;s/d;s/d;0,49;11;32;0,34;14;32
2017-12-31;20;s/d;s/d;s/d;0,48;12;32;0,33;14;31
2017-12-31;21;s/d;s/d;s/d;0,46;12;28;0,33;19;26
2017-12-31;22;s/d;s/d;s/d;0,46;18;26;0,34;23;24
2017-12-31;23;s/d;s/d;s/d;0,45;15;25;0,36;20;22
2017-12-31;24;s/d;s/d;s/d;0,45;13;24;0,37;22;22
