FECHA DE EVENTO,CATEGORÍA PC,INSTANCIA,NOMBRE ACTIVIDAD,MODALIDAD,ÁREA,PARTICIPACIÓN CIUDADANA,DIRECCIÓN,COMUNA,DESCRIPCIÓN,INSCRIPTOS,ASISTENTES,CANTIDAD DE VOTOS,RESULTADO VOTACION,RELEVAMIENTOS DE OPINIÓN
04/03/16,Proyecto,Votación Proyecto,JUEGOS PORTEÑOS,,Vice Jefatura,"Elección de la disciplina a incorporar. Tiro con arco, BMX o Golf",,,,,,24285,1. BMX - 11.681 - 48%2. Tiro con Arco - 8.839% 3. Golf - 3.765 - 16%,
11/03/16,Proyecto,Votación Proyecto,JORNADA DE ADOPCIÓN DE MASCOTAS,,Ministerio de Ambiente y Espacio Público (MAyEP),"En qué lugar te gustaría que se lleve a cabo una Jornada de Adopción de mascotas? Parque Chacabuco, Plaza Arenales, Plaza Dr. Juan B. Terán o Plaza J.F. Salaberry",Av. Asamblea y Emilio Mitre - Mercedes y Pareja - Melincué y Juan Esteban Martínez - Bragado y Pilar.,,La Jornada de Concientización sobre la Adopción de Mascotas es un evento mensual de tipo ferial donde participan más de 75 ONGs dando a conocer su labor y a los perros y gatos que están en adopción.,,,915805,1. Parque Chacacubo - 11.888 - 58% 2. Plaza Arenales - 6.089 - 30% 3. Plaza Dr. Juan B. Terán - 1.447 - 7% 4. Plaza J. F. Salaberry - 1.063 - 5%,
11/03/16,Obra,Reunión Informativa,CALLE TACUARÍ,,Ministerio de Desarrollo Urbano y Transporte (MDUyT),Reunion de presentación del proyecto (2da reunión directo) en el caso de Calle Tacuari porque ya no podemos dar a votacion. La Reunion es el Hipolito Yrigoyen 834 a las 18 hs.,Av de Mayo y Tacuari,1,"Peatonalización calles Tacuarí, Piedras, Chacabuco, Pasaje 5 de Julio, Bolívar, Alsina y Moreno.  Ordenamiento de tránsito y colectivos Completamiento de arbolado Revalorización de edificios emblemáticosOrdenamiento de marquesinas y publicidad",85,42,,,
16/03/16,Proyecto,Votación Proyecto,METROBUS SAN MARTÍN,,Ministerio de Desarrollo Urbano y Transporte (MDUyT),¿Cual te gustaria que sea el nombre la estación del Metrobus que se va a inaugurar en Av. San Martin entre Juan B. Justo y Fragata Sarmiento? 1- Pedro Quartucci 2- Dr. Pedro Lagleyze 3- Pappo Napolitano,,,La traza va desde Av. Juan B. justo hasta Av. Gral Paz sobre Av. San Martin. La Extension del corredor es de 5.8 km y comprende 24 paradores y 12 estaciones.,,,37661,"1. Pappo Napolitano (Músico) - 21.354 - 56,7%2. Dr. Pedro Lagleyze (Médico) - 13.810 - 36,7%3. Pedro Quartucci (Boxeador y actor) - 2.497 - 6,6%",
21/03/16,Obra,Primera reunión,PARQUE THAYS,,Ministerio de Desarrollo Urbano y Transporte (MDUyT),Eleccion del arbolado. Equipamiento Urbano. Determinacion de usos en base a opciones ya definidas,Av. Figueroa Alcorta y Pueyrredon,2,Integración de los espacios verdes uniendo estación línea H con los estacionamientos sobre Av. Quiroga,75,42,,,
22/03/16,Obra,Primera reunión,PLAZA CONGRESO,,Ministerio de Ambiente y Espacio Público (MAyEP),1ra reunión de vecinos para que nos acerquen sus ideas/propuestas/sugerencias. La reunión se hará el 22-3 a las 9hs en Av. Callao 360.,"Entre Rios, Av. - Rivadavia, Av. - De Mayo, Av. - Saez Peña, Luis, Pres., Av. - Yrigoyen, Hipolito.",1,,266,36,,,
22/03/16,Obra,Primera reunión,PBN CONGRESO,,Ministerio de Desarrollo Urbano y Transporte (MDUyT),"Visita de vecinos a la obra dias antes de su inauguracion. Estará presente la gente de AUSA para dar su correspondiente explicacion de las distintas etapas, etc.",Av. Congreso y Tronador (Coghlan),12,,266,36,,,
23/03/16,Obra,Reunión Informativa,MTB NORTE,,Ministerio de Desarrollo Urbano y Transporte (MDUyT),En esta 1° Reunion se hará la presentacion del proyecto a los comerciantes y frentistas afectados por la obra. Luego en proximas instancias se podrá elegir el nombre de solo una estación. Opciones de votacion: 5 estaciones,,13,Actualmente la traza va desde Congreso de Tucuman hasta Av. Gral Paz. El proyecto Metrobus Cabilo etapa II propone extenderlo hasta la interseccion de Av Cabildo y Santos Dumont. Esta obra comprende 22 paradores y 5 estaciones.,,35,,,
29/03/16,Obra,Primera reunión,ENTORNO ESTACION RIVADAVIA,,Ministerio de Desarrollo Urbano y Transporte (MDUyT),Determinacion de usos. Equipamiento Urbano.,Av. Caseros y Monteagudo.,13,,120,69,,,
30/03/16,Proyecto,Votación Proyecto,BAFICI AIRE LIBRE,,Ministerio de Cultura,"¿Cuál de estas películas te gustaría que inaugure la nueva edición del BAFICI en Parque Centenario? When Marnie was there (El Recuerdo de Marnie), Yoko y sus amigos o Song of the Sea (La Canción del Mar)",Antonio Machado y Av. Patricias Argentinas.,6,El próximo 13 de Abril se inagura una nueva edición del Festival de Cine Independiente más grande de Latinoamerica y la gran apertura se llevará a cabo al aire libre en Parque Centenario.,,,7721,"1. La canción del mar - 3.375 - 43,7% 2. El recuerdo de Marnie - 2.643 - 34,2% 3. Yoko y sus amigos - 1.703 - 22,1%",
31/03/16,Proyecto,Votación Proyecto,ESTACIONES SALUDABLES,,Vice Jefatura,,,,,,,23994,"1. Asesoramiento en Actividad Física - 12.694 - 52,9% 2. Taller de Huerta - 5.862 - 24,4% 3. Más Clases de Yoga - 5.438 - 22,7%",
31/03/16,Obra,Primera reunión,SOLDADO DE LA FRONTERA,,Ministerio de Ambiente y Espacio Público (MAyEP),1ra reunión de vecinos para que nos acerquen sus ideas/propuestas/sugerencias.,Soldado de la Frontera entre Av. Roca y Ana Diaz,8,,236,74,,,
04/04/16,Proyecto,Votación Proyecto,ATENCIÓN VETERINARIA,,Ministerio de Ambiente y Espacio Público (MAyEP),,Av. Rivadavia y Albariño - Gral. Hornos y Aristóbulo del Valle - Bragado y Pilar - Mercedes y Pareja,,,,,3979,"1. Plaza Juan F. Salaberry - 1.132 - 28,4% 2. Plaza Arenales - 1.003 - 25,2% 3. Plaza Ejército de los Andes - 729 - 18,3% 4. Plaza Don Pepe - 1.132 - 28,4%",
04/04/16,Obra,Reunión Informativa,MTB NORTE,,Ministerio de Desarrollo Urbano y Transporte (MDUyT),Reunión informativa para contarles el proyecto a los vecinos ,,14,Actualmente la traza va desde Congreso de Tucuman hasta Av. Gral Paz. El proyecto Metrobus Cabilo etapa II propone extenderlo hasta la interseccion de Av Cabildo y Santos Dumont. Esta obra comprende 22 paradores y 5 estaciones.,25,5,,,
05/04/16,Obra,Primera reunión,PARQUE PATRICIOS,,Ministerio de Desarrollo Urbano y Transporte (MDUyT),Determinacion de usos. Equipamiento Urbano.,Av. Caseros y Monteagudo.,4,,65,70,,,
06/04/16,Obra,Primera reunión,ÁREA AMBIENTAL RETIRO,,Ministerio de Ambiente y Espacio Público (MAyEP),1ra reunión de vecinos para que nos acerquen sus ideas/propuestas/sugerencias. La reunión se hará a las 18hs en Av. Santa Fe 1145 (Sociedad Científica Argentina),"Carlos Pellegrini, Av. del Libertador, Maipú y Santa Fe. Entre calles: Suipacha (entre Libertador y Santa Fe), Arroyo (entre C. Pellegrini y Esmeralda), Basavilbaso, (entre Arenales y LibertadoR) Pasaje Sargeto Cabral (esq. Esmeralda y Arroyo).",1,,200,200,,,
07/04/16,Obra,Votación Obras,PLAZA CONGRESO,,Ministerio de Ambiente y Espacio Público (MAyEP),"¿Estás de acuerdo en que el espacio verde de la Plaza Lorea (Ubicada frente a la Plaza del Congreso, entre Avenida de Mayo, Avenida Rivadavia y la calle Presidente Luis Sáenz Peña) permanezca enrejado? Estoy de acuerdo No estoy de acuerdo","AV. - RIVADAVIA, AV. - DE MAYO, AV. - SAEZ PEÑA, LUIS, PRES",1,,,,15530,"1. Estoy de acuerdo - 11.359 - 73.1% 2. No estoy de acuerdo - 4.171 - 26,9%",
12/04/16,Proyecto,Votación Proyecto,PREVIA MASTICAR,,Vice Jefatura,"Sobre qué tema te gustaría hablar con los Chefs de Masticar? Cocina semanal (recetas rápidas y sencillas), cocina familiar, cocina con productos de estación",,,,,,18280,"1. Cocina para la familia - 9.741 - 53,3% 2. Cocina semanal - 5.019 - 27,5% 3. Cocina con productos de estación - 3.520 - 19,3%",
12/04/16,Obra,Reunión Informativa,PUENTES FERROVIARIOS,,Ministerio de Ambiente y Espacio Público (MAyEP),"Reunión informativa del proyecto
 Av. Avellaneda 1359. 18hs","Cruce FFCC Sarmiento: Otamendi, Campichuelo, Hidalgo, Río de Janeiro",6,Puesta en valor de los cruces peatonales,155,68,,,
13/04/16,Proyecto,Votación Proyecto,BAFICI,,Ministerio de Cultura,"Qué clásico del BAFICI te gustaría volver a ver? Policeman, Berberian Sound Studio, El Picasso de Persia o Court",Centro Cultural Recoleta. Junin 1930. (Se desarrolla en varios lugares en simultáneos),,Se proyectará en una sala la película más taquillera de ediciones anteriores,,,13611,1. El Picasso de Persia - 6.078 - 45% 2. Policeman - 3.570 - 26% 3. Berberian Sound Studio - 2.220 - 16% 4. La Acusación - 1.743 - 13%,
13/04/16,Obra,Primera reunión,PARQUE 3 DE FEBRERO,,Ministerio de Ambiente y Espacio Público (MAyEP),"1ra reunión de vecinos para que nos acerquen sus ideas/propuestas/sugerencias. Av.de los Ombues y Andrés Bello (Parque 3 de febrero), a las 18hs","Av. F. alcorta , Av. de los Ombues, Av. Valentin Alsina",14,,110,18,,,
20/04/16,Proyecto,Votación Proyecto,DUATLÓN,,Vice Jefatura,Te gustaría que se sume una nueva distancia (9k Running/50k Bici/6K Running) al Duatlón que se va a llevar a cabo el 27 de Agosto en el Autódromo? Necesitamos el 60% de los Votospositivos para que se apruebe el proyecto.,Av. Roca y Colectora General Paz,,Actualmente el Duatlón cuenta con dos distancias: 6KRunning/30KBici/3KRunning y 3KRunning/20KBici/3KRunning.,,,8058,"1. Si me gustaría - 5.213 - 64,7% 2. No me gustaría - 2.845 - 35,3%",
21/04/16,Proyecto,Evento Proyectos,FERIA MASTICAR,,Vice Jefatura,Se invitó a los vecinos a la Feria Masticar ,,,,624,170,,,
26/04/16,Proyecto,Votación Proyecto,FIAB,,Ministerio de Ambiente y Espacio Público (MAyEP),En que plaza de la comuna 10 te gustaría que se desarrolle una de las FIAB? Plaza Belisario Roldán o Plaza Terán,Santo Tomé entre Caldén y Gana - Nogoya y Juan Esteban Martínez,10,Son las ferias itinerantes de abastecimiento barrial.,,,4117,"1. Plaza Terán -3.148 - 76,5% 2. Plaza Belisario Roldán - 969 - 23,5%",
27/04/16,Obra,Reunión Informativa,VELÓDROMO PARQUE 3 DE FEBRERO ,,Ministerio de Ambiente y Espacio Público (MAyEP),"2da reunión informativa. Av. Belisario Roldán 4950 esq. Av. Figueroa Alcorta (Club CUBA), 18 hs",Figueroa Alcorta 5050. Avenida Belisario Roldán,14,,128,25,,,
29/04/16,Obra,Votación Obras,PARQUE THAYS,,Ministerio de Desarrollo Urbano y Transporte (MDUyT),Puesta en Valor del Parque Thays,Av. Figueroa Alcorta y Pueyrredon,2,"Tenemos pensado poner una cancha de alguno de estos deportes ¿Cuál te gustaría? Futbol, Voley, Basket, No quiero agregar nuevas canchas al parque.",,,23264,"1. Fútbol - 11.566 - 49,7% 2. No quiero que agreguen canchas - 5,480 - 23,6% 3. Básquet - 3.140 - 13,5%  4. Vóley - 3.078 - 13,2%",
02/05/16,Obra,Votación Obras,PARQUE INDOAMERICANO,,Ministerio de Desarrollo Urbano y Transporte (MDUyT),"¿Que te gustaría que pase en Parque Indoamericano para que puedas disfrutarlo con tu familia?
 1-Mayor Infraestructura (juegos, cestos, bancos, etc.)
 2-Oferta Gastronómica
 3-Actividades Culturales y Deportivas 4-Mayor Facilidad en los accesos.","Espacio Verde. LACARRA, AV. - ESCALADA, AV. - CASTAÑARES, AV. - FERNANDEZ DE LA CRUZ, FRANCISCO, GRAL., AV",8,Sin informacion del área aún.,,,8765,1. Más actividades colturales y deportivas - 6.418 - 73% 2. Mayor Infraestructura - 4.584 - 52% 3. Oferta Gastronómica - 2.861 - 33% 4. Mayor facilidad en los accesos - 1.320 - 15%,
02/05/16,Proyecto,Votación Proyecto,CENTRO CULTURAL RECOLETA,,Ministerio de Cultura,"Con qué cursos te gustaría contar en el CCR a partir de Agosto? Cultura Urbana, Permacultura, Arte y Tecnología o Historia del Arte",,2,Todos los años el Centro Cultural Recoleta diseño nuevos contenidos artísticos y culturales en equipo y trabajando junto a toda la comunidad. Se priorizan mecanismos de participación como laboratorios y concursos abiertos y públicos.,,,11763,"1. Arte y Tecnología - 5.111 - 43,3% 2. Historia del Arte - 3.234 - 27,5% 3. Cultura Urbana - 2.626 - 22,3% 4. Permacultura - 792 - 6,7%",
02/05/16,Obra,Visita de Obra,PBN CONGRESO,,Ministerio de Desarrollo Urbano y Transporte (MDUyT),Se invita a los vecinos a conocer y recorrer los avances de la obra. ,Av. Congreso y Tronador (Coghlan),12,Paso bajo nivel de avenida congreso y FFCC Mitre - Ramal Mitre,121,300,,,
09/05/16,Obra,Votación Obras,SOLDADO DE LA FRONTERA,,Ministerio de Ambiente y Espacio Público (MAyEP),Elección de mobiliario en plazoleta: ¿Postas Aeóbicas o espacio de descanso?,Soldado de la Frontera entre Av. Roca y Ana Diaz,8,Puesta en valor del entorno la calle Soldado de la Frontera,,,7814,"1. Posta Aeróbicas - 4.523 - 57,9% 2. Sector de estar - 3.291 - 42,1% ",
10/05/16,Obra,Primera reunión,PARQUE LAS HERAS,,Ministerio de Ambiente y Espacio Público (MAyEP),"1ra reunión de vecinos para que nos acerquen sus ideas/propuestas/sugerencias. En Juncal 3251 (Escuela Normal Superior en Lenguas Vivas Sofía Esther Broquen de Spangenberg, 18 hs.","Av. Las Heras, Av.Juncal, Salguero y Cnel Diaz (Palermo)",14,"Recuperación y puesta en valor general de senderos mobiliario, iluminación, equipamiento de juegos y deportes urbanos, arbolado vegetación y riego. Restitución del rosedal histórico",168,260,,,
12/05/16,Proyecto,Votación Proyecto,GOBIERNO ABIERTO,,Jefatura de Gobierno,"Qué datos te gustaría que estén publicados en el sitio de datos abiertos de la Ciudad de Buenos Aires (data.buenosaires.gob.ar)?
 1.Presupuesto
 2. Compras públicas
 3. Declaraciones juradas de funcionarios",,,"En el marco del Plan de Gobierno Abierto, este gobierno se compromete a publicar información sobre sus funcionarios para que sea de fácil acceso.",,,21226,"1. Declaraciones Juradas de funcionarios - 9.199 - 43,3% 2. Compras Públicas - 6.935 - 32,7% 3. Presupuesto - 5.092 - 24% ",
13/05/16,Obra,Primera reunión,CAMINO DE SIRGA,,Ministerio de Desarrollo Urbano y Transporte (MDUyT),,Luna 1955,4,Puesta en valor. El proyecto Camino de Sirga en este tramo de la Villa 21-24 comprende la construcción de un espacio público en la costa liberada (Sirga).,,,,,
13/05/16,Obra,Votación Obras,PARQUE PATRICIOS,,Ministerio de Ambiente y Espacio Público (MAyEP),"¿Que te gustaría que tuviera el Parque de los Patricios? 
 Sector para Huerta
 Sector para andar en Rollers
 Sector techado de baile
 Juegos de agua para chicos",Av. Caseros y Monteagudo.,4,Puesta en Valor del Parque Patricios.,,,14189,"1. Sector para andar el Rollers - 4.333 - 30,5% 2. Sector para Huerta - 3.512 - 24,8% 3. Sector techado de baile - 3.262 - 23% 4. Juegos de agua para chicos - 3.082 - 21,7%",
14/05/16,Proyecto,Votación Proyecto,CAMPEONATO DE BAILE,,Ministerio de Cultura,El público podrá elegir a la pareja favorita el Sábado 14 en la Usina del Arte a las 18 hs,Usina del Arte: Agustín R. Caffarena y Av. Don Pedro de Mendoza,1,,,,0,,
15/05/16,Proyecto,Experiencia BA,CAMPEONATO DE BAILE,,Ministerio de Cultura,Invitar a los vecinos a presenciar el campeonato de baile,Usina del Arte: Agustín R. Caffarena y Av. Don Pedro de Mendoza,1,,,,,,
16/05/16,Obra,Reunión de co creación,CENTRO DE METROPOLITANO AUIDOVISUAL CMA,,Ministerio de Desarrollo Urbano y Transporte (MDUyT),Reuniones de Co-Diseño con vecinos.,,13,,100,100,,,
17/05/16,Obra,Reunión Informativa,REJAS LUGANO,,Vice Jefatura,Reunión informativa sobre el ante proyecto de la obra,Av. F. F. de la Cruz y José L. Suarez,8,Se colocaran rejas perimetrales en el barrio Lugano XXVII,138,60,,,
23/05/16,Obra,Primera reunión,PLAZA LIBERTAD,,Vice Jefatura,1ra reunión de vecinos para que nos acerquen sus ideas/propuestas/sugerencias.,"LIBERTAD - ALVEAR, MARCELO T. DE - CERRITO - PARAGUAY",1,PUESTA EN VALOR + ILUMINACIÓN,408,74,,,
23/05/16,Proyecto,Votación Proyecto,WIFI,,Ministerio de Modernización Innovación y Tecnología,"En qué plaza de la Comuna 10 te gustaría contar con Wifi primero: Plaza de la Bandera, Plaza Velez Sarsfield o Plaza Guatemala?",,10,Incorporación de zonas wifi para fomentar la integración e inclusión tecnológica a través de una red de internet gratuita,,,13515,"1. Plaza Vélez Sarsfield - 9.262 - 68,5% 2. Plaza de la Bandera - 2.775 - 20,5% 3. Plaza Guatemala - 1.478 - 10,9%",
26/05/16,Obra,Primera reunión,PARQUE SAAVEDRA,,Vice Jefatura,"1ra reunión de vecinos para que nos acerquen sus ideas/propuestas/sugerencias. Club Agrupación San Jorge, VILELA 3340, 18hs",,12,"GARCIA DEL RIO, AV. - MELIAN, AV. - VILELA - PEREZ, ROQUE - BESARES - CONDE - PINTO - FREIRE, RAMON, CAP. GRAL.",790,400,,,
26/05/16,Obra,Visita de Obra,RED PLUVIAL RAMAL AUSTRIA,,Ministerio de Desarrollo Urbano y Transporte (MDUyT),"Se va a realizar una reunion informativa en donde se contaran detalles de la obra, tiempos, etc. Luego los vecinos se porán acercar al sector de camaras desde donde se puede observar la obra.",Austria y Av Figueroa Alcorta,2,Esta obra consiste en la ampliacion de los conductos existentes y colocacion de sumideros en las equinas.,320,70,,,
27/05/16,Obra,Primera reunión,ESTACIÓN SOLDATI,,Vice Jefatura,1ra reunión de vecinos para que nos acerquen sus ideas/propuestas/sugerencias.,J. MARTI Y RODRIGO DE TRIANA,8,Puesta en valor entorno estación de FFCC,306,30,,,
01/06/16,Obra,Reunión Informativa,CALLE EMILIO LAMARCA,,Vice Jefatura,"2° reunión informativa. En Santo Tome 3823 (Club Pacífico), 18 hs",Emilio Lamarca entre A. Jonte y J. A. García,11,VEREDAS+ACCESO GARAGES+PAISAJISMO,235,68,,,
02/06/16,Obra,Visita de Obra,ESCUELA SIGLO XXI,,Ministerio de Desarrollo Urbano y Transporte (MDUyT),Visita a la obra antes de que finalice,Holmberg 2750? (Villa Urquiza),12,,207,48,,,
02/06/16,Proyecto,Votación Proyecto,POTENCIATE,,Vice Jefatura,,,,,,,4710,"1. Diseño, Urbanismo y Arquitectura - 2.303 - 48,9% 2. Entretenimiento y Diversión Saludable - 1.494 - 31,7% 3. Agenda ONU 2030 - 913 - 19,4%",
03/06/16,Obra,Votación Obras,PBN CONGRESO,,Ministerio de Desarrollo Urbano y Transporte (MDUyT),"¿Como te gustaría que se llame el Paso Bajo Nivel de Congreso y Tronador? Roberto Goyeneche, Horacio Guarany o Luis Alberto Spinetta",Av. Congreso y Tronador (Coghlan),12,Paso bajo nivel de Avenida Congreso y FFCC Mitre - Ramal Mitre,,,58358,"1. Luís Alberto Espinetta - 32.059 - 54,9% 2. Roberto Goyeneche - 16.584 - 28,4% 3. Horacio Guarany - 9.715 - 16,7% ",
03/06/16,Obra,Primera reunión,PLAZOLETA JULIO CORTÁZAR,,Vice Jefatura,"1ra reunión de vecinos para que nos acerquen sus ideas/propuestas/sugerencias. Uriarte 1609 (Club Eros), 18 hs",Serrano Y honduras (Palermo),14,"Nivelación de calzada, colocación de bolardos, puesta en valor general de sendas peatonales, espacios verdes y mobiliario.",169,42,,,
06/06/16,Proyecto,Votación Proyecto,BAC,,Vice Jefatura,"En qué lugar te gustaría que se lleve a cabo el entrenamiento especial de Agosto del BAC? Reserva Ecológica, Lago Regatas o Rosedal.",,,,,,6359,"1. Rosedal - 2.686 - 42,2% 2. Reserva Ecológica - 2.450 - 38,5% 3. Lago Regatas - 1.223 - 19,3%",
06/06/16,Obra,Reunión Informativa,PLAZOLETA JUAN XXII,,Ministerio de Ambiente y Espacio Público (MAyEP),"2° reunión informativa. Vicente Lopez 1999, esq. Junin (Auditorio El pilar), 18 hs","ORTIZ, ROBERTO M., PRES. - ALVEAR, AV. - HAEDO, EDUARDO V., PRES. - QUINTANA, MANUEL, PRES., AV. - JUNIN",2,Renovación y reordenamiento del paseo ferial en cuanto a su esquema y circulación. Puesta en valor y ordenamiento de tránsito sobre calle Junín y nuevas dársenas para buses turísticos.,273,76,,,
07/06/16,Proyecto,Votación Proyecto,BORGES X BORGES,,Ministerio de Cultura,"Cuál es tu obra favorita de Borges? El Aleph, La Casa de Asterión o El Sur",,,El martes 14 de Junio a las 20 hs en la Usina del Arte se llevará a cabo un Concierto de Pedro Aznar y Graciela Borges para conmemorar a Borges. Se sortearan 50 entradas entre aquellos que participen de la votación.,,,1881,1. El Aleph - 1.170 - 62% 2. El sur - 549 - 13% 3. La Casa de Asterión - 252 - 24%,
07/06/16,Obra,Votación Obras,CCCA ENTRE RIOS Y CALLAO,,Ministerio de Ambiente y Espacio Público (MAyEP),¿Qué color te gustaría que tengan los toldos de los comercios de Av. Entre Rios y Av. Callao? - Negro / - Gris / - Azul,Callao y Entre Ríos desde Garay hasta Corrientes,1,Fortalecimiento de Centros Comerciales barriales a través de la mejora de la accesibilidad, el fomento del uso del transporte público, y el mantenimiento integral del área para lograr una oferta integrada y una imagen unificada.,,,
08/06/16,Obra,Reunión Informativa,ARROYO MALDONADO,,Ministerio de Desarrollo Urbano y Transporte (MDUyT),Reunion informativa para contar sobre la obra.,Soler y Fray Justo Santamaria de oro,14,Continuacion de las obras hidraulicas del arroyo maldonado para evitar inhundaciones en la comuna 14.,170,19,,,
08/06/16,Obra,Reunión Informativa,BOULEVARD BILBAO,,Vice Jefatura,Reunion informativa para contar sobre la obra.,Av. Francisco Bilbao 3400 al 3800 (entre Portela y Av. Lacarra,9,Puesta en valor+iluminacion+riego 680 metros lineales,210,51,,,
08/06/16,Obra,Primera reunión,BOULEVARD COM. MARTIN RIVADAVIA,,Ministerio de Ambiente y Espacio Público (MAyEP),"1ra reunión de vecinos para que nos acerquen sus ideas/propuestas/sugerencias. Sede Comunal 13, piso 2 (Av. Cabildo 3067), 18hs.",Por Rivadavia Martín Comodoro desde Autopista Lugones hasta Av. Cabildo (Barrio de Núnez),13,"Puesta en valor integral de Comodoro Rivadavia desde Autopista Lugones hasta Av. Cabildo. El proyecto comprende la ampliación del Boulevard y veredas, aumento de la superficie de áreas verdes y completamiento de arbolado.",363,71,,,
09/06/16,Proyecto,Votación Proyecto,DECKS GASTRONÓMICOS,,Ministerio de Ambiente y Espacio Público (MAyEP),"En qué barrio te gustaría que se coloquen nuevos decks gastronómicos? San Telmo, Cañitas o Monte Castro",,,,,,6528,"1. Monte Castro - 2.597 - 39,8% 2. San Telmo  - 2.201 - 33,7% 3. Las Cañitas - 1.730 - 26,5%",
09/06/16,Obra,Primera reunión,PASAJE ANASAGASTI,,Vice Jefatura,"1ra reunión de vecinos para que nos acerquen sus ideas/propuestas/sugerencias. Sede Comunal 14 (Coronel Diaz 2120), 18hs",Pje Anasagasti entre Guemes y Santa Fe,14,Puesta en valor del pasaje. Nivelacion de veredas y plantación de árboles.,114,54,,,
10/06/16,Obra,Reunión Informativa,CENTENERA Y BONIFACIO,,Vice Jefatura,"2° reunión informativa para dar a conocer el anteproyecto de la obra.
 Av Avellaneda 1359. 18h",José bonifacio y del barco centenera,6,Nuevo espacio verde,86,22,,,
10/06/16,Obra,Primera reunión,PATIO GURRUCHAGA,,Vice Jefatura,1ra reunión de vecinos para que nos acerquen sus ideas/propuestas/sugerencias. Córdoba 5064 (Cluib Villa Malcolm).,Gurruchaga y Castillo,15,Puesta en valor.,192,56,,,
13/06/16,Obra,Votación Obras,PANAMÁ Y TROILO,,Vice Jefatura,¿Qué tipo de bancos y bolardos te gustaría colocar en el Pasaje Panamá y Pasaje Troilo?,Pjes Panama y Troilo desde Sarmiento hasta Av. Corrientes,5,"INCORPORACIÓN DE VEGETACIÓN Y MOBILIARIO (nuevas luminarias, bancos) + REORGANIZACIÓN DE ESTACIONAMIENTO VEHICULAR, cambio de solados",,,4789,"1. Rectangular de madera - 2.209 - 46,1% 2. Ergonómetrico de hormigón - 1.795 - 37,5% 3. Puff cuadrado de cemento - 785 - 16,4%",
14/06/16,Obra,Primera reunión,PARQUE GRAL. PAZ,,Vice Jefatura,1ra reunión de vecinos para que nos acerquen sus ideas/propuestas/sugerencias.,"LARRALDE, CRISOLOGO, AV. - PAZ, GRAL., AV.- AIZPURUA (Saavedra)",12,Puesta en valor del parque.,106,115,,,
15/06/16,Obra,Primera reunión,PASAJE GARIBALDI,,Vice Jefatura,"Intercambiar ideas y propuestas con los vecinos.
 Quincho CABJ: Dr. Del Valle Iberlucea y Aristóbulo del Valle. 18h",Garibaldi y Olavarría,4,"Sendas peatonales, paisajismo e iluminación para unir caminito y las inmediaciones del Club Boca Juniors",180,54,,,
16/06/16,Obra,Votación Obras,PATIO URBANO PARAGUAY,,Vice Jefatura,,Paraguay 5138,14,Puesta en valor general del patio.,,,3759,"1. Área de juegos para chicos - 2.220 - 59,1% 2. Postas aeróbicas - 1.539 - 40,9%",
21/06/16,Obra,Primera reunión,ENTORNO URBANO PARQUE RIVADAVIA,,Ministerio de Ambiente y Espacio Público (MAyEP),"Intercambiar ideas y propuestas con los vecinos.
 Dire: Av. Avellaneda 1359. 18h",Av. La Plata y Av. Rivadavia | Río de Janeiro entre FFCC Sarmiento y av. Rivadavia | Campichuelo entre FFCC y Av. Rivadavia | Doblas entre av. Rivadavia y Rosario,6,,338,58,,,
22/06/16,Obra,Reunión Informativa,BOULEVARD JUAN B. JUSTO,,Vice Jefatura,"Reunión informativa sobre el ante proyecto de la obra.
 Dire: Sarachaga 5634. 18h",Av. Juan B. Justo Entre Victor Hugo y Canónigo Miguel del Corro,10,"Recuperación y üesta en valor del bpulevard. Aportando nueva vegetación, veredas, accesibilidad, equipamiento urbano e iluminación",291,85,,,
22/06/16,Proyecto,Votación Proyecto,ESCUELA ABIERTA LOS SÁBADOS,,Ministerio de Educación,"Qué actividades te gustaría que se realicen en la Jornada Especial de Escuela Abierta el Sábado el 16 de Julio? Muestra de Arte, Jornada de Juegos y Recreación o Jornada de Talleres Literarios",,,,,,4622,"1. Jornada de juegos y recreación - 2.257 - 48,8% 2. Jornada de talleres literarios - 1.356 - 29,3% 3. Muestra de arte - 1.009 - 21,8%",
23/06/16,Obra,Votación Obras,BAU ENTRE RÍOS,,Ministerio de Ambiente y Espacio Público (MAyEP),,Entre Rios y Autopista 25 de Mayo,1,"Puesta en valor de los bajo autopistas e incorporación de funciones que cualifiquen el espacio público. El proyecto comprende el pintado de fachadas, incorporación de mobiliario urbano, intervenciones artísticas y refuerzo de la iluminación.",,,4320,"1. Opción 2 - 2.045 - 47,3% 2. Opción 3 - 1.141 - 26,4% 3. Opción 1 - 1.134 - 26,3%",
24/06/16,Obra,Reunión Informativa,CALLE ALSINA Y MORENO,,Ministerio de Desarrollo Urbano y Transporte (MDUyT),"Se le contará a los vecinos el proyecto. Foto Club Bs. As. (Hipólito Yrigoyen 834), 18hs",Ambas obras van desde Bernardo de Irigoyen hasta Av. Pte. Julio Roca (Diagonal Sur),1,,243,68,,,
27/06/16,Proyecto,Votación Proyecto,TALLER DE MASCOTAS,,Ministerio de Ambiente y Espacio Público (MAyEP),"En qué plaza te gustaría desarrollar un taller sobre paseo y tenencia responsable de mascotas? Parque Rivadavia (Caballito), Plaza 1 de Mayo (Balvanera), Plaza Martín Rodríguez (Villa Pueyrredón) o Plaza Islas Malvinas (Boca).",,,,,,5351,"1. Parque Rivadavia - 2.943 - 55% 2. Plaza Martín Rodriguez - 999 -18,6% 3. Plaza Isla Malvinas  - 771 - 14,4% 4. Plaza 1° de Mayo - 641 - 12%",
28/06/16,Obra,Visita de Obra,CENTRO DE CONVENCIONES BUENOS AIRES CEC,,Ministerio de Desarrollo Urbano y Transporte (MDUyT),Se informará a los vecinos sobre la obra y luego haremos un recorrido por la misma. Es a las 15hs,Av. Figueroa Alcorta y Pueyrredon,2,Obra ya casi finalizada. Es el nuevo centro de convenciones de Bs. As.,585,157,,,
28/06/16,Obra,Primera reunión,PLAZA 1 DE MAYO ,,Ministerio de Ambiente y Espacio Público (MAyEP),1ra reunión de vecinos para que nos acerquen sus ideas/propuestas/sugerencias.,"Av. Hipólito Yrigoyen 2200, C1089AAP CABA",3,,489,,,,
29/06/16,Obra,Primera reunión,PASEO AEROBICO GRAL. HORNOS,,Vice Jefatura,Intercambiar ideas y propuestas con los vecinos,Gral. Hornos 600 al 1700 (entre J.M. Samperio y California),4,Demarcación de senda aeróbica e instalación de luminarias,363,93,,,
30/06/16,Obra,Votación Obras,CIRCUITO DE ENTRENAMIENTO RECOLETA,,Vice Jefatura,Votación ¿Cuál de estos nuevos espacios deportivos te gustaría agregar al Circuito de Entrenamiento Recoleta? 1. Canchas de fútbol cinco 2. Nuevas postas aeróbicas 3. Circuito para corredores,"Av. Figueroa Alcorta , Av. Pueyrredon, Av. del Libertador y Tagle",2,Se va a poner en valor la plaza Rubén Darío para la gran cantidad de gente que actualmente hoy asiste a hacer actividades deportivas.,,,14486,"1. Circuito para corredores - 5.640 - 38,9% 2. Canchas de fútbol 5 - 4.922 - 34% 3. Nuevas postas aeróbicas - 3.924 - 37,1%",
30/06/16,Proyecto,Votación Proyecto,DONACIÓN DE SANGRE,,Ministerio de Salud,"Qué plaza te gustaría que visite la Unidad Móvil de Donación de Sangre? Plaza Italia (Palermo), Parque Centenario (Caballito) o Plaza Libertador General San Martín (Retiro) La unidad visitará el lugar ganador el Sábado 10 de Septiembre de 9 a 16 hs.",,,,,,3526,"1. Parque Centenario - 1.689 - 47,90% 2. Plaza Italia - 1.187 - 33,66% 3. Plaza Libertador Gral San Martín - 489 - 13,87% 4. Plaza Islas Malvinas - 161 - 4,57%",
04/07/16,Proyecto,Votación Proyecto,METROBUS SUR,,Ministerio de Desarrollo Urbano y Transporte (MDUyT),"Qué nombre te gustaría que se llame la Estación de Metrobús Sur que se encuentra en el Polideportivo San Lorenzo? Estación San Lorenzo, Estación Los Gauchos de Boedo o Estación Caras Sucias",,5,,,,27074,"1. San Lorenzo - 14.163 - 52,3% 2. Los Carasucias - 6.676 - 24,7%  3. Los Gauchos de Boedo - 6.235 - 23%",
05/07/16,Obra,Primera reunión,PARQUE LAS VICTORIAS,,Vice Jefatura,1ra reunión de vecinos para que nos acerquen sus ideas/propuestas/sugerencias.,"LARRAZABAL, AV. - FERNANDEZ DE LA CRUZ, FRANCISCO, GRAL., AV. - ROCA, CNEL., AV",8,"adecuación a nuevos usos y actividades. Inclusión de nuevo mobiliario, circuitos aeróbicos, postas de ejercitación y deportes urbanos",210,54,,,
06/07/16,Obra,Primera reunión,POLO CIRCO,,Vice Jefatura,1ra reunión de vecinos para que nos acerquen sus ideas/propuestas/sugerencias.,Av. Juan de Garay 2000 y Combate de los Pozos,4,"Parque temático para la práctica y difusión de actividades circenses. Inclusión de mas equipamiento, mobiliario y plantación de arbolado y vegetación",308,48,,,
06/07/16,Obra,Votación Obras,PARQUE LAS HERAS,,Ministerio de Ambiente y Espacio Público (MAyEP),¿Estas de acuerdo con que el Parque las Heras tenga un sector de caniles para los perros? - Estoy de acuerdo - No estoy de acuerdo,"Av. Las Heras, Av.Juncal, Salguero y Cnel Diaz (Palermo)",14,"Recuperación y puesta en valor general de senderos mobiliario, iluminación, equipamiento de juegos y deportes urbanos, arbolado vegetación y riego.",,,13670,1. Estoy de acuerdo - 10.513 - 77% 2. No estoy de acuerdo - 3.157 - 23%,
07/07/16,Proyecto,Votación Proyecto,MURAL MULTISENSORIAL,,Ministerio de Desarrollo Urbano y Transporte (MDUyT),Qué mural multi sensorial te gustaría instalar en la Estación Primera Junta de la Línea A? Amor Fraternal o Educación Inclusiva,,,,,,11150,"1. Educación Inclusiva - 6.704 - 60,1% 2. Amor Fraternal - 4.446 - 39,9%",
11/07/16,Proyecto,Votación Proyecto,HECES CANINAS,,Ministerio de Ambiente y Espacio Público (MAyEP),"En qué plaza te gustaría llevar adelante la Campaña de Concientización sobre los Desechos de las Mascotas? Parque Las Heras (Palermo), Plaza Mafalda (Colegiales), Plaza Vicente López y Planes (Recoleta) o Parque Saavedra (Saavedra)",Av. Gral. Las Heras y Jerónimo Salguero - Gral. Enrique Martinez y Santos Dumont - Parana y Juncal - Besares y Pinto.,,,,,17068,"1. Parque las Heras - 8.806 - 51,6% 2. Parque Saavedra - 3.821 - 22,4% 3. Plaza Vicente López y Planes - 2.532 - 14,8% 4. Plaza Mafalda - 1.909 - 11,2%",
12/07/16,Obra,Votación Obras,ESPACIO PARA PASEADORES,,Vice Jefatura,"¿Cómo queres que sea el acceso a los caniles exclusivos para paseadores?
 *Acceso libre para paseadores
 *Acceso con registro previo de paseadores","Brig. Gral. J. F. Quiroga, entre Callao y Alcorta",2,Se van a construir 3 caniles detrás el Parque Thays para que los paseaores puedan llevar allá a los perros.,,,8396,"1. Con registro previo - 4.992 - 59,5% 2. Acceso libre - 3.404 - 40,5%",
13/07/16,Obra,Primera reunión,PARQUE ALBERDI,,Ministerio de Ambiente y Espacio Público (MAyEP),Licitación 10/8,Av Directorio | Av Lisandro de la Torre | Martiniano Leguizamon | Tandil,9,"Mantenimiento: Completamiento de verde, riego, mobiliario urbano, luminaria",182,78,,,
13/07/16,Obra,Votación Obras,PATIO DEPORTIVO,,Vice Jefatura,Tenemos pensado poner una cancha de alguno de estos deportes ¿Cuál te gustaría? 1-Volley 2- Basquet 3- Handball,Bolivia 5842 (Barrio de Villa Pueyrredón),12,Mejoras en las instalaciones del patio (cancha y vestuarios),,,4153,"1. Básquet - 1.923 - 46,3% 2. Voley - 1.138 - 27,4% 3. Handball - 1.092 - 26,3%",
14/07/16,Proyecto,Votación Proyecto,ZOO ECOPARQUE,,Ministerio de Modernización Innovación y Tecnología,El antiguo Zoo se va a transformar en un lugar donde la experiencia tecnológica reemplazará a los animales en cautiverio. ¿Qué te gustaría encontrar en el nuevo Ecoparque Interactivo?,,14,Análisis de propuestas para el nuevo Ecoparque Interactivo,,,26412,,
15/07/16,Obra,Votación Obras,BOULEVARD COM. MARTIN RIVADAVIA,,Ministerio de Ambiente y Espacio Público (MAyEP),Votación: ¿Qué actividad recreativa te gustaría sumar en el corredor y en su entorno? - Circuito para corredores -Rampas de Skate - Mesas de ping-pong,Por Rivadavia Martín Comodoro desde Autopista Lugones hasta Av. Cabildo (Barrio de Núnez),13,,,,10882,1. Circuito para corredores - 6.019 Votos - 55%  2. Mesas de ping-pong - 2.882 Votos - 27% 3. Rampas de Skate - 1.981 Votos - 18%,
18/07/16,Obra,Votación Obras,PATIO GURRUCHAGA,,Vice Jefatura,"Vamos a ampliar el sector de juegos para chicos en el Patio Gurruchaga. ¿Cuál te gustaría que se incorpore?
 
 - Calesita integradora con freno 
 - Panel dos tambores 
 - Panel ta te ti",Gurruchaga y Castillo,15,Puesta en valor del patio,,,3173,"1. Calesita integradora con freno - 2.139 - 67,4% 2. Panel de ta-te-ti - 644 - 20,3% 3. Panel dos tambores - 390 - 13,3%",
19/07/16,Obra,Primera reunión,PATIO DE JUEGOS SAMORÉ,,Vice Jefatura,Licitación 30/8,"Av. Escalada, Av. Castañares y Dellepiane Este",8,Puesta en Valor de los Patios de Juegos,204,37,,,
20/07/16,Proyecto,Votación Proyecto,TANGO FESTIVAL,,Ministerio de Cultura,"Qué repertorio te gustaría escuchar? Grandes Clasicos Instrumentales, Grandes Clasicos Cantados o Repertorio de Astor Piazolla",,,,,,12214,"1. Grandes clásicos cantados - 4.609 - 37,7% 2. Repertorio de Astor Piazzolla - 4.301 - 35,2% 3. Grandes Clásicos Instrumentales - 3.304 - 27,1%",
21/07/16,Obra,Votación Obras,BAU JUJUY,,Ministerio de Ambiente y Espacio Público (MAyEP),"¿Qué modelo te gustaría que se realice sobre el techo?
 - Opción 1
 - Opción 2
 - Opción 3",Av. Jujuy y Autopista 25 de Mayo,3,"Puesta en valor de los bajo autopistas e incorporación de funciones que cualifiquen el espacio público. El proyecto comprende el pintado de fachadas, incorporación de mobiliario urbano, intervenciones artísticas y refuerzo de la iluminación.",,,2135,"1. Opción 2 - 1.005 - 47% 2. Opción 3 - 626 - 29,4% 3. Opción 1 - 504 - 23,6%",
26/07/16,Obra,Votación Obras,PARQUE ISLA DE LA PATERNAL,,Ministerio de Ambiente y Espacio Público (MAyEP),¿Qué espacio deportivo o recreativo te gustaría que se haga en el Parque Isla de la Paternal? - Dos canchas de fútbol - Cancha de Basquet -Dos mesas de ping pong,"CHORROARIN, AV. - GUTEMBERG - DE LOS CONSTITUYENTES, AV., - ZABALA, JOAQUIN",15,"Recuperación y puesta en valor general de senderos mobiliario, iluminación, equipamiento de juegos y deportes urbanos, arbolado vegetación y riego. Restitución del rosedal histórico",,,23056,1. Dos canchas de Fútbol 5 - 14.073 - 61% 2. Una cancha de Básket - 5.766 - 25% 3. Dos mesas de Ping Pong - 3.217 - 14%,
27/07/16,Obra,Reunión Informativa,OBRA HIDRAÚLICA CAAGUAZÚ,,Ministerio de Desarrollo Urbano y Transporte (MDUyT),Presentacion del Ante-proyecto.,Av. Caseros y Monteagudo.,9,Puesta en Valor del Parque Patricios.,93,35,,,
27/07/16,Obra,Primera reunión,PARQUE CHACABUCO,,Ministerio de Ambiente y Espacio Público (MAyEP),"1ra reunión de vecinos para que nos acerquen sus ideas/propuestas/sugerencias. 
 Salón Adan Bajo Autopista: 
 Av. Eva Perón 1400
 Dentro del Parque chacabuco",Av. Asamblea | Av. Curapaligue | Av. Eva Perón | Emilio Mitre,7,"Recuperación y puesta en valor general de senderos mobiliario, iluminación, equipamiento de juegos y deportes urbanos, arbolado vegetación y riego. Restitución del rosedal histórico",303,89,,,
27/07/16,Obra,Primera reunión,PARQUE ISLA DE LA PATERNAL,,Ministerio de Ambiente y Espacio Público (MAyEP),"1ra reunión de vecinos para que nos acerquen sus ideas/propuestas/sugerencias. 
 Salón Adan Bajo Autopista: 
 Av. Eva Perón 1400
 Dentro del Parque chacabuco",Av. Asamblea | Av. Curapaligue | Av. Eva Perón | Emilio Mitre,15,"Recuperación y puesta en valor general de senderos mobiliario, iluminación, equipamiento de juegos y deportes urbanos, arbolado vegetación y riego. Restitución del rosedal histórico",301,50,,,
28/07/16,Proyecto,Votación Proyecto,CANILES,,Ministerio de Ambiente y Espacio Público (MAyEP),"Qué canil te gustaría que ponga en valor primero? Plaza Aristóbulo del Valle (Villa del Parque), Plaza Noruega (Belgrano) o Plaza de la Misericordia (Flores)",,,Puesta en valor de caniles existentes,,,15036,1. Plaza Noruega - 6.055 - 40%  2. Plaza Aristóbulo del Valle - 4.644 - 31%  3. Plaza de la Misericordia - 4.337 - 29%,
01/08/16,Proyecto,Votación Proyecto,NÚCLEOS,,Vice Jefatura,"Qué taller te gustaría realizar durante las jornadas de Núcleos? Murga, Teatro o Malabares",,,"El objetivo de Núcleos es ofrecer propuestas deportivas, recreativas, integradoras e inclusivas en diferentes puntos ubicados en barrios vulnerables de la Ciudad de Buenos Aires.",,,11410,1. Teatro - 6.986 - 61% 2. Murga - 2.836 - 25% 3. Malabares - 1.588 - 14%,
02/08/16,Obra,Votación Obras,PARQUE LAS HERAS,,Ministerio de Ambiente y Espacio Público (MAyEP),"¿Cuál de estas canchas te gustaría que tuviese el Parque Las Heras?
 
 - Voley
 
 - Basquet
 
 - Fútbol","Av. Las Heras, Av.Juncal, Salguero y Cnel Diaz",14,"Recuperación y puesta en valor general de senderos mobiliario, iluminación, equipamiento de juegos y deportes urbanos, arbolado vegetación y riego.",,,27895,1. Fútbol - 11.306 - 41% 2. Básquet - 8.780 - 31% 3. Vóley - 7.809 - 28%,
02/08/16,Obra,Reunión Informativa,PARQUE PATRICIOS,,Vice Jefatura,"2° Reunión/Recorrido de obra. (En la misma plaza, esq. Alvear y Bioy Casares), 15hs.","Alvear, Bioy Casares y Posadas",4,Puesta en valor de la plaza haciendo hincapié en la recuperación de los senderos y en resguardar a los arboles históricos que se encuentran en ella,390,220,,,
03/08/16,Proyecto,Votación Proyecto,FIAB N° 15,,Ministerio de Ambiente y Espacio Público (MAyEP),"En qué plaza de la Comuna 2 te gustaría encontrar una Feria Itinerante de Abastecimiento Barrial? Plaza R. del Paraguay, Plaza R. Tailandia, Plaza Francia o Plaza San Martín de Tours.",,,Ferias Itinerantes de Abastecimiento Barrial,,,12897,1. Plaza Francia - 6.090 - 47% 2. Plaza R. del Paraguay - 3.319 - 26% 3. Plaza San Martín de Tours - 2.318 - 18% 4. Plaza R. Tailandia - 1.170 - 9%,
04/08/16,Obra,Votación Obras,BAJO AUTOPISTA LA PLATA Y JOSÉ M. MORENO,,Ministerio de Ambiente y Espacio Público (MAyEP),"¿Qué diseño te gustaría para el techo del Bajo Autopista 25 de Mayo y Av. José María Moreno?
 
 Opción 1 
 Opción 2
 Opción 3",Av. Jose M. Moreno y Autopista 25 de Mayo,7,,,,4320,"1. Opción 2 - 2.045 - 47,3% 2. Opción 3 - 1.141 - 26,4% 3. Opción 1 - 1.134 - 26,3",
16/08/16,Proyecto,Votación Proyecto,EL SAN MARTÍN EN LOS BARRIOS,,Ministerio de Cultura,En Septiembre volvemos a los barrios y nos gustaría que elijas dónde te gustaría encontrar la carpa intinerante? Plaza Irlanda o Parque Chacabuco,,,,,,22485,1. Plaza Irlanda - 12.407 - 55% 2. Plaza Chacabuco - 10.078 - 45%,
17/08/16,Proyecto,Votación Proyecto,BA BAILA,,Vice Jefatura,,,,,,,10463,1. Zumba - 4.838 - 47% 2. Dance Pop - 3.711 - 35% 3. Rumba - 1.914 - 18%,
17/08/16,Obra,Votación Obras,PLAZOLETA DE LOS MILAGROS,,Vice Jefatura,,Calle Crisostomo Alvarez entre Cristobal Hicken y Ricardo Guiraldes,8,"Puesta en valor de la Plazoleta Los Milagros. Se hará una votacion para la incorporacion de mobiliario urbano ( juegos, postas aeróbicas, etc)",,,4063,"1. postas aeróbicas - 1.462 - 36.72% 2. Nuevos juegos para chicos - 1.306 - 32,14% 3. Nuevo mobiliario urbano - 1.295 - 31,87%",
18/08/16,Proyecto,Votación Proyecto,CLUB BA,,Vice Jefatura,"Que deporte te gustaría practicar en la próxima Clase Abierta?
Ciclismo con Walter Pérez
Judo con Gabriel Sabatino
Gimnasia Artística con Federico Molinari",,,,,,10152,1. Gimnasia Artística con Federico Molinari - 4.569 - 45% 2. Ciclismo con Walter Pérez - 3.524 - 35% 3. Judo con Gabriel Sabatino - 2.059 - 20%,
18/08/16,Obra,Reunión Informativa,VOS LO HACÉS - INSPIRATE 1,,Ministerio de Modernización Innovación y Tecnología,"La reunion es a las 17.30hs en Av. General Iriarte 3500, Casa de la Cultura 21-24","La reunion es a las 17.30hs en Av. General Iriarte 3500, Casa de la Cultura 21-24",4,Inspirate 1 (Organiza Modernización),222,180,,,
19/08/16,Obra,Reunión Informativa,PLAZA CONGRESO,,Ministerio de Ambiente y Espacio Público (MAyEP),Reunión informativa para que los vecinos conozcan el ante-proyecto de obra planificado para Plaza Congreso,1ra reunión de vecinos para que nos acerquen sus ideas/propuestas/sugerencias. La reunión se hará el 22-3 a las 9hs en Av. Callao 360.,1,,614,138,,,
19/08/16,Proyecto,Votación Proyecto,ECOPARQUE,,Ministerio de Modernización Innovación y Tecnología,Se propuso que las personas pudieran elegir entre estos tres grandes conceptos: Un parque de educación ambiental con tecnología y entretenimiento. Un hospital veterinario de fauna silvestre. Un parque que ponga en valor la infraestructura del predio.,,,,,,21420,"1. Un centro de rescate y recuperación de animales - 9.543 -  2. Que se convierta en un parque sustentable, por ejemplo alimentado por energía solar - 9.222 - 3. Actividades educativas: Reciclar y compostaje - 6.905 ",
22/08/16,Obra,Reunión Informativa,PLAZA SAN MARTIN DE TOURS,,Ministerio de Ambiente y Espacio Público (MAyEP),"2° reunión informativa. Escuela Técnica Raggio, Av. del Libertador 8635, Nuñez, 18 hs",Avenida General Paz y 11 de septiembre de 1888,2,,,11,,,
22/08/16,Proyecto,Votación Proyecto,METROBUS SAN MARTÍN,,Ministerio de Desarrollo Urbano y Transporte (MDUyT),"Qué nombre te gustaría que tenga la Estación de Metrobus San Martín que se encuentra entre Av. Álvarez Jonte y Punta Arenas? Argentino Juniors, Manuel Gleizer o Abel Ricardo Laudonio",,11,,,,24845,1. Argentinos Juniors - 15.611 - 63% 2. Manuel Gleizer - 5.196 - 21% 3. Abel Ricardo Laudonio - 4.038 - 16%,
22/08/16,Obra,Votación Obras,PLAZA LIBERTAD,,Vice Jefatura,¿Estas de acuerdo con que la Plaza Libertad continúe teniendo un canil para perros? Estoy de acuerdo / No estoy de acuerdo,"LIBERTAD - ALVEAR, MARCELO T. DE - CERRITO - PARAGUAY",1,PUESTA EN VALOR + ILUMINACIÓN,,,7091,1. Estoy de acuerdo -5.408 - 76% 2. No estoy de acuerdo - 1.683 -24%,
24/08/16,Obra,Reunión Informativa,VOS LO HACÉS - INSPIRATE 2,,Ministerio de Modernización Innovación y Tecnología,,"Bermudez 2052, Colegio San Pedro Apostol, 19hs",10,Inspirate 2 (Organizada por Participacion Ciudadana),437,170,,,
25/08/16,Obra,Reunión Informativa,VOS LO HACÉS - INSPIRATE 3,,Ministerio de Modernización Innovación y Tecnología,,La reunion es a las 19hs en Av. Alicia M.Justo 1400 (UCA),1,Inspirate 3 (Organiza Modernizacion),,220,,,
26/08/16,Obra,Reunión Informativa,PARQUE LAS HERAS,,Ministerio de Ambiente y Espacio Público (MAyEP),1ra reunión de vecinos para que nos acerquen sus ideas/propuestas/sugerencias. La reunión se hará el 22-3 a las 9hs en Av. Callao 360.,"ENTRE RIOS, AV. - RIVADAVIA, AV. - DE MAYO, AV. - SAEZ PEÑA, LUIS, PRES., AV. - YRIGOYEN, HIPOLITO.",14,,689,132,,,
26/08/16,Obra,Reunión Informativa,ENTORNO ESTACION RIVADAVIA,,Ministerio de Ambiente y Espacio Público (MAyEP),"Presentacion del Ante-proyecto. En Juncal 3251. Escuela Normal Superior en Lenguas Vivas Sofía Esther Broquen de Spangenberg, 18 hs.","Av. Las Heras, Av.Juncal, Salguero y Cnel Diaz",13,"Recuperación y puesta en valor general de senderos mobiliario, iluminación, equipamiento de juegos y deportes urbanos, arbolado vegetación y riego.",430,97,,,
28/08/16,Proyecto,Votación Proyecto,MUNDIAL DE TANGO,,Ministerio de Cultura,Elección de la pareja finalista favorita del público en la categoría Tango Escenario,,,"Para este evento tanguero único y de repercusión internacional, que tiene ya su fecha consagrada en el mes de agosto, miles de bailarines y público de todo el mundo llegan a la Ciudad para participar y vivir las diversas actividades que ofrece.",,,12286,Pareja Ganadora: Juan Francisco y María - 2.377 - 19%,
30/08/16,Proyecto,Votación Proyecto,ECOBICI,,Ministerio de Desarrollo Urbano y Transporte (MDUyT),"Qué nueva estación de Ecobici te gustaría que se inaugure primero?
Comuna 3 - Saavedra 1027
Comuna 5 - Constitución 4104
Comuna 6 - Guayaquil 213
",,,"En el marco de las politicas de promocion del uso de la bici, se colocan 30 nuevas estaciones de bicicletas publicas en las comunas de la ciudad.",,,15079,"1. Comuna 6 - 5.333 - 35,37% 2. Comuna 5 - 4.877 - 32,34% 3. Comuna 3 - 4.869 - 32,29%",
30/08/16,Obra,Votación Obras,SAN IRENEO Y FORMOSA,,Ministerio de Desarrollo Urbano y Transporte (MDUyT),"Se hará una reunion infomativa para contar sobre el proyecto, ese mismo dia iniciará la votacion. En Club Italiano (Av. Rivadavia 4731), 18hs","San Ireneo entre Juan Bautista Alberdi y Guayaquil y Formosa, entre Juan Bautista Alberdi y Riglos",6,,,,1400,1. SI - 549 Votos - 78% 2. No - 151 Votos - 22% 1. Romero - 308 Votos - 44% 2. Agapanthus - 233 Votos - 33% 3. Salvia - 159 Votos - 23%,
30/08/16,Obra,Reunión Informativa,SAN IRENEO Y FORMOSA,,Ministerio de Desarrollo Urbano y Transporte (MDUyT),"Se hará una reunion infomativa para contar sobre el proyecto, ese mismo dia iniciará la votacion. En Club Italiano (Av. Rivadavia 4731), 18hs","San Ireneo entre Juan Bautista Alberdi y Guayaquil y Formosa, entre Juan Bautista Alberdi y Riglos",6,"Colocación de verdes, forestación y disminución/ordenamiento del tránsito a través de la nivelación de la calle San Ireneo y cruce con Formosa. Se agregan ""orejas"" en las esquinas, equipamiento urbano e iluminación peatonal.",139,52,,,
31/08/16,Obra,Reunión Informativa,VOS LO HACÉS - INSPIRATE 4,,Ministerio de Modernización Innovación y Tecnología,,"La reunion es a las 17.30hs, Corrales 3400, La Casa Amarilla de Villa Soldati",8,Inspirate 4 (Organiza Modernizacion),72,150,,,
01/09/16,Obra,Votación Obras,HAGO MI ESPACIO,,Ministerio de Desarrollo Urbano y Transporte (MDUyT),"Se hará una reunion infomativa para contar sobre el proyecto, ese mismo dia arrancará la votacion. Salón Adán bajo autopista Av Eva Perón 1400 (dentro del parque)",,7,"Es un proyecto a traves del cual los vecinos de la comuna 7 pueden elegir entre 3 lugares a intervenir por el MDU. Los lugares son: Av. Lafuente y AU 25 de Mayo, Lautaro y AU 25 de Mayo y Av. Eva Perón y AU 25 de Mayo.",,,10646,1. Bajo AU 25M y Eva Perón - 5.268 - 49% 2. Bajo AU 25M y Lautaro - 3.108 - 29% 3. Bajo AU 25M y Av. Lafuente - 2.270 - 22%,
01/09/16,Obra,Reunión Informativa,VOS LO HACÉS - INSPIRATE 5,,Ministerio de Modernización Innovación y Tecnología,,"Av. pres. Figueroa Alcorta 7350, Di Tella, 18hs",13,Inspirate 5 (Organiza Modernizacion),323,200,,,
02/09/16,Obra,Votación Obras,PARQUE ALBERDI,,Ministerio de Ambiente y Espacio Público (MAyEP),¿Qué espacio te gustaría que se incorpore en el Parque Alberdi? -Juegos para chicos -Senda aeróbica para corredores -Postas aeróbicas,Av Directorio | Av Lisandro de la Torre | Martiniano Leguizamon | Tandil,9,"Mantenimiento: Completamiento de verde, riego, mobiliario urbano, luminaria",,,18515,1. Juegos para chicos - 8.978 - 48% 2. Senda areróbica para corredores - 5.127 - 28% 3. Postas aeróbicas - 4.410 - 24% ,
05/09/16,Proyecto,Votación Proyecto,CELEBRA LAS REGIONES,,Ministerio de Gobierno,"De qué región te gustaría que sea la receta que cocine (Dolli Irogoyen) durante el evento ""Buenos Aires Celebra las Regiones""?
- Norte
- Cuyo
- Litoral
- Centro
- Patagonia",,,,,,8036,1. Norte - 2.870 - 36% 2. Patagonia - 2.438 - 30% 3. Litoral - 1.025 - 13% 4. Cuyo - 913 - 11% 5. Centro - 790 - 10%,
07/09/16,Proyecto,Votación Proyecto,RECOLECCIÓN ESPECIAL DE APARATOS ELECTRÓNICOS RAEE,,Ministerio de Ambiente y Espacio Público (MAyEP),,,,,,,17844,1. Puerto Madero - 8.511 - 48% 2. Plaza General Manuel Belgrano - 4.698 - 26% 3. Plaza Sudamérica - 2.394 - 13% 4. Plazoleta Reino de Tailandia  - 2.241 - 13%,
08/09/16,Proyecto,Votación Proyecto,PUNTOS VERDES,,Ministerio de Ambiente y Espacio Público (MAyEP),"Dónde te gustaría encontrar Puntos Verdes primero en la Comuna 1? Parques y Plazas, Edificios Públicos o Hiper/Supermercados",,,,,,17279,1. Parques y Plazas - 10.014 - 58% 2. Hiper/Supermercados - 5.091 - 29% 3. Edificios Públicos - 2.174 - 13%,
08/09/16,Obra,Primera reunión,PARQUE 3 DE FEBRERO,,Ministerio de Ambiente y Espacio Público (MAyEP),2º reunión de vecinos para que conozcan el proyecto de la obra. Lugar confitería del Golf de Palermo Av. Ernesto Tornquist 6397,"Av. F. alcorta , Av. de los Ombues, Av. Valentin Alsina",14,,256,71,,,
13/09/16,Obra,Reunión Informativa,ÁREA AMBIENTAL RETIRO,,Ministerio de Ambiente y Espacio Público (MAyEP),"2° reunión informativa. En Sociedad Científica Argentina (Av. Santa Fe 1145), 18h.",,1,,373,100,,,
13/09/16,Obra,Reunión Informativa,VOS LO HACÉS - INSPIRATE 6,,Ministerio de Modernización Innovación y Tecnología,,Calle Playon y bajo autopista,1,,101,130,,,
14/09/16,Obra,Reunión Informativa,ESPACIO PARA PASEADORES PARQUE THAYS,,Vice Jefatura,"2° reunión informativa. En Vicente Lopez 1999, esq. Junin (Auditorio El pilar), 18 hs.","Brig. Gral. J. F. Quiroga, entre Callao y Alcorta",2,Se van a construir 3 caniles detrás el Parque Thays para que los paseaores puedan llevar allá a los perros.,470,29,,,
15/09/16,Obra,Reunión Informativa,SOLDADO DE LA FRONTERA,,Ministerio de Ambiente y Espacio Público (MAyEP),1ra reunión de vecinos para que nos acerquen sus ideas/propuestas/sugerencias.,Soldado de la Frontera entre Av. Roca y Ana Diaz,8,,298,55,,,
15/09/16,Proyecto,Votación Proyecto,CAMPEONATO DEL ASADO,,Vice Jefatura,,,,,,,34879,1. Asado (Tira ancha) - 17.178 - 49%  2. Vacío - 11.600 - 33% 3. Colita de Cuadril - 2.371 - 7% 4. Bife Angosto (Bife de Chorizo) - 2.191 - 6% 5. Bife Ancho (Ojo de bife) - 1.539 - 5%,
15/09/16,Obra,Reunión Informativa,VISITA COMUNA 12,,Ministerio de Desarrollo Urbano y Transporte (MDUyT),"Visita de obra 15 hs. Holmberg 2596, entre Av. Monroe y las vías (Nueva sede de la Comuna 12)",Holmberg 2596 (Nueva sede de la Comuna 12),12,Visita de la obra que se está realizando en la nueva sede de la comuna 12.,551,156,,,
20/09/16,Proyecto,Votación Proyecto,FOOD TRUCK,,Vice Jefatura,"Te gustaría que haya food trucks (carritos de comida) en las áreas de la ciudad donde no hay oferta gastronómica?
Estoy de acuerdo
No estoy de acuerdo
",,,,,,110589,1. Estoy de acuerdo - 92.235 - 83% 2. No estoy de acuerdo - 18.354 - 17%,
20/09/16,Obra,Reunión de co creación,HAGO MI ESPACIO,,Ministerio de Desarrollo Urbano y Transporte (MDUyT),"Reunion de co-creacion que se va a dar a raiz de los resultados de votacion, Universidad de Flores (UFLO), Pedernera 288, 18hs",Autopista 25 de Mayo y Av. Eva Peron,7,"Es un proyecto a traves del cual los vecinos de la comuna 7 pueden elegir entre 3 lugares a intervenir por el MDU. Los lugares son: Av. Lafuente y AU 25 de Mayo, Lautaro y AU 25 de Mayo y Av. Eva Perón y AU 25 de Mayo. ",121,50,,,
20/09/16,Proyecto,Convocatoria,CIUDAD EMERGENTE,,Ministerio de Cultura,"Convocatoria de artistas para pintar una fachada de 13 x 20 mts durante los días del festival de 11 a 19 hs con la técnica que decida el ganador, en el Barrio La Boca pintando al lado de grandes artistas como Martín Ron y Marina Zumi.",,,,,,,,
20/09/16,Obra,Reunión Informativa,2° HAGO MI ESPACIO,,Ministerio de Modernización Innovación y Tecnología,Reunión informativa para contarles el proyecto a los vecinos ,,1,,52,30,,,
22/09/16,Proyecto,Votación Proyecto,AUTÓDROMO DE NOCHE ADN ,,Ministerio de Modernización Innovación y Tecnología,"Qué actividades te gustaría encontrar proximamente en el Autódromo Oscar Alfredo Gálvez? Eventos Culturales, Convocatoria a Clubes o Ciclismo",,,,,,21576,1. Eventos Culturales - 9.226 - 43% 2. Convocatoria con Clubes - 6.875 - 32% 3. Ciclismo - 5.475 - 25%,
23/09/16,Obra,Reunión Informativa,PATIO GURRUCHAGA,,Vice Jefatura,"2° reunión informativa. En Iglesia San Bernardo Abad (Gurruchaga 167), 18h",Gurruchaga y Castillo,15,Puesta en valor,202,60,,,
26/09/16,Proyecto,Experiencia BA,ASCENSO TORRE DE LA CIUDAD,,Ministerio de Modernización Innovación y Tecnología,,,,,10557,200,,,
27/09/16,Proyecto,Votación Proyecto,MASCOTAS EN EL SUBTE,,Ministerio de Desarrollo Urbano y Transporte (MDUyT),Estás de acuerdo con qué las mascotas puedan viajar en subte los fines de semana y feriados? Estoy de acuerdo - No estoy de acuerdo,,,"Con el fin de promover acciones amistosas para nuestras mascotas, es que se plantea la posibilidad de llevarlos de paseo en los Subtes",,,151800,1. Estoy de acuerdo - 109.114 - 72% 2. No estoy de acuerdo - 42.686 - 28%,
27/09/16,Obra,Reunión Informativa,VOS LO HACÉS - INSPIRATE 7,,Ministerio de Modernización Innovación y Tecnología,,"Club Moran, Pedro Moran 2446, 18hs",15,,361,150,,,
28/09/16,Obra,Reunión Informativa,VOS LO HACÉS - INSPIRATE 8,,Ministerio de Modernización Innovación y Tecnología,Inspirate 8 (Organiza Modernizacion),Fac. de Economicas (UBA) 19hs Av. Cordoba 2122,3,,119,150,,,
30/09/16,Proyecto,Votación Proyecto,PLAZA RIVADAVIA,,Ministerio de Hábitat y Desarrollo Humano,"¿Qué nombre te gustaría ponerle al Patio de Juegos de Plaza Rivadavia I?
Rincón de la diversión
Madre Teresa de Calcuta 
Placita  de los niños
La medalla milagrosa al Deporte",,6,Se está realizando la obra de mejoramiento y puesta en valor de la Plaza ubicada en el Barrio Rivadavia I. El 7 de octubre a las 16.30 hs se llevará a cabo la inauguración con actividades variadas.,,,3050,1. Placita de los niños - 915 - 30% 2. La medalla milagrosa al Deporte - 860 - 28% 3. Madre Teresa de Calcuta - 744 - 24% 4. Rincón de la diversión - 531 - 18%,
01/10/16,Obra,Difusión,PARQUE ROCA,,Ministerio de Desarrollo Urbano y Transporte (MDUyT),"difusión territorial, para informarles a los vecinos de las obras que se realizan en el parque.",,8,,,,,,
05/10/16,Obra,Reunión Informativa,PATIO URBANO PARAGUAY,,Vice Jefatura,"Reunión informativa para informar resultados de votación. Se presentará el anteproyecto de la obra. (Centro de Día Nº 9, Calle Paraguay 5170)",Paraguay 5170,14,Puesta en valor general del patio.,141,57,,,
05/10/16,Obra,Reunión Informativa,VOS LO HACÉS - INSPIRATE 9,,Ministerio de Modernización Innovación y Tecnología,,Perito Moreno 1700,7,Inspirate 9,189,80,,,
06/10/16,Obra,Reunión Informativa,VOS LO HACÉS - INSPIRATE 10,,Ministerio de Modernización Innovación y Tecnología,,Monroe 4880,12,Inspirate 10 (Organiza Participacion Ciudadana),352,122,,,
07/10/16,Obra,Reunión Informativa,BAJO AUTOPISTA LA PLATA Y JOSÉ M. MORENO,,Ministerio de Ambiente y Espacio Público (MAyEP),"2° reunión informativa. Se toman todos los bajo autopistas juntos.  “Federación Caballito” Avenida La Plata 1151, 18hs", Avenida La Plata 1151,7,"Puesta en valor de los bajo autopistas e incorporación de funciones que cualifiquen el espacio público. El proyecto comprende el pintado de fachadas, incorporación de mobiliario urbano, intervenciones artísticas y refuerzo de la iluminación.",105,19,,,
07/10/16,Proyecto,Votación Proyecto,2DO. CAMPEONATO DEL ASADO,,Vice Jefatura,"Para vos, qué provincia debería ganar el Campeonato Federal del Asado el 9 de Octubre en la 9 de Julio??",Av. 9 de Julio,,,,,,,
11/10/16,Obra,Reunión Informativa,BAU JUJUY,,Ministerio de Ambiente y Espacio Público (MAyEP),2° reunión informativa. Se presentarán los anteproyectos de ambas obras. Escuela N°25 Gervasio Posadas (Av. San Juan 2277),Av. San Juan 2277,3,"Puesta en valor de los bajo autopistas e incorporación de funciones que cualifiquen el espacio público. El proyecto comprende el pintado de fachadas, incorporación de mobiliario urbano, intervenciones artísticas y refuerzo de la iluminación.",111,19,,,
12/10/16,Proyecto,Votación Proyecto,CASAMIENTOS ESPECIALES - ELECCIÓN DE LOCACIÓN,,Ministerio de Gobierno,"En qué lugar de la Ciudad te gustaría celebrar la ceremonia civil de Casamiento? Plaza de las Naciones Unidas (A la vera de la Floralis Genérica), El Rosedal, Teatro Colón o Puente de la Mujer",,,,,,60747,"1. Teatro Colón - 23.048 - 37,94% 2. Rosedal - 22.694 - 37,36% 3. Puente de la Mujer - 11.080 - 18,24% 4. Floralis - 3.295 - 6,46%",
12/10/16,Obra,Reunión Informativa,CRUCE MEDRANO,,Ministerio de Ambiente y Espacio Público (MAyEP),"Reunión informativa, en la Escuela de Comercio Nº 8 Av. Corrientes 4261, 18 HS",Corrientes 4261,5,,277,91,,,
17/10/16,Proyecto,Votación Proyecto,ARGENTINA LEGISLA,,Ministerio de Gobierno,,,,,,,32882,1. Ley 5049 Evaluación Educativa - 14.691 - 45% 2. Ley 2917 Régimen de becas - 9.366 - 28% 3. Ley 4016 Programas para la mujer - 8.825 - 27%,
18/10/16,Obra,Reunión Informativa,PLAN INTEGRAL,,Ministerio de Desarrollo Urbano y Transporte (MDUyT),Reunión Informativa,Cóndor 2979,8,"Puesta en valor del Parque Indoamericano, incluyendo la mudanza de actividades deportivas al mismo por el cierre del Parque Roca",212,57,,,
18/10/16,Obra,Reunión Informativa,VOS LO HACÉS - INSPIRATE 11,,Ministerio de Modernización Innovación y Tecnología,, Andonaegui 1246,15,Inspirate 11 (Organiza Participacion Ciudadana),301,140,,,
20/10/16,Proyecto,Votación Proyecto,NOCHE DE LA MÚSICA,,Ministerio de Cultura,,El Rosedal,,,,,10977,,
24/10/16,Proyecto,Votación Proyecto,ABBEY ROAD,,Ministerio de Cultura,"Qué banda te gustaría que sea finalista del concurso?
Fiero 
The Pelos 
GrUta",,,,,,11278,1. The Pelos - 4.418 - 39% 2. Gruta - 4.115 - 36% 3. Fiero - 2.745 - 24%,
25/10/16,Obra,Reunión Informativa,PASEO AEROBICO GRAL. HORNOS,,Vice Jefatura,2° Reunión para comentar resultados de votación y anteproyecto.,Avenida Montes de Oca 745,4,Demarcación de senda aeróbica e instalación de luminarias,312,75,,,
26/10/16,Proyecto,Votación Proyecto,CHARLAS SALUDABLES,,Vice Jefatura,,,,Todos los meses en las estaciones saludables fijas se desarrollan diferentes ejes de trabajo, es decir que se hace foco en temas puntuales en función del interés de los vecinos o en fechas especiales  llevando a cabo charlas saludables gratuitas.,,,15110,
26/10/16,Obra,Reunión Informativa,PARQUE ALBERDI,,Ministerio de Ambiente y Espacio Público (MAyEP),2° Reunión,Av. De Los Corrales 6851,9,"Mantenimiento: Completamiento de verde, riego, mobiliario urbano, luminaria",252,46,,,
27/10/16,Proyecto,Votación Proyecto,BA JAZZ FESTIVAL,,Ministerio de Cultura,,Parque Centenario,,,,,4422,Miles Davis - 1.024 - 23%  Duke Ellington - 954 - 22% Tom Jobim  - 902 - 20% Charlie Parker - 699 - 16% Dave Brubeck - 461 - 10% Thelonious Monk - 382 - 9%,
01/11/16,Proyecto,Convocatoria,BOLSAS RECICLABLES,,Ministerio de Ambiente y Espacio Público (MAyEP),,,,,10270,Sin Datos,,,
02/11/16,Obra,Reunión de co creación,PARQUE DE LA ESTACIÓN,,Ministerio de Desarrollo Urbano y Transporte (MDUyT),,"Pres. Tte. Gral. Juan Domingo Perón 3326, B1613AUT, B1613AUT CABA",3,Creación de un nuevo espacio público en terrenos recuperados del FFCC. en la estáción Once. ,192,66,,,
02/11/16,Proyecto,Votación Proyecto,PATIO GASTRÓNOMICO (LECHEROS),,Vice Jefatura,"Qué otras propuestas ademas de gastronomía, te gustaría encontrar en el Patio de las Colectividades? 
A) Talleres de cocina 
B) Mercado de productos 
C) Talleres de huerta. 

",,6,,,,21536,1. Mercado de productos - 8.918 - 41% 2. Talleres de cocina - 7.100 - 33% 3. Talleres de huerta - 5.518 - 26%,
04/11/16,Obra,Visita de Obra,COCHERAS SUBTE LINEA H,,Ministerio de Desarrollo Urbano y Transporte (MDUyT),,"Parque Patricios, (Favaloro y Athuel)",4,"A continuacion de la estacion Congreso de Tucuman del subte D, están en construcción las cochera del mismo. La obra consta de la prolongación de las cocheras.",259,47,,,
07/11/16,Obra,Votación Obras,“MI BARRIO” (C1 Y C4) BARRACAS,,Ministerio de Ambiente y Espacio Público (MAyEP),,Av. Jose M. Moreno y Autopista 25 de Mayo,Varias ,,,,862,,
07/11/16,Obra,Visita de Obra,MTB NORTE,,Ministerio de Desarrollo Urbano y Transporte (MDUyT),Presentación proyecto 14 hs y recorrido de obra con vecinos 15 hs. Lugar a definir con la comuna,Av. Cabildo desde Franklin D. Roosevelt hasta Tte. Benjamín Matienzo.,13,Actualmente la traza va desde Congreso de Tucuman hasta Av. Gral Paz. El proyecto Metrobus Cabilo etapa II propone extenderlo hasta la interseccion de Av Cabildo y Santos Dumont. Esta obra comprende 22 paradores y 5 estaciones.,,,,,
09/11/16,Proyecto,Votación Proyecto,EMBLEMAS DISTRITOS,,Ministerio de Modernización Innovación y Tecnología,"Qué diseño te gustaría que identifique a los distintos distritos: Sistema Flor: expansión, desarrollo, interconexión, Sistema Árbol: ecosistema, crecimiento, interconexión. Sistema Arco: triunfo, desarrollo?",,,,,,15617,1. Sistema árbol - 6.947 - 44% 2. Sistema Flor - 4.496 - 29% 3. Sistema Arco - 4.174 - 27%,
09/11/16,Obra,Reunión de co creación,PARQUE DE LA ESTACIÓN,,Ministerio de Desarrollo Urbano y Transporte (MDUyT),,"Pres. Tte. Gral. Juan Domingo Perón 3326, B1613AUT, B1613AUT CABA",3,,Sin Datos,41,,,
09/11/16,Obra,Reunión Informativa,PASAJE ANASAGASTI,,Vice Jefatura,"En el mes de junio realizamos una primera reunión. Ahora realizaremo una reunion informativa para contar los detalles del proyecto. Sede de la Comuna 14, Beruti 3325, 18 hs",,14,"Puesta en valor del pasaje que se encuentra en tre Av. Santa Fe y Guemes. Nivelacion de veredas, plantación de árboles, nueva iluminación.",139,72,,,
10/11/16,Obra,Reunión Informativa,PLAZOLETA DE LOS MILAGROS,,Vice Jefatura,2° Reunión informativa para contarles a los vecinos sobre el proyecto.,Larrazabal 3023,8,Puesta en valor de la plazoleta.,109,27,,,
15/11/16,Obra,Visita de Obra,NUEVA ESTACIÓN LÍNEA H (FACULTAD DE DERECHO),,Ministerio de Desarrollo Urbano y Transporte (MDUyT),"Se  llevará una tanda de 100 vecinos a la obra de la nueva estación terminal del subte H. Primero se explicará el estado en el que están las obras, y luego los vecinos que cuenten con la movilidad suficiente tendrán la posibilidad de bajar a los túneles.",Bajada del Puente de Figueroa Alcorta sobre la vereda del CEC,2,Se está construyendo la nueva estacion de la línea H en Facultad de Derecho.,377,47,,,
15/11/16,Obra,Visita de Obra,CENTRO DE TRASBORDO PACÍFICO,,Ministerio de Desarrollo Urbano y Transporte (MDUyT),Presentación proyecto 14 hs y recorrido de obra con vecinos 15 hs. Lugar a definir con la comuna,Av. Sta Fe y Juan B. Justo,14,"El Centro de Transbordo “Pacífico"" está concebido como un espacio público, moderno y de alta tecnología, que se propone unificar los sistemas de transporte que convergen en Estación Pacifico.",150,30,,,
17/11/16,Proyecto,Votación Proyecto,BAU CHILAVERT,,Ministerio de Ambiente y Espacio Público (MAyEP),,,,,,,2724,1. Lepoldo Lugones - 1.271 - 47% 2. Rovert ARLT - 1.085 - 40% 3. Mujica Lainez - 368 - 13%,
18/11/16,Proyecto,Votación Proyecto,BAX III,,Ministerio de Ambiente y Espacio Público (MAyEP),"¿Qué tema te gustaría que cierre el show de Catupecu Machu? Magia veneno, Plan B, Y lo que quiero es que pises si el suelo.",,,,,,11577,1. Magia Veneno - 4.257 - 37% 2. Y lo que quiero es que pises sin el suelo - 3.790 - 33% 3. Plan B - 3.530 - 30%,
22/11/16,Obra,Votación Obras,BOULEVARD BILBAO,,Vice Jefatura,"¿Estás de acuerdo con que se envíe un proyecto de ley para que el ""Boulevard Francisco Bilbao"" obtenga su nombramiento legal? A) Si, B) No",,9,"Votación: A fin de formalizar el nombre con el que los vecinos se refieren al Boulevard Bilbao, pensamos en realizar una presentación ante la Legislatura Porteña.",,,2756,1. SI - 2.426 - 88% 2. NO - 330  - 12%,
23/11/16,Proyecto,Convocatoria,ABANDERADOS C3,,Ministerio de Ambiente y Espacio Público (MAyEP),Sumate a la convocatoria para ser el próximo abanderado de los mastiles de la Comuna 3.,,3,,436,,,,
24/11/16,Obra,Visita de Obra,COCHERAS SUBTE LINEA D,,Ministerio de Desarrollo Urbano y Transporte (MDUyT),,Guayra y Avenida Cabildo,13,Visita de obra a las chocheras y talleres de la línea H que se estan construyendo debajo del Parque de los Patricios.,473,23,,,
30/11/16,Proyecto,Votación Proyecto,COLONIA VACACIONES,,Vice Jefatura,"Qué taller te gustaría incorporar este año a la Colonia?
1) Circo
2) Magia y mimo
3) Botánica con material reciclable",,,"Todos los años en el mes de Enero, los chicos y jóvenes de la Ciudad de Buenos Aires pueden disfrutar gratuitamente de la Colonia de Vacaciones. Esta actividad se realiza en 16 sedes desde el 2 de Enero al 31 del mismo mes, de 9 a 16 horas.",,,14522,3. Botánica con material reciclable - 6.337 - 46% 1. Circo - 4.792 - 33% 2. Magia y mimo - 3.093 - 21%,
01/12/16,Proyecto,Votación Proyecto,TERRAZA VERDE,,Ministerio de Ambiente y Espacio Público (MAyEP),"¿Con qué nombre te gustaría que se identifique a la terraza verde de la Comuna 2?
1) Jardín de las Ciencias y las Artes
2) Jardín de la Recoleta
3) Paseo de las Artes y Ciencias",,2,,,,4265,1. Jardín de la Recoleta - 1.690 - 40% 2. Paseo de las Artes y Ciencias - 1.597 - 33% 3. Jardin de las Ciencias y las Artes - 978 - 23%,
02/12/16,Proyecto,Convocatoria,NAVIDAD,,Jefatura de Gobierno,Inscribi a tu hijo para prender el árbol de navidad del Parque Navideño de la Ciudad el 8 de Diciembre junto a Papa Noel. (Av. Figueroa Alcorta y Av. Callao),Av. Figueroa Alcorta y Av. Callao,,Inscribi a tu hijo para prender el árbol de navidad del Parque Navideño de la Ciudad el 8 de Diciembre junto a Papa Noel. (Av. Figueroa Alcorta y Av. Callao),4239,,,,
05/12/16,Proyecto,Experiencia BA,CASAMIENTOS TEATRO COLÓN,,Ministerio de Gobierno,,Teatro Colón,,,4776,12,,,
06/12/16,Obra,Votación Obras,PASAJE ANASAGASTI,,Vice Jefatura,Debido a la poca aceptación que tuvo la semipetaonalización del pasaje por parte de un grupo de vecinos se decidió abrir esta instancia.,,14,,,,111,"1. SI - 56 - 50,45% 2. NO - 55 - 49,55%",
07/12/16,Obra,Reunión Informativa,PATIO DE JUEGOS SAMORÉ,,Vice Jefatura,"Segunda reunión informativa
",,8,Puesta en Valor de los Patios de Juegos,178,15,,,
14/12/16,Obra,Primera reunión,PLAZA HOUSSAY,,Ministerio de Desarrollo Urbano y Transporte (MDUyT),"Tratamiento de superficies
 - Equipamiento urbano en el entorno
 - Presentación del programa. ",,2,"Refuncionalización de infraestructura urbana ociosa: estacionamiento en el subsuelo de la Plaza Houssay (hoy subutilizado), reconvirtiéndolo en un centro recreativo, cultural, comercial y gastronómico.",138,51,,,
15/12/16,Proyecto,Convocatoria,ABANDERADOS C7,,Ministerio de Ambiente y Espacio Público (MAyEP),Sumate a la convocatoria para ser el próximo abanderado de los mastiles de la Comuna 7.,,7,,341,,,,
15/12/16,Obra,Reunión de co creación,ÁREAS 30 BARRIO STA. RITA,,Ministerio de Desarrollo Urbano y Transporte (MDUyT),Convocatoria con cupos limitados (40). Mesas de co-creación de 10 personas,Gral. César Díaz 3047,11,"Se delimitarán zonas de máxima velocidad vehicular de 30 Km/h. Incluye remodelación de calles, calzadas y espacios verdes",226,16,,,
23/12/16,Obra,Convocatoria,CAFÉ HRL PC,,Otro,,,,,Sin Datos,14,,,
09/01/17,Obra,Difusión,AREA SERV. PARQUE PATRICIOS,,Ministerio de Desarrollo Urbano y Transporte (MDUyT),Se le comunicará a los vecinos la construcción de un área de servicios en el parque,Parque de los Patricios,4,Incorporación de un Área de Servicios en Espacios Verdes. El proyecto consiste en la construcción de un núcleo de servicios de confitería y sanitarios con accesibilidad universal.,,,,,
10/01/17,Proyecto,Convocatoria,ABANDERADOS C 10,,Ministerio de Ambiente y Espacio Público (MAyEP),,Ramón Falcon y Homero, Calderón de la Barca y Yerbal, Avellaneda y Bahía Blanca, Nogoyá y Melincué, Lope de Vega y Miranda, Camarones y Mercedes, Av. Rivadavia y R. Falcón,
13/01/17,Obra,Votación Obras,PLAZA ESTACIÓN COGHLAN,,Vice Jefatura,"""¿Estas de acuerdo con que haya un caníl en la Plaza Coghlan?
 a) Sí
 b) No",Pedro Ignacio Rivera y Romulo Naón (Frente a la estación de Coghlan),12,Se someterá a votación si los vecinos de la comuna 12  Barrio Coghlan quieren adicionar a la Plaza frente a la estación un caníl.,,,23405,1. Estoy de acuerdo - 15.308 Votos- 79% 2. No estoy de acuerdo - 3.952 Votos21%,
14/01/17,Proyecto,Experiencia BA,RALLY DAKAR,,Jefatura de Gobierno,,Avda del Libertador y Tagle (sede ACA  Automóvil Club Argentino),,,2751,4,,,
16/01/17,Obra,Difusión,ENTORNO URBANO LA BOCA,,Ministerio de Desarrollo Urbano y Transporte (MDUyT),Se hará una difusión territorial para informar a los vecinos de la obra,La Boca,4,Se pondrán en valor determinados espacios públicos del barrio de La Boca,,,,,
18/01/17,Obra,Primera reunión,PASAJE MARTIN PESCADOR Y PLAZOLETA LINDOR SOTOMAYOR,,Vice Jefatura,1° Reunión,"Plazoleta Lindor Sotomayor (Delimitada por las calles Martín Pescador, Jáchal, Teodoro Vilardebo y Cnel. Rhode)",11,"Mejoramiento de los espacios verdes, ampliación de superficie verde absorbente en los lugares que sea posible, ampliación y mejoramiento de patio de juegos sin rejas, plazoleta sin rejas.",307,67,,,
18/01/17,Obra,Primera reunión,PLAZOLETA PRIMERA JUNTA,,Vice Jefatura,1° Reunión,Plazoleta Crisólogo Larralde (Yerbal y Rojas),6,"Puesta en valor de la Plazoleta Primera Junta con aporte de vegetación nueva, señalización cruces.",196,70,,,
19/01/17,Obra,Primera reunión,PARQUE LINEAL FRUCTUOSO RIVERA,,Vice Jefatura,"1° Reunión
",Gral. Fructuoso Rivera entre Mom y Agustín de Vedia,4,Puesta en valor del parque lineal con nuevo equipamiento y vegetación.,208,24,,,
23/01/17,Obra,Reunión Informativa,CENTRO COMERCIAL A CIELO ABIERTO ARENALES,,Ministerio de Ambiente y Espacio Público (MAyEP),2° Reunión,Plaza Vicente López (Ingreso en Esq. Juncal y Montevideo),2,,209,105,,,
24/01/17,Proyecto,Votación Proyecto,JORNADA DE ADOPCIÓN DE MASCOTAS,,Ministerio de Ambiente y Espacio Público (MAyEP),¿En cuál de estos caniles te gustaría que se realice la primer Jornada de Adopción del año 2017? Parque Lezama  Comuna 1 Parque Patricios  Comuna 4 Plaza Irlanda  Comuna 6,Parque Lezama  Comuna 1 Parque Patricios  Comuna 4 Plaza Irlanda  Comuna 6,,La Jornada de Concientización sobre la Adopción de Mascotas es un evento mensual de tipo ferial donde participan más de 75 ONGs dando a conocer su labor y a los perros y gatos que están en adopción.,,,16891,1. Plaza Irlanda - 6.221 Votos- 37% 2. Parque Patricios - 5.950 Votos- 35% 3. Parque Lezama - 4.720 Votos- 29%,
25/01/17,Obra,Reunión Informativa,ÁREA AMBIENTAL RETIRO,,Ministerio de Ambiente y Espacio Público (MAyEP),Tercera reunión informativa. A pedido de vecinos que se habian enterado de la reunion anterior o que no pudieron asistir volvemos a hacer una reunión para presentar el proyecto de obra.,"Juncal 880, Iglesia del Socorro",1,,235,99,,,
02/02/17,Proyecto,Convocatoria,ABANDERADOS C 15,,Ministerio de Ambiente y Espacio Público (MAyEP),Sumate a la convocatoria para ser el próximo abanderado de los mástiles de la Comuna 15.,,15,,286,14,,,
02/02/17,Obra,Convocatoria,CAFÉ URBANIZACIÓN BARRIO 31,,Vice Jefatura,Saldremos con una convocatoria para que los vecinos se anoten para participar en reuniones para conocer detalles del proyecto. Una vez que tengamos la base se la compartiremos a la comuna 2 y en conjunto organizaremos reunioens de no mas de 10 personas,,1,,261,,,,
06/02/17,Obra,Formulario de ideas,PLAZA NUESTRA S. DE FÁTIMA,,Vice Jefatura,Formulario a vecinos (1°Reunion),Mariano Acosta y Martiniano Chilavert,8,Solicitud virtual de ideas/sugerencias,,,,,
07/02/17,Obra,Votación Obras,NOMBRE COMUNA 1,,Vice Jefatura,"""¿Como te gustaría que se llame la Comuna 1?
 a) Casco Histórico
 b) Hipólito Yrigoyen
 c) Centro Histórico Pórteño""",,1,"De acuerdo a la ley 1777, que establece las normas que rigen en las Comunas, se debe establecer un nombre a cada una que represente a el o los barrios que agrupa. Se someterá a votación el nombre de la comuna.",,,10037,"1. Centro Histórico Porteño - 4.168 Votos- 41.53% 2. Casco Histórico - 3.715 Votos- 37,01% 3. Hipólito Yrigoyen - 2.154 Votos- 21,46%",
09/02/17,Obra,Votación Obras,ÁREA AMBIENTAL ONCE - PLAN ONCE,,Ministerio de Ambiente y Espacio Público (MAyEP),"¿Estas de acuerdo con generar zonas de carga y descarga para facilitar el transito?
 
 Estoy de acuerdo / No estoy de acuerdo",,3,,,,17766,"1. Si, estoy de acuerdo - 15.840 Votos- 89,16% 2. No, no estoy de acuerdo - 1.926 - 10,48%",
11/02/17,Obra,Reunión de co creación,MANZANA 66,,Ministerio de Desarrollo Urbano y Transporte (MDUyT),Se realizará uan reunion para que los vecinos puedan expresar cuales con sus necesidades para este nuevo espacio publico,Sociedad de Arantey  Centro Villamarin Perojano: Moreno 3281,3,Creación de un nuevo espacio público en la manzana 66 en el barrio de Balvanera. Actualmente la manzana pertenece a un privado y se desarrollan canchas de fútbol. La obra se encuentra en etapa de proyecto.,218,73,,,
14/02/17,Obra,Visita de Obra,PBN BEIRÓ,,Ministerio de Desarrollo Urbano y Transporte (MDUyT),Se va a realizar una visita de obra con inscripción previa. 3 grupos de 25 vecinos.,Av. Beiro y Artigas,15,Creación del paso bajo nivel de Av. Beiró y Estado Plurinacional de Bolivia,357,26,,,
17/02/17,Obra,Formulario de ideas,PLAZA SEEBER,,Vice Jefatura,Solicitud virtual de ideas/sugerencias para luego hacer una 1° reunion con vecinos.,Av. Colombia y Av. Sarmiento,14,"Puesta en valor de la Plaza: plantación de árboles, arbustos, mejoramiento de senderos, equipamiento, iluminación y veredas",91,20,,,
21/02/17,Obra,Formulario de ideas,PLAZOLETA SUR,,Vice Jefatura,Solicitud virtual de ideas/sugerencias para luego hacer una 1° reunion con vecinos.,Av. Boedo y Av. Belgrano,5,"Puesta en valor de la Plaza: plantación de árboles, arbustos, mejoramiento de senderos, equipamiento, iluminación y veredas",,,,,
22/02/17,Obra,Reunión Informativa,PLAZA ESTACIÓN COGHLAN,,Jefatura de Gobierno,"Se va a realizar una reunión informativa para contar los resultados de la votación ""Canil. La comuna contará detalles de la obra en general y finalización d ela misma.",Pedro Ignacio Rivera y Romulo Naón (Frente a la estación de Coghlan),12,"Plaza Estación Coghlan actualmente esta en obra. Área de juegos, Caníl. y Reacondicionamiento para que los vecinos hagan uso de la misma.",181,300,,,
23/02/17,Proyecto,Convocatoria,ABANDERADOS C 1,,Ministerio de Ambiente y Espacio Público (MAyEP),Sumate a la convocatoria para ser el próximo abanderado de los mástiles de la Comuna 1.,,1,,272,231,,,
23/02/17,Obra,Primera reunión,PLAZA NORUEGA,,Vice Jefatura,Solicitud virtual de ideas/sugerencias para luego hacer una 1° reunion con vecinos.,,13,"Puesta en valor de la Plaza: plantación de árboles, arbustos, mejoramiento de senderos, equipamiento, iluminación y veredas",282,50,,,
24/02/17,Proyecto,Votación Proyecto,NUEVO LOGO PLANETARIO,,Ministerio de Modernización Innovación y Tecnología,¿Con cuál de estos logos identificas el planetario? ¡Vos decidís!,,,,,,28438,1. Opción 1 - 14.432 Votos- 51% 2. Opción 2 - 5.570 Votos - 20% 3. Opción 3 - 4.927 Votos- 17% 4. Opción 4 - 3.246 Votos- 12%,
01/03/17,Obra,Inauguración,PBN BEIRÓ,,Ministerio de Desarrollo Urbano y Transporte (MDUyT),Se invitaron a vecinos participativos a estar presentes en al inauguración. ,,15,,,,,,
01/03/17,Obra,Votación Obras,PLAZA CRISÓLOGO LARRALDE,,Jefatura de Gobierno,"Votación: ¿Cuál de estas dos opciones te gustaría que tenga el muro lindero del patio de juego de la Plaza Crisólogo Larralde?
 - Opción 1: Mural alusivo al barrio de Caballito
 - Opción 2: Muro Verde (jardín vertical)",Yerbal y Rojas,6,"Se pondrá el valor el patio de juegos de la plaza. Entre otras cosas se mejorará el mural del fondo del mismo, en el que lo vecinos van a poder optar por que sea un muro verde con vegetacion o que tenga una intervencion artistica.",,,7274,1. Jardín vertical (muro verde) - 5.071 Votos- 70% 2. Mural alusivo al barrio - 2.203 Votos- 30%,
01/03/17,Obra,Formulario de ideas,PLAZA PÍO RODRIGUEZ,,Vice Jefatura,Formulario a vecinos en reemplazo de 1° Reunión,Ecuador y Mansilla,2,"Puesta en valor, parquización, riego y nuevo patio de juegos",,,,,
02/03/17,Proyecto,Votación Proyecto,BAFICI,,Ministerio de Cultura,"1. 2011 Novias - Madrinas - 15 años
 2. 2013 Ramón Ayala
 3. 2014 Mientras estoy cantando
 4. 2015 Poner al rock de moda",,,,,,11657,1. Mientras estoy cantando - 4.155 Votos- 36% 2. Novias - Madrinas -15 años - 3.085 Votos- 26% 3. Poner al rock de moda - 2.926 Votos- 25% 4. Ramón Ayala - 1.491 Votos- 13%,
03/03/17,Obra,Formulario de ideas,PLAZA INMIGRANTES DE ARMENIA,,Vice Jefatura,Solicitud virtual de ideas/sugerencias para luego hacer una 1° reunion con vecinos.,Costa Rica y Malabia,14,"Puesta en valor de la Plaza: plantación de árboles, arbustos, mejoramiento de senderos, equipamiento, iluminación y veredas",,,,,
06/03/17,Obra,Formulario de ideas,PLAZA ROMA,,Vice Jefatura,Solicitud virtual de ideas/sugerencias para luego hacer una 1° reunion con vecinos.,"Predio delimitado por la Av. Leandro N. Alem y las calles Bouchard, Lavalle y Tucumán",1,"Puesta en valor, renovación integral de la plaza",,,,,
07/03/17,Obra,Reunión Informativa,CALLE PERÚ,,Jefatura de Gobierno,Reunión de vecinos,Club San Telmo - Perú 1360,1,Ensanchamiento de veredas,252,556,,,
07/03/17,Obra,Formulario de ideas,PLAZA DE LOS PERIODISTAS,,Vice Jefatura,Solicitud virtual de ideas/sugerencias para luego hacer una 1° reunion con vecinos.,Av. Nazca 900 e/ Neuquen y Paez,7,Solicitud virtual de ideas/sugerencias para luego hacer una 1° reunion con vecinos.,,,,,
07/03/17,Obra,Primera reunión,PLAZA DE LOS PERIODISTAS,,Vice Jefatura,Solicitud virtual de ideas/sugerencias para luego hacer una 1° reunion con vecinos.,Av. Nazca 900 e/ Neuquen y Paez,7,Solicitud virtual de ideas/sugerencias para luego hacer una 1° reunion con vecinos.,145,43,,,
07/03/17,Obra,Visita de Obra,RED PLUVIAL RAMAL AUSTRIA,,Ministerio de Desarrollo Urbano y Transporte (MDUyT),Visita de Obra,Austria y libertador,2,Visita de Obra,362,40,,,
08/03/17,Obra,Formulario de ideas,BOULEVARD F.F. DE LA CRUZ,,Vice Jefatura,Formulario a vecinos en reemplazo de 1° Reunión,,8,Se recolectarán ideas vía formulario para poner en valor integralmente el Boulevard.,,,,,
08/03/17,Proyecto,Experiencia BA,PLUVIAL ARROYO MALDONADO,,Ministerio de Ambiente y Espacio Público (MAyEP),Experiencia ciudad: vecinos podrán visitar el conducto pluvial del Arroyo Maldonado,Juan B. Justo (al 8300) y Cesar Diaz.,,,1466,185,,,
10/03/17,Obra,Reunión Informativa,PARQUE DE LA ESTACIÓN,,Ministerio de Desarrollo Urbano y Transporte (MDUyT),"Después de dos reuniones de co-creación, se realizará una reunión informativa para comentarle a los vecinos el proyecto",Teatro el cubo: Zelaya 3053,3,Creación de un nuevo espacio público en terrenos recuperados del FFCC en estación Once,103,35,,,
10/03/17,Obra,Formulario de ideas,PLAZA ALFÉREZ JOSÉ MARÍA SOBRAL,,Vice Jefatura,Solicitud virtual de ideas/sugerencias para luego hacer una 1° reunion con vecinos.,Av. Gral las Heras y Scalabrini Ortiz,14,"Puesta en valor de la Plaza: plantación de árboles, arbustos, mejoramiento de senderos, equipamiento, iluminación y veredas",,,,,
13/03/17,Obra,Formulario de ideas,PLAZOLETA COOP. ESCOLARES,,Vice Jefatura,Solicitud virtual de ideas/sugerencias para luego hacer una 1° reunion con vecinos.,Predio delimitado por la Av. Gral. Paz y las calles García de Cossio y Cayetano A. Silva,9,Se recolectarán ideas para hacer una reforma integral de la plaza.,,,,,
14/03/17,Proyecto,Votación Proyecto,ESTACIONES SALUDABLES,,Vice Jefatura,1-Comé saludable también en otoño 2- Alimentación + actividad física= energía para rendir al 100% 3- ¡Planificá tus compras!,,,,,,1156,1. Planificación Menú semanal - 497 Votos- 43% 2. Alimentación + Actividad física = Rendir al 100% - 1.664 Votos- 42% 3. Alimentación saludable durante el otoño - 179 Votos- 15%,
14/03/17,Obra,Primera reunión,PLAZA SEEBER,,Vice Jefatura,Reunión de vecinos,,14,"Puesta en valor de la Plaza: plantación de árboles, arbustos, mejoramiento de senderos, equipamiento, iluminación y veredas",91,20,,,
15/03/17,Proyecto,Votación Proyecto,ESPACIO DE LECTURA CCR,,Ministerio de Cultura,"¿Qué gran libro de la literatura argentina te gustaría leer en otoño en el Centro Cultural Recoleta?
 Respuesta: 1-Diarios, de Alejandra Pizarnik. 
 2-Mort Cinder, de Oesterheld y Breccia 
 3-Ficciones, de Jorge Luis Borges.",,,Elección de los títulos que estarán disponibles en el Espacio de Lectura del CCR en la edición de Otoño.,,,8532,1. Ficciones (Jorge Luís Borges) - 5.847 Votos- 68% 2. Diarios (ALejandra Pizarnik) - 1.664 Votos- 20% 3. Mort Cinder (Oesterheld y Breccia) Votos- 1.021 - 12%,
15/03/17,Obra,Formulario de ideas,PLAZA MALAVER,,Vice Jefatura,Solicitud virtual de ideas/sugerencias para luego hacer una 1° reunion con vecinos.,Anastacio Girardot / Estomba / Montenegro y Heredia,15,"Puesta en valor de la Plaza: plantación de árboles, arbustos, mejoramiento de senderos, equipamiento, iluminación y veredas",,,,,
20/03/17,Obra,Votación Obras,CENTRO COMERCIAL A CIELO ABIERTO ARENALES,,Ministerio de Ambiente y Espacio Público (MAyEP),"¿Te gustaría que se realicen estas mejoras en calle Arenales entre Montevideo y Cerrito?
 - Opción 1: SI
 - Opción 2: NO",,2,,,,11937,"Si - 9.335 Votos - 78,20% No - 2.602 Votos - 21,80%",
20/03/17,Obra,Votación Obras,NOMBRE COMUNA 8,,Vice Jefatura,"""¿Como te gustaría que se llame la Comuna 8?",,8,"De acuerdo a la ley 1777, que establece las normas que rigen en las Comunas, se debe establecer un nombre a cada una que represente a el o los barrios que agrupa. Se someterá a votación el nombre de la comuna.",,,10983,"1. Jorge Newbery  - 4.974 - 45,29% 2. María Eva Duarte  - 4.091 - 37,25% 3. Sabina Olmos - 1.918 Votos- 17,46%",
21/03/17,Obra,Primera reunión,PLAZOLETA COOP. ESCOLARES,,Vice Jefatura,Reunión de vecinos para presentar el proyecto. Esta plaza ya tuvo formualario por lo que el proyecto está alineado con eso. Si es necesario que tenga modificaciones se pueden hacer. La reunion es para validar el proyecto con los vecinos.,Av. Gral Paz y García de Cossio- 17.30 hs,9,Renovación integral del espacio incluyendo sectores deportivos,81,23,,,
22/03/17,Obra,Formulario de ideas,PATIO LICEAGA FÉLIX,,Vice Jefatura,Formulario a vecinos en reemplazo de 1° Reunión,Av. Riestra y Av. del Barco Centenera,7,"Puesta en valor de la Plaza: plantación de árboles, arbustos, mejoramiento de senderos, equipamiento, iluminación y veredas",,,,,
22/03/17,Obra,Primera reunión,PLAZA MALAVER,,Vice Jefatura,Reunión de vecinos para presentar el proyecto. Esta plaza ya tuvo formualario por lo que el proyecto está alineado con eso. Si es necesario que tenga modificaciones se pueden hacer. La reunion es para validar el proyecto con los vecinos.,Anastacio Girardot / Estomba / Montenegro y Heredia,15,"Puesta en valor de la Plaza: plantación de árboles, arbustos, mejoramiento de senderos, equipamiento, iluminación y veredas",76,20,,,
22/03/17,Obra,Formulario de ideas,PLAZA MONTE CASTRO,,Vice Jefatura,Solicitud virtual de ideas/sugerencias,Miranda 4300 y Gualeguaychú y Mercedes,10,"Puesta en valor de la Plaza: plantación de árboles, arbustos, mejoramiento de senderos, equipamiento, iluminación y veredas",,,,,
23/03/17,Obra,Votación Obras,NOMBRE COMUNA 7,,Vice Jefatura,"""¿Como te gustaría que se llame la Comuna 7?",,7,"De acuerdo a la ley 1777, que establece las normas que rigen en las Comunas, se debe establecer un nombre a cada una que represente a el o los barrios que agrupa. Se someterá a votación el nombre de la comuna.",,,7990,1. Corazón de la ciudad - 4.319 Votos- 54% 2. Comuna del Papa - 1.969 Votos- 25% 3. Comuna de la Unión Nacional - 1.702 Votos- 21%,
23/03/17,Obra,Convocatoria,PASEO COSTERO RIACHUELO,,Ministerio de Desarrollo Urbano y Transporte (MDUyT),Pedido de sugerencias de nombres,Pedro de Mendoza al 1900,4,"Creación de un nuevo parque y paseo a la vera del riachuelo: Senderos, rampas de acceso, baranda, parquización y ciclovías.",177,43,,,
27/03/17,Obra,Primera reunión,PLAZA MONSEÑOR DE ANDREA,,Vice Jefatura,Reunión de vecinos,Av. Córdoba y Dr. Tomás Manuel de Anchorena,2,"Puesta en valor de la Plaza: plantación de árboles, arbustos, mejoramiento de senderos, equipamiento, iluminación y veredas",185,46,,,
27/03/17,Obra,Votación Obras,PLAZOLETA JUAN XXII,,Ministerio de Ambiente y Espacio Público (MAyEP),"Votación: Estas de acuerdo en reemplazar los puestos actuales de la Feria por otros que se retiren cuando la feria termina / por otros que solo se coloquen los fines de semana /
 por otros que se armen y desarmen?
 Estoy de acuerdo / No estoy de acuerdo",Junín 1849,2,,,,7002,1. Si estoy de acuerdo - 5.843 Votos- 83% 2. No estoy de acuerdo - 1.159 Votos- 17%,
27/03/17,Obra,Reunión Informativa,PASEO COSTERO RIACHUELO,,Ministerio de Desarrollo Urbano y Transporte (MDUyT),Reunión de vecinos,Pedro de Mendoza y Benito Quinquela Martín,4,"Creación de un nuevo parque y paseo a la vera del riachuelo: Senderos, rampas de acceso, baranda, parquización y ciclovías.",319,27,,,
28/03/17,Obra,Formulario de ideas,BOULEVARD AMANCIO ALCORTA,,Vice Jefatura,Formulario a vecinos en reemplazo de 1° Reunión,Boulevard Amancio Alcorta entre Av. Sáenz y Perito Moreno,4,"Puesta en valor de la Plaza: plantación de árboles, arbustos, mejoramiento de senderos, equipamiento, iluminación y veredas",,,,,
29/03/17,Obra,Formulario de ideas,PARQUE IRALA,,Vice Jefatura,Formulario a vecinos en reemplazo de 1° Reunión,,4,"Renovación por mantenimiento del parque: Parquización, mobiliario urbano y luminarias",,,,,
04/04/17,Proyecto,Votación Proyecto,SENTIDO DE CALLES,,Ministerio de Desarrollo Urbano y Transporte (MDUyT),Elegí el sentido de tu calle ¿Estás de acuerdo con que se cambie el sentido Caranday entre Lascano y Nogoyá | Cochico entre Lascano y Santo Tomé. *Mano única sentido sur *Mano única sentido norte *Doble mano,"Solo a los vecinos frentistas (territorio), o a todos los vecinos del barrio (mail redes).",10,,,,936,,
05/04/17,Obra,Convocatoria,URBANIZACIÓN BARRIO 31,,Jefatura de Gobierno,Café de cercanía,Barrio 31,1,Se convocará a los vecinos de Retiro a inscribirse en charlas con funcionarios de la Secretaria de Integración Social y Urbana para conocer el proyecto de urbanización del Barrio 31,215,15,,,
05/04/17,Obra,Reunión Informativa,PLAZA EXODO JUJEÑO,,Vice Jefatura,Reunión de vecinos,"Gándara 2840, C1431DAN CABA - Club El trébol",15,"Puesta en valor de la Plaza: plantación de árboles, arbustos, mejoramiento de senderos, equipamiento, iluminación y veredas",178,38,,,
05/04/17,Proyecto,Votación Proyecto,UNIDAD MÓVIL VETERINARIA,,Ministerio de Ambiente y Espacio Público (MAyEP),"¿Dónde te gustaría que el Móvil Quirúrgico Veterinario ofrezca su servicio de atención Clínica y Castración gratuita? 
  - Parque Centenario - Comuna 6
  - Parque 3 de febrero - Comuna 14
  - Parque Indoamericano - Comuna 8",,,,,,9255,1. Parque Centenario - 5.819 Votos- 63% 2. Parque Indoamericano - 2.166 Votos- 23% 3. Parque 3 de febrero - 1.270 Votos- 14%,
07/04/17,Obra,Votación Obras,CANIL PLAZA DE LOS PERIODISTAS,,Vice Jefatura,"""¿Estas de acuerdo con que haya un caníl en la Plaza de los periodistas?
 a) Sí
 b) No""",Av. Nazca 900 e/ Neuquen y Paez,7,Se someterá a votación si los vecinos de la comuna 7 - Barrio Flores si quieren adicionar a la Plaza de los periodistas un canil,,,2954,1. Estoy de acuerdo - 2.626 Votos - 89% 2. No estoy de acuerdo - 328 Votos - 11%,
11/04/17,Obra,Primera reunión,PLAZA ALBERTI,,Vice Jefatura,Reunión de vecinos,Av. Cabildo 3067. Sede Comuna 13,13,"Puesta en valor de la Plaza: plantación de árboles, arbustos, mejoramiento de senderos, equipamiento, iluminación y veredas",229,24,,,
12/04/17,Proyecto,Experiencia BA,"""A LA MESA""",,Ministerio de Cultura,Anotaté para una experiencia culinaria única de la mano de Tommy Perlberger y Bruno Gillot,Usina del Arte,,"""A la mesa"" es un nuevo ciclo en la Usina vincula gastronomía y cultura en una experiencia para deleitar los sentidos.",2242,5,,,
12/04/17,Obra,Reunión Informativa,PLAZA GIORDANO BRUNO,,Vice Jefatura,Reunión de vecinos,Colegio Integral Caballito - Dr. Juan Felipe Aranguren 703,6,"Puesta en valor de la Plaza: plantación de árboles, arbustos, mejoramiento de senderos, equipamiento, iluminación y veredas",217,51,,,
17/04/17,Obra,Reunión Informativa,PATIO LICEAGA FÉLIX,,Vice Jefatura,Reunión informativa,Del Barco de Centenera y Zuviria,7,,81,22,,,
17/04/17,Proyecto,Convocatoria,SIMULTÁNEA ABANDERADOS,,Ministerio de Ambiente y Espacio Público (MAyEP),Sumate a la convocatoria para ser el próximo abanderado de los mástiles de la x comuna.,,Varias ,,1143,Sin Datos,,,
17/04/17,Obra,Reunión Informativa,PLAZA MONTE CASTRO,,Vice Jefatura,Reunión de vecinos,Miranda 4300 y Gualeguaychú y Mercedes,10,"Puesta en valor de la Plaza: plantación de árboles, arbustos, mejoramiento de senderos, equipamiento, iluminación y veredas",236,48,,,
18/04/17,Obra,Reunión de co creación,PLANIFICACION BARRIO DE COLEGIALES,,Ministerio de Desarrollo Urbano y Transporte (MDUyT),Co creación,Colegio Virgen del Pilar - Lacroze 2850,13,Invitar a los vecinos de colegiales a que participen de un actividad para conocer su opinión e ideas para mejorar entre todos el Barrio de Colegiales.,235,45,,,
19/04/17,Obra,Reunión Informativa,ZONA 30 VILLA REAL,,Ministerio de Desarrollo Urbano y Transporte (MDUyT),Reunión de vecinos para contarles el proyecto de Zona calma o Areas 30 para ese barrio.,Club Social y deportivo Jorge Newbery - Irigoyen 2050,10,,373,20,,,
20/04/17,Proyecto,Votación Proyecto,MURAL PAULA PARETO,,Ministerio de Modernización Innovación y Tecnología,"Elegí qué diseño te gustaría que se convierta en mural pintado en el edificio Corporación Sur, en el barrio de Villa Soldati, al sur de la ciudad.",,15,,,,13133,1. Opción 1 - 5.776 Votos- 44% 2. Opción 2 - 3.898 Votos- 30% 3. Opción 3 - 3.459 Votos- 26%,
20/04/17,Obra,Formulario de ideas,PLAZA OLIVERA,,Vice Jefatura,Formulario a vecinos en reemplazo de 1° Reunión,"Límites: Tandil, Moreto, Remedios y Mozart del Barrio de Parque Avellaneda. Cortada en dos triángulos por la Av. Olivera",9,"Formulario a vecinos para recoletar ideas para el mantenimiento de la plaza: Parquización, riego, postas aeróbicas.",,,,,
21/04/17,Obra,Primera reunión,ENTORNO PEATONAL BARRIO 20,,Ministerio de Ambiente y Espacio Público (MAyEP),Reunión de vecinos,Barrio  20,8,"Puesta en valor de veredas, luminaria, etc.",33,8,,,
21/04/17,Proyecto,Experiencia BA,LIBERACIÓN AVE RAPAZ,,Ministerio de Modernización Innovación y Tecnología,Experiencia ciudad: que un vecino de la Ciudad participe de la liberación de un carancho rescatado por tráfico,Plaza Unidad Latinoamericana - Salvador 4037 - 16 hs.,,Experiencia ciudad: que un vecino de la Ciudad participe de la liberación de un carancho rescatado por tráfico,456,,,,
24/04/17,Obra,Primera reunión,CORREDOR VERDE MORÓN,,Vice Jefatura,Reunión de vecinos,Centro de formación profesional Nº 24 . CFP (Moron 2538),7,Centro de formación profesional Nº 24 . CFP (Moron 2538),152,36,,,
24/04/17,Obra,Formulario de ideas,PLAZOLETA PORTO ALEGRE,,Vice Jefatura,Formulario a vecinos en reemplazo de 1° Reunión,Av. San Martín entre Nazarre y Bolivia,11,"Recuperación de senderos, mobiliario urbano, luminaria, parquización y riego.",,,,,
24/04/17,Obra,Formulario de ideas,PLAZOLETA RIVAS,,Vice Jefatura,Formulario a vecinos en reemplazo de 1° Reunión,"Ubicada entre Esteban de Luca, Av. Chiclana y Pavon",3,"Restauración del monumento, parquización, riego, rampaz.",,,,,
25/04/17,Obra,Formulario de ideas,PLAZA BOEDO Y MORENO,,Vice Jefatura,Formulario a vecinos en reemplazo de 1° Reunión,Av. Boedo y Moreno,5,"Puesta en valor de la Plaza: plantación de árboles, arbustos, mejoramiento de senderos, equipamiento, iluminación y veredas",,,,,
25/04/17,Obra,Primera reunión,PLAZA ALFÉREZ JOSÉ MARÍA SOBRAL,,Vice Jefatura,Reunión de vecinos,Sede Comuna - Av. Coronel Diaz 2120,14,"Puesta en valor de la Plaza: plantación de árboles, arbustos, mejoramiento de senderos, equipamiento, iluminación y veredas",201,17,,,
25/04/17,Obra,Visita de Obra,NUEVA ESTACIÓN LÍNEA H (FACULTAD DE DERECHO),,Ministerio de Desarrollo Urbano y Transporte (MDUyT),Visita de obra,Figueroa Alcorta y Pueyrredon,2,Construcción de la nueva estación terminal de la línea H en Facultad de Derecho,1094,52,,,
02/05/17,Obra,Primera reunión,PLAZOLETA YACONIS,,Jefatura de Gobierno,Reunión de vecinos,Centro Cultural Besares Besares 1840,13,"Puesta en valor de la Plaza: plantación de árboles, arbustos, mejoramiento de senderos, equipamiento, iluminación y veredas",134,29,,,
03/05/17,Proyecto,Votación Proyecto,CAMBIO HORARIO SUBTE,,Ministerio de Desarrollo Urbano y Transporte (MDUyT),¿Estas de acuerdo con modificar el horario del subte para que los días de semana funcione hasta las 23.30hs y los sábados hasta las 24hs?,,,,,,511016,1. Si estoy de acuerdo - 427.439 Votos- 84% 2. No estoy de acuerdo - 83.577 Votos- 16%,
03/05/17,Obra,Primera reunión,PLAZA DE LOS COLEGIALES,,Jefatura de Gobierno,1° Reunión,Distrito Audiovisual Dorrego. Av. Dorrego 1898.,13,"Puesta en valor de la Plaza: plantación de árboles, arbustos, mejoramiento de senderos, equipamiento, iluminación y veredas",260,24,,,
05/05/17,Obra,Votación Obras,PLAZA NORUEGA,,Jefatura de Gobierno,"¿Cuál de estos tres juegos te gustaría que incorporemos en Plaza Noruega?
 a) Columpio para chicos y bebes
 b) Juego de aire
 c) Sube - Baja",,13,,,,2703,1. Juego de aire - 1.866 Votos - 69 % 2. Columpio para chicos y bebés - 724 Votos - 27 % 3.  Sube y Baja - 113 - 4 %,
08/05/17,Obra,Primera reunión,PLAZA FÉLIX LIMA,,Jefatura de Gobierno,Se enviará información del proyecto a los vecinos que completaron el formulario y se hará una difusión territorial informativa para los frentistas.,Constitución e/ Lima y Salta,13,"Puesta en valor de la plaza: plantación de árboles, arbustos, mejoramiento de senderos, equipamiento, iluminación y veredas",116,31,,,
09/05/17,Obra,Primera reunión,PLAZA INMIGRANTES DE ARMENIA,,Jefatura de Gobierno,Comunicado de inicio de obra,,14,"Se iniciaron las obras en Plaza Inmigrantes de Armenia. Se pondrá en valor la fuente, canil , canteros y espacios verdes. Y cancha de fútbol tenis",120,20,,,
09/05/17,Obra,Primera reunión,CORREDOR VENANCIO FLORES,,Jefatura de Gobierno,Reunión de vecinos,"Instituto Recreativo Terapéutico Especial ""IRTE"" (Bogotá 2847)",7,,185,45,,,
10/05/17,Obra,Votación Obras,PASEO COSTERO RIACHUELO,,Ministerio de Ambiente y Espacio Público (MAyEP),"¿Como te gustaría que se llame el nuevo Paseo Costero Riachuelo?
 
 a) Paseo Quinquela Martín
 b) Paseo de la Ribera
 c) Paseo de los Inmigrantes",Pedro de Mendoza y Quinquela Martín,4,Creación de un paseo costero a la ribera del riachuelo,,,12307,"1. Paseo Quinquela Martín - 5.124 Votos - 41,63% 2. Paseo de los Inmigrantes - 3.688 Votos - 29,97 3. Paseo de la Ribera - 3.495 Votos - 28,40 % ",
10/05/17,Proyecto,Experiencia BA,RECORRIDO RIACHUELO,,Ministerio de Ambiente y Espacio Público (MAyEP),Los vecinos participarán de un recorrido que les permitirpa conocer cómo se realizan tareas de limpieza de márgenes con embarcaciones en el Riachuelo.,,,Los vecinos participarán de un recorrido que les permitirpa conocer cómo se realizan tareas de limpieza de márgenes con embarcaciones en el Riachuelo.,663,39,,,
16/05/17,Obra,Primera reunión,PLAZA BELISARIO ROLDÁN,,Vice Jefatura,1° Reunión,Biblioteca Belisario Roldan - Gallardo 616,10,"Puesta en valor de la Plaza: plantación de árboles, arbustos, mejoramiento de senderos, equipamiento, iluminación y veredas",217,45,,,
18/05/17,Proyecto,Votación Proyecto,PUNTO VERDE MÓVIL,,Ministerio de Ambiente y Espacio Público (MAyEP),"¿Dónde preferis que se incorpore un punto verde móvil? - Caminito, La Boca
 - Plaza Dorrego (San Telmo)
 - Independencia y Defensa",,,,,,5011,"1. Plaza Coronel Dorrego - 2.074 Votos- 14, 39% 2. Independencia y Defensa - 2.073 Votos- 41,37% 3. Caminito - 864 Votos- 17,24%",
22/05/17,Obra,Votación Obras,PLAZA ESTACIÓN COGHLAN,,Jefatura de Gobierno,"La votación va a ser unicamente de manera territorial a los vecinos frentistas y algunas cuadras a la redonda, la idea es hacerlo bien detallado y con grillas por altura en el caso de los frentistas.",,12,,,,2091,"1. SI, estoy de acuerdo - 1.774 Votos - 85% 2. No, no estoy de acuerdo - 317 Votos - 15%",
22/05/17,Obra,Reunión Informativa,PLAZA PÍO RODRIGUEZ,,Jefatura de Gobierno,"Segunda reunión para presentar el proyecto, luego de un formulario a vecinos",Mansilla 2588,2,"Puesta en valor: Luminaria, veredas y mobiliario urbano",241,18,,,
23/05/17,Proyecto,Votación Proyecto,MULTA POR BLOQUEO DE RAMPAS,,Ministerio de Ambiente y Espacio Público (MAyEP),¿Te parece bien que tripliquemos las multas para aquellos autos que tapan las rampas ?,,,"En el marco del plan de accesibilidad, el Gobierno está considerando aumentar la penalidad para aquellas personas que obstruyan las rampas .",,,394241,1. Estoy de acuerdo - 292.244 Votos- 74% 2. No estoy de acuerdo - 101.997 Votos- 26%,
23/05/17,Proyecto,Experiencia BA,OBELISCO 81 ANIVERSARIO,,Ministerio de Ambiente y Espacio Público (MAyEP),Experiencia subite al obelisco,,,"En el marco del 81º aniversario del obelisco,81 vecinos de la Ciudad podrán celebrarlo",21143,81,,,
24/05/17,Proyecto,Votación Proyecto,EMBAJADOR JUEGOS PORTEÑOS,,Vice Jefatura,"Elegí al embajador de los Juegos Porteños 2017 -Federico Molinari
 -Diego Latorre
 -Cachito Vigil",,,Deportes BA convoca a jóvenes y adultos mayores a participar con el objetivo de fomentar valores deportivos y descubrir nuevos talentos.,,,37923,1. Diego La Torre - 14.660 Votos- 39% 2. Federico Molinari - 14.439 Votos- 38% 3. Sergio Cachito Vigil - 8.824 Votos- 23%,
24/05/17,Obra,Votación Obras,PLAZA INMIGRANTES DE ARMENIA,,Jefatura de Gobierno,"¿Te gustaría que se incorpore en la Plaza Inmigrantes de Armenia una cancha de Fútbol-Tenis?
 a) Si
 b) No",,14,,,,7163,"1. Estoy de acuerdo - 3.664 Votos - 51,4% 2. No estoy de acuerdo - 3.471 Votos - 48,6%",
26/05/17,Obra,Primera reunión,PLAZA VÉLEZ SARSFIELD,,Jefatura de Gobierno,se realizó una reunión de vecinos por la puesta en valor de la obra a realizarse en la Plaza Vélez Sarsfield.,,10,,511,98,,,
29/05/17,Obra,Reunión Informativa,CALLE CONSTITUCIÓN,,Jefatura de Gobierno,"Reunión para presentar el proyecto. No hubo instancias previas de participación. Pero en el caso de ser necesario, el proyecto puede tener modificaciones.",Constitución e/ Lima y Salta,1,"Puesta en valor de veredas, luminaria, etc.",246,56,,,
05/06/17,Obra,Visita de Obra,TALLERES SUBTE LINEA H,,Ministerio de Desarrollo Urbano y Transporte (MDUyT),Invitamos a los vecinos ganadores a reconoer y conocer los talleres del subte donde se realizan las tareas de mantemiento. ,,4,En este taller se realizan las tareas de mantenimiento periódico de las nuevas formaciones ALSTOM SERIE 300 que recientemente se incorporaron a la Línea.,669,33,,,
05/06/17,Obra,Formulario de ideas,PLAZA DESCANSO DEL PEREGRINO,,Jefatura de Gobierno,Se enviará un formulario en reemplazo de la primera reunión.,,8,Fromulario para recolectar ideas para el mantenimiento de la plaza,,,,,
05/06/17,Obra,Formulario de ideas,PLAZA DON BOSCO,,Vice Jefatura,Formulario a vecinos,,10,"Puesta en valor de la plaza: plantación de árboles, arbustos, mejoramiento de senderos, equipamiento, iluminación y veredas",,,,,
05/06/17,Obra,Formulario de ideas,PLAZA MONSERRAT,,Jefatura de Gobierno,Formulario a vecinos en reemplazo de 1° Reunión,,1,Puesta en valor + Mantenimiento,,,,,
05/06/17,Proyecto,Experiencia BA,VISITA TALLER SUBTE H,,Ministerio de Desarrollo Urbano y Transporte (MDUyT),Experiencia Ciudad visita bajo el parque de los talleres para las formaciones de la línea H,,,Experiencia Ciudad visita bajo el parque de los talleres para las formaciones de la línea H,669,33,,,
09/06/17,Obra,Visita de Obra,COCHERAS SUBTE LINEA D,,Ministerio de Desarrollo Urbano y Transporte (MDUyT),,Vuelta de Obligado y Guayra,13,,554,42,,,
12/06/17,Obra,Reunión Informativa,PLAZA DON BOSCO,,Vice Jefatura,Reunión informativa,"Asociación Patriótica Italiana ""Giovanni Gentile"" Juan Agustin Garcia 5270",10,"Puesta en valor de la plaza: plantación de árboles, arbustos, mejoramiento de senderos, equipamiento, iluminación y veredas",538,61,,,
12/06/17,Obra,Reunión Informativa,PLAZA MONSERRAT,,Jefatura de Gobierno,Reunión para presentar el proyecto. No hubo instancias previas de participación.,Chile 1769 (Casa Paraguaya),1,Mantenimiento por Rubro B,369,61,,,
13/06/17,Proyecto,Votación Proyecto,ESPACIO DE LECTURA CCR (INVIERNO),,Ministerio de Cultura,"¿Qué gran libro de la literatura argentina te gustaría leer en invierno? 
En la masmédula, Oliverio Girondo.
Las invitadas, Silvina Ocampo.
Todos los fuegos el fuego, Julio Cortázar
",Centro Cultural Recoleta,,,,,8532,"1. Todos los fuegos el fuego, Julio Cortázar -  5.897 Votos- 60% 2. Las invitadas, Silvina Ocampo - 2.639 Votos- 27% 3. En la masmédula, Oliverio Girondo - 1.280 Votos- 13%",
13/06/17,Obra,Formulario de ideas,PLAZA GARAY,,Jefatura de Gobierno,Formulario a vecinos en reemplazo de 1° Reunión,,1,Puesta en valor + Mantenimiento,,,,,
15/06/17,Proyecto,Experiencia BA,DÍA INTERNACIONAL YOGA BA,,Vice Jefatura,"Conocé a Maxi Guerra y Nacha Guevara, padrino y madrina del día mundial del yoga en el marco de la celebración.",Centro Cultural Kirchner,,"Conocé a Maxi Guerra y Nacha Guevara, padrino y madrina del día mundial del yoga en el marco de la celebración.",704,2,,,
15/06/17,Obra,Convocatoria,JORNADA DE IDEAS ENTORNO UNIVERSITARIO,,Ministerio de Desarrollo Urbano y Transporte (MDUyT),Jornada de Ideas,,2,Jornada de recolección de ideas a través de murales de Post-Its en 4 muros de BA,,,,,
15/06/17,Proyecto,Votación Proyecto,MASCOTAS EN LOCALES GASTRONÓMICOS,,Ministerio de Ambiente y Espacio Público (MAyEP),¿Te gustaría poder concurrir con tu mascota al interior de los locales gastronómicos?,,,,,,289755,1. No estoy de acuerdo - 148.094 Votos- 52% 2. Estoy de acuerdo - 141.661 Votos- 48%,
19/06/17,Obra,Reunión Informativa,PLAZA GARAY,,Jefatura de Gobierno,Reunión para presentar el proyecto. Hubo formulario previo,Carlos Calvo 1337 (Círculo de Suboficiales PNA),1,Mantenimiento por Rubro B,408,31,,,
21/06/17,Proyecto,Experiencia BA,FERRARI,,Vice Jefatura,Experiencia de viajar en una Ferrari,Autódromo Ciudad de Buenos Aires,,Una vuelta al autódromo en Ferrari: 10 vecinos podrán vivir una experiencia única de la mano de un piloto profesional,13386,10,,,
21/06/17,Obra,Visita de Obra,SOLDADO DE LA FRONTERA,,Ministerio de Ambiente y Espacio Público (MAyEP),"Visita de Obra. Sería el tramo final de la Participación Ciudadana de esta obra, donde ya hubo dos reuniones y una votación previas.",Soldado de la Frontera y Av. Roca,8,,133,28,,,
22/06/17,Proyecto,Convocatoria,ABANDERADOS LGBTI,,Ministerio de Justicia y Seguridad,Abanderado del Día Internacional del Orgullo LGBTI,,,Día Internacional del Orgullo LGBTI,513,3,,,
22/06/17,Proyecto,Experiencia BA,INNOVATI BA,,Ministerio de Modernización Innovación y Tecnología,"4 vecinos podrán conocer y charlar con Peter Vesterbacka, creador de Angry Birds",Usina del Arte,,,414,3,,,
03/07/17,Proyecto,Votación Proyecto,CENTRO DE TRASBORDO FLORES,,Ministerio de Transporte  de la Nación,"Elegí el nombre: Centro de Trasbordo Flores - Roberto Arlt
Centro de Trasbordo Flores - Hugo Del Carril
Centro de Trasbordo Flores - Baldomero Fernández Moreno

",,7,"El Centro de Trasbordo Flores conecta 22 líneas de colectivos con las estaciones San José de Flores y San Pedrito de la línea A de Subte, y la estación Flores del FFCC Sarmiento, beneficiando a más de 55 mil vecinos todos los días.",,,30130,1. Roberto Arlt - 11.219 Votos- 37% 2. Hugo Del Carril - 10.970 Votos- 36% 3. Baldomero Fernández Moreno - 7.941 Votos- 26%,
10/07/17,Proyecto,Votación Proyecto,MEJOR MILANESA DE BODEGÓN DE LA CIUDAD,,Vice Jefatura,Vota cuál es la mejor milanesa de bodegón de la ciudad,,,,,,19922,Opción ganadora:  El Antojo - 1.961 Votos- 10%,
10/07/17,Obra,Formulario de ideas,PLAZA DR. JOAQUIN ZABALA,,Jefatura de Gobierno,Formulario a vecinos en reemplazo de 1° Reunión,,1,Formulario a vecinos para recoletar ideas para el mantenimiento de la plaza,,,,,
11/07/17,Obra,Reunión de co creación,PARQUE EN ALTURA BARRIO 31 RECOLETA,,Jefatura de Gobierno,"Tras invitar a los vecinos a distintos cafés con el personal del SISU, se los invitará a reuniones de Co-Creación para que contribuyan a diseñar el parque en altura que se construirá sobre la actual Illia.",,2,Urbanización e integración social del barrio 31 al resto de la Ciudad de Buenos Aires.,,14,,,
12/07/17,Proyecto,Convocatoria,TEATRO SAN MARTÍN,,Jefatura de Gobierno,Veni al San Martín a disfrutar con tu familia de la obra El niño y los sortilegios,,,El niño y los sortilegios Coreografía: Oscar Araiz Música: Maurice Ravel Vestuario: Renata Schussheim Iluminación: Roberto Traferri,3661,,,,
18/07/17,Proyecto,Experiencia BA,CENTRO DE RECICLAJE,,Ministerio de Ambiente y Espacio Público (MAyEP),Sumate a visitar el primer Centro de Reciclaje de la Ciudad,,,Experiencia Ciudad visita por el Centro de Reciclaje de la ciudad.,297,36,,,
18/07/17,Obra,Reunión de co creación,PARQUE EN ALTURA BARRIO 31 RETIRO,,Jefatura de Gobierno,"Tras invitar a los vecinos a distintos cafés con el personal del SISU, se los invitará a reuniones de Co-Creación para que contribuyan a diseñar el parque en altura que se construirá sobre la actual Illia.",,1,Urbanización e integración social del barrio 31 al resto de la Ciudad de Buenos Aires.,,21,,,
24/07/17,Obra,Votación Obras,PARQUE ALBERDI,,Ministerio de Ambiente y Espacio Público (MAyEP),Votación: ¿Cómo te gustaría que se pinte el anfiteatro del Parque Alberdi?,,9,Reforma integral del parque,,,1531,1. Opción - 743 Votos - 49 % 2. Opción - 414 Votos - 27 % 3. Opción - 374 Votos - 24 %,
14/08/17,Proyecto,Experiencia BA,CAMPEONATO DEL ASADO,,Vice Jefatura,Vos podes ser jurado de la final del campeonato federal del asado,,,Convocatoria: 1 vecino + acompañante formaran parte del jurado del evento. Pre selección de ganadores por sorteo. Luego votación del público para elegir pareja ganadora.,2382,1,,,
14/08/17,Obra,Formulario de ideas,PLAZOLETA MIGUEL ABUELO,,Jefatura de Gobierno,Formulario a vecinos en reemplazo de 1° Reunión,,14,Puesta en valor + Mantenimiento,,,,,
14/08/17,Proyecto,Votación Proyecto,MUNDIAL DE TANGO,,Jefatura de Gobierno,Elección de la pareja finalista favorita del público en la categoría Tango Escenario,,,"Para este evento tanguero único y de repercusión internacional, que tiene ya su fecha consagrada en el mes de agosto, miles de bailarines y público de todo el mundo llegan a la Ciudad para participar y vivir las diversas actividades",,,21712,Opción ganadora: Simone Facchini y Gioia Aballe - 3.415 Votos- 16%,
15/08/17,Obra,Formulario de ideas,BARRIO SIMÓN BOLIVAR,,Jefatura de Gobierno,Formulario a vecinos en reemplazo de 1° Reunión,,7,,,,,,
15/08/17,Obra,Formulario de ideas,ENTORNO ESTADIO VÉLEZ SARSFIELD,,Jefatura de Gobierno,Formulario a vecinos en reemplazo de 1° Reunión,,9,Parquización y recuperación de espacios verdes frente al Estadio.,,,,,
16/08/17,Obra,Reunión de co creación,CORREDOR VERDE DEL OESTE,,Ministerio de Ambiente y Espacio Público (MAyEP),Reunión co-creación,"Club Navarro, Moreno 3682",5,,488,60,,,
16/08/17,Proyecto,Votación Proyecto,PREMIOS LOLA MORA,,Ministerio de Hábitat y Desarrollo Humano,"En esta ocasión el público fue invitado a elegir en 5 categorías diferentes (TV No Ficción, Radio Interés General, Radio con perspectiva de género, Prensa Escrita y Labor Periodística en TV)",,,Premio Lola Mora que distingue a las personas que transmiten una imagen de la mujer real en los medios de comunicación.,,,75955,,
17/08/17,Obra,Reunión Informativa,PLAZA NORUEGA,,Jefatura de Gobierno,Reunión informativa,Cuba 2410 - Escuela técnica N° 28,13,,440,27,,,
22/08/17,Obra,Votación Obras,MURAL PUENTE CORTÁZAR,,Ministerio de Ambiente y Espacio Público (MAyEP),¿Cuál de estas tres opciones te gustaría que tenga el mural que está en la pared lindera del Puente Cortázar? a) Opción 1 b) Opción 2 c) Opción 3,,15,,,,4254,1. Opción 2 - 1.579 Votos - 37 % 2. Opción 3 - 1352 Votos - 32 % 3. Opción 1 - 1323 Votos - 31 %,
23/08/17,Obra,Votación Obras,ENTORNO ESTADIO VÉLEZ SARSFIELD,,Jefatura de Gobierno,"¿Que actividad deportiva te gustaría que se sume en el entorno del Estadio Velez Sarsfield?
A) Postas Aeróbicas
B) Mesas de Ping-Pong
C) Canchas de fútbol-tenis",,9,Parquización y recuperación de espacios verdes frente al Estadio.,,,2185,"1. Postas Aeróbicas - 1.086 Votos - 49,70% 2. Canchas de Fútbol Tenis - 734 Votos - 33,59% 3. Mesas de Ping-Pong - 365 Votos - 16,70%",
28/08/17,Obra,Primera reunión,PLAZA DR. JOAQUIN ZABALA,,Jefatura de Gobierno,Reunión informativa para presentar el proyecto luego de recolectar ideas a través de un formulario.,Club El Progreso. Sarmiento 1334,1,"Renovación de rejas, mobiliario urbano, luminaria, inclusión de postas aeróbicas y nuevo patio de juegos.",166,13,,,
29/08/17,Proyecto,Experiencia BA,SUBTE A,,Ministerio de Desarrollo Urbano y Transporte (MDUyT),Los vecinos pudieron subirse y dar un paseo por el subte historico de noche. ,,,,6245,160,,,
04/09/17,Obra,Votación Obras,PLAZA HENRY DUNANT,,Jefatura de Gobierno,"¿Estás de acuerdo con que la Plaza Henry Dunant sea enrejada?
A) Si, estoy de acuerdo.
B) No, no estoy de acuerdo.",,9,Enrejamiento de la plaza,,,4254,"1. Si, Estoy de acuerdo - 1.250 Votos - 74,40%  2. No, No estoy de acuerdo - 430 Votos - 25,60%",
04/09/17,Obra,Reunión Informativa,PLAZA MONSEÑOR DE ANDREA,,Jefatura de Gobierno,Reunión informativa para presentar el proyecto luego de recolectar ideas a través de una primera reunión.,Museo Xul Solar: Laprida 1212,2,"Renovación de mobiliario urbano, parquización, nuevo sistema de riego y construcción de canil,",247,35,,,
05/09/17,Obra,Reunión Informativa,CORREDOR VERDE DEL OESTE,,Ministerio de Ambiente y Espacio Público (MAyEP),Segunda reunión: se contará el anteproyecto de la obra y los puntos que tuvieron en cuenta de la reunión de cocreación realizada el 23/08,"Club Navarro, Moreno 3682",5,,376,57,,,
08/09/17,Obra,Reunión Informativa,PATIO LICEAGA FÉLIX,,Jefatura de Gobierno,Reunión informativa para presentar el proyecto luego de recolectar ideas a través de un formulario.,Zuviria y Av. del Barco Centenera,7,"En marzo se realizó un formulario para consultar a los vecinos que propuestas e ideas tenían para mejorar el Patio Félix Liceaga. El proyecto ya está cerrado, por lo que se realizará una reunión informativa para contar las ideas que se tuvieron en cuenta",266,27,,,
12/09/17,Obra,Reunión Informativa,PLAZA ALBERTI,,Jefatura de Gabinete de Ministros,Se presentará el proyecto de la obra. El cuál fue tomado de la ideas que surgieron en la primer reunión,Av. Cabildo 3067. Sede Comuna 13,13,"Puesta en valor de la Plaza: plantación de árboles, arbustos, mejoramiento de senderos, equipamiento, iluminación y veredas",211,43,,,
14/09/17,Obra,Reunión de co creación,ENTORNOS UNIVERSITARIOS,,Ministerio de Desarrollo Urbano y Transporte (MDUyT),,,2,,461,38,,,
14/09/17,Proyecto,Convocatoria,PLACAS CONMEMORATIVAS,,Ministerio de Ambiente y Espacio Público (MAyEP),150 personas podrán poder una placa para conmemorar a un ser querido en Rosedal o Parque Avellaneda,,,"A partir de una propuesta de vecinos, se dará la posibilidad de que se coloquen chapitas conmemorativas en parques o plazas públicas: Rosedal y Parque Avellaneda",702,150,,,
15/09/17,Proyecto,Experiencia BA,BIENAL ARTE JOVEN,,Ministerio de Cultura,,,,,384,11,,,
18/09/17,Proyecto,Experiencia BA,ISSP ,,Ministerio de Justicia y Seguridad,20 vecinos tendrán la oportunidad de conocer cómo se entrena la Policía de la Ciudad,,,,1070,9,,,
18/09/17,Obra,Reunión Informativa,MANZANA 66,,Ministerio de Desarrollo Urbano y Transporte (MDUyT),"Tras haber realizado una reunión de co-creación en febrero, se invitará a los vecinos a la reunión informativa para conocer el proyecto.","Av. Jujuy 400-302, C1083AAQ, C1209 CABA",3,Creación de un nuevo espacio público en la Manzana 66 en el barrio de Balvanera. Actualmente la manzana pertenece a un privado y se desarrollan canchas de fútbol. La obra se encuentra en etapa de proyecto.,474,52,,,
19/09/17,Proyecto,Experiencia BA,VIVERO DE LA CIUDAD,,Jefatura de Gobierno,,,,,2995,112,,,
21/09/17,Proyecto,Experiencia BA,SECRETOS DE COCINEROS,,Ministerio de Cultura,,,,,2735,6,,,
21/09/17,Proyecto,Experiencia BA,TRASBORDADOR DE LA BOCA,,Ministerio de Transporte  de la Nación,,,,,5283,30,,,
25/09/17,Obra,Formulario de ideas,PLAZA ROBERTO ARLT,,Jefatura de Gobierno,Formulario a vecinos en reemplazo de 1° Reunión,,1,Formulario a vecinos para recolectar ideas para la renovación integral de la plaza,,,,,
02/10/17,Obra,Formulario de ideas,PLAZA FRANCISCO SICARDI,,Vice Jefatura,Formulario a vecinos en reemplazo de 1° Reunión,,7,,,,,,
02/10/17,Proyecto,Experiencia BA,RESERVA ECOLÓGICA,,Ministerio de Ambiente y Espacio Público (MAyEP),,,,,1824,33,,,
03/10/17,Proyecto,Experiencia BA,HIGIENE URBANA,,Ministerio de Ambiente y Espacio Público (MAyEP),Los vecinos puedan ver cómo funcionan las máquinas y tomar contacto con las personas que limpian todos los días la ciudad junto al equipo de Higiene Urbana,Distrito Audiovisual Dorrego,,"El Ministerio de Ambiente y Espacio Público trabaja para la higiene, la puesta en valor, el mantenimiento y las mejoras de nuestra ciudad.",301,30,,,
03/10/17,Obra,Votación Obras,PLAZA DR. JOAQUIN ZABALA,,Jefatura de Gobierno,¿Qué preferis que suceda con la fuente que se encuentra en la Plaza Zabala?,,1,"""Queres mantener la fuente de agua o que se haga un patio de juego?"" Opción a) Fuente de agua Opción b) Patio de juegos",,,6143,"1. Renovar la fuente - 3.223 Votos - 52,47% 2. Reemplazarla por un patio de juegos - 2.920 Votos - 47,53%",
04/10/17,Obra,Primera reunión,CIRCUITO DE ENTRENAMIENTO RECOLETA,,Jefatura de Gobierno,Invitamos a los vecinos a participar de la reunión para conocer las obras que se van a realizar en la plaza. ,Plaza Rubén Darío: Esquina Libertador y Aguero,2,Se va a poner en valor la plaza Rubén Darío para la gran cantidad de gente que actualmente asiste a hacer actividades deportivas.,291,24,,,
06/10/17,Proyecto,Votación Proyecto,CLAVE 13/17,,Ministerio de Cultura,¿Estás de acuerdo en que se destine un espacio permanente para las actividades CLAVE para chicos 1317 años en el CCR?,,,,,,5493,1. SI - 3.849 Votos- 70% 2. NO - 1.644 Votos- 30%,
09/10/17,Proyecto,Votación Proyecto,CAFÉS NOTABLES,,Vice Jefatura,Elegí al mejor bar notable de la Ciudad,,,,,,19496,Opción ganadora:  Las Violetas - 3.706 Votos- 19%,
09/10/17,Obra,Primera reunión,CCCA EJE CÍVICO AV. DE MAYO,,Ministerio de Ambiente y Espacio Público (MAyEP),Primera reunión con comerciantes de la zona para poder definir entre todos una identidad común de los comercios.,Av. de Mayo 833,1,,,16,,,
12/10/17,Obra,Reunión Informativa,ZONA 30 VILLA REAL,,Ministerio de Transporte  de la Nación,Reunión de vecinos para contarles el proyecto de Zona calma o Áreas 30 para ese barrio.,Escuela Cristiana Evangelica Argentina Tinogasta 5824 e/ irigoyen y bruselas,10,,424,81,,,
14/10/17,Proyecto,Experiencia BA,SECRETOS DE COCINEROS 2,,Ministerio de Cultura,,,,,1263,12,,,
18/10/17,Obra,Reunión Informativa,PLAN ONCE,,Ministerio de Ambiente y Espacio Público (MAyEP),Invitamos a los vecinos a participar de la reunión para conocer el anteproyecto de la obra,,3,,600,124,,,
23/10/17,Obra,Votación Obras,CALESITA,,Jefatura de Gobierno,"¿En cuál de estas plazas de la Comuna 1 te gustaría que se instale una calesita?
A) Plaza Alfonsina Storni
B) Plaza Rosario Vera Peñaloza",Plaza Alfonsina Storni: Av. San Juan e/ Virrey Cevallos y Solís Plaza Rosario Vera Peñaloza: Av. San Juan y Chacabuco,1,Se colocará una calesita en una plaza de la comuna 1. La votación será entre dos opciones para que los vecinos puedan elegir donde colocarla.,,,5965,1. Plaza Alfonsina Estorni - 3.911 Votos - 66 % 2. Plaza Rosario Vera Peñaloza - 2.054 Votos - 34 %,
23/10/17,Proyecto,Votación Proyecto,ROBOT APRA,,Ministerio de Ambiente y Espacio Público (MAyEP),¿Cómo queres que se llame el robot inspector?,,,,,,20201,1. Pluvio - 7.386 Votos- 37% 2. Tango - 7.082 Votos- 35% 3. Pluvito 5.733 - 28%,
24/10/17,Obra,Reunión Informativa,PLAZA CNEL. MARTÍN IRIGOYEN,,Jefatura de Gobierno,Primera reunión de vecinos para recolectar ideas para complementar un anteproyecto ya existente,Zelada 6054,9,,496,52,,,
27/10/17,Obra,Votación Obras,PISTA ATLETISMO PARQUE CHACABUCO,,Vice Jefatura,¿A quien te gustaria homenajear en nuestra pista de atletismo? 1)Noemi Simonett 2)Domingo Amaison 3) Iries Fernández,,7,,,,13121,1. Noemi Simonett  - 5.140 Votos - 39 % 2. Iries Fernández - 4.618 Votos - 35 % 3. Domingo Amaison - 3.363 Votos - 26 %,
30/10/17,Proyecto,Votación Proyecto,COLORES FÚTBOL OBELISCO,,Ministerio de Ambiente y Espacio Público (MAyEP),¿Cuáles son los colores de tu pasión?,,,Elegir cuál es tu cuadro de fútbol. El club ganador podrá intervenir el Obelisco por un día con sus colores,,,198162,"Opción ganadora: Boca Juniors - 78.372 Votos- 39,50%",
04/11/17,Proyecto,Experiencia BA,PASEO HISTÓRICO SUBTE A 2,,Ministerio de Desarrollo Urbano y Transporte (MDUyT),,,,,7313,170,,,
06/11/17,Obra,Reunión Informativa,PLAZA FRANCISCO SICARDI,,Jefatura de Gobierno,Segunda reunion informativa presentacion del anteproyecto.,Balvastro y Varela,7,,373,35,,,
08/11/17,Obra,Reunión de co creación,PLAN CONSTITUCIÓN,,Ministerio de Ambiente y Espacio Público (MAyEP),Primera reunión donde los vecinos trabajarán distribuidos en mesas para diseñar las reformas para parte del barrio de Constitución,Carlos Calvo 1337 (Circulo de suboficiales PNA),1,,450,43,,,
09/11/17,Proyecto,Experiencia BA,FERIA MASTICAR,,Vice Jefatura,Se invitó a los vecinos a la Feria Masticar ,,,,10203,16,,,
10/11/17,Proyecto,Votación Proyecto,HALL TEATRO SAN MARTÍN,,Ministerio de Cultura,¿Cómo queres que se llame el hall del teatro San Martín?,,,"Los vecinos van a poder elegir entres grandes actores que fueron y son sumamente representativos para la escena teatral: Alfredo Alcón, María Rosa Gallo y Ernesto Bianco",,,48932,1. Alfredo Alcón - 30.789 Votos- 63% 2. María Rosa Gallo - 11.218 Votos- 23% 3. Ernesto Bianco - 6.925 Votos- 14%,
10/11/17,Proyecto,Experiencia BA,SIMULACRO DE INCIDENTE,,Ministerio de Justicia y Seguridad,,,,,1173,38,,,
15/11/17,Proyecto,Experiencia BA,CULTURA JAPONESA,,Ministerio de Cultura,,,,,3371,20,,,
16/11/17,Proyecto,Experiencia BA,CÚPULAS Y TERRAZAS,,Ministerio de Cultura,,,,,9730,20,,,
16/11/17,Proyecto,Convocatoria,JURADO MEJOR ASADO DE OBRA,,Ministerio de Desarrollo Urbano y Transporte (MDUyT),Participá por un lugar para ser jurado,,,5 vecinos serán jurados en la votación de los mejores 3 asados de obra,1494,5,,,
21/11/17,Obra,Reunión Informativa,JARDÍN PASEO DE LA CHACARITA COLEGIALES,,Jefatura de Gobierno,Reunion informativa por la puesta en valor de la Plazoleta de los Colegiales.,Parroquia todos los Santos - Otero 179,15,,366,83,,,
22/11/17,Proyecto,Votación Proyecto,EMBLEMÁTICO EDUCACIÓN,,Ministerio de Educación,¿Estás de acuerdo en que la carrera docente deje de ser una terciaria y pase a ser universitaria? (Sale GCBA + HRL),,,¿Estás de acuerdo en que la carrera docente deje de ser una terciaria y pase a ser universitaria? (Sale GCBA + HRL),,,901279,,
24/11/17,Proyecto,Votación Proyecto,UNIDAD CONVIVENCIAL 2,,Ministerio de Hábitat y Desarrollo Humano,"¿Cómo queres que se lla Unidad Convivencial número 2? Opciones: Tita Merello, Aimé Paine, Julieta Lanteri",,,"En el marco de la semana contra la violencia de género, se consultará a los ciudadanos cómo quieren nombrar al UC2, un refugio para las mujeres victimas de trata",,,27546,1. Tita Merello - 18.475 Votos- 67% 2. Aimé Painé - 4.768  Votos- 17% 3. Julieta Lanteri - 4.303 Votos- 16%,
24/11/17,Proyecto,Votación Proyecto,VOTACIÓN MEJOR ASADO DE OBRA,,Ministerio de Desarrollo Urbano y Transporte (MDUyT),Elegí el mejor asado de obra,,,Los vecinos podrán elegir entre 9 asados de obras importantes del MDU - Paseo del Bajo - Paso Bajo Nivel Balbín - Villa Olímpica - Parque Olímpico - Nueva Illia - Línea H - Puente Lacarra - Arroyo Vega - Viaducto San Martín,,,2845,1. Línea H Estación de Derecho - 599 Votos- 21% 2. Viaducto San Martín - 467 Votos- 16% 3. Villa Olímpica - 460 Votos- 16%,
05/12/17,Proyecto,Experiencia BA,DESFILE DE NAVIDAD,,Jefatura de Gobierno,Convocar a vecinos a que participen de la actividad del desfile de navidad. ,Av. del Libertador,,,7342,5,,,
11/12/17,Obra,Inauguración,PARQUE ALBERDI,,Ministerio de Ambiente y Espacio Público (MAyEP),Inauguración,,9,Luego de cuatro instancias de participación. se invitará a los vecinos que participaron de las dos reuniones que se hicieron en 2016 a la inauguración que se hará de la puesta en valor del Parque.,,12,,,
12/12/17,Obra,Votación Obras,ARROYO VEGA,,Jefatura de Gobierno,¿Como te gustaria que se llame la Tunelera del Arroyo Vega? 1) Lia 2) Elina 3) Elisa,,Varias ,,,,26291,1. Elisa - 14.173 Votos - 54% 2. Elina - 6.491 Votos - 25% 3. Lía - 5.627 Votos - 21%,
12/12/17,Obra,Reunión Informativa,PLAZA CORRALÓN DE FLORESTA,,Jefatura de Gobierno,Reunion infromativa para presentar el proyecto.,Club Social y Deportivo Mitre: Av.Segurola 1332,10,,749,77,,,
18/12/17,Proyecto,Experiencia BA,CASAMIENTOS EN LA BOMBONERA,,Ministerio de Gobierno,"12 parejas podrán dar el “Sí” más importante casándose en “La Bombonera”. Luego, disfrutarán de un brindis junto a sus familiares e invitados, en un salón dentro del estadio que será ambientado para la ocasión.",,4,,1391,483,,,
18/12/17,Obra,Inauguración,PLAZA VÉLEZ SARSFIELD,,Jefatura de Gobierno,Se invita a los vecinos a participar de la inauguración de la Plaza Vélez Sarsfield. Sus ideas fueron tenidas en cuenta y queremos que conozcan y vean como quedó la plaza junto a la Comuna.,Av. Avellaneda y Chivilcoy,10,,68,100,,,
03/01/18,Obra,Inauguración,PLAZA MONSEÑOR DE ANDREA,,Vice Jefatura,Se invita a los vecinos a participar de la inauguración de la Plaza Monseñor de Andrea. Sus ideas fueron tenidas en cuenta y queremos que conozcan y vean como quedó la plaza junto a la Comuna.,Anchorena y Córdoba,2,"Renovación de mobiliario urbano, parquización, nuevo sistema de riego y construcción de canil.",671,50,,,
09/01/18,Obra,Inauguración,PLAZA INMIGRANTES DE ARMENIA,,Vice Jefatura,Se invita a los vecinos a participar de la inauguración de la Plaza Monseñor de Andrea. Sus ideas fueron tenidas en cuenta y queremos que conozcan y vean como quedó la plaza junto a la Comuna.,Malabia y Costa Rica,14,,307,204,,,
11/01/18,Obra,Inauguración,PLAZA MONSERRAT,,Vice Jefatura,Se invita a los vecinos a participar de la inauguración de la Plaza Montserrat. Sus ideas fueron tenidas en cuenta y queremos que conozcan y vean como quedó la plaza junto a la Comuna.,México y San José,1,Renovación de luminarias y mobiliario urbano. Nuevo patio de juegos con solado de goma antigolpe e incorporación de un nuevo arbol central para dar sombra a los juegos.,377,70,,,
15/01/18,Obra,Inauguración,PLAZA DR. JOAQUIN ZABALA,,Vice Jefatura,Se invita a los vecinos a participar de la inauguración de la Plaza Zabala. Sus ideas fueron tenidas en cuenta y queremos que conozcan y vean como quedó la plaza junto a la Comuna.,Suipacha 116,1,"Renovación de rejas, mobiliario urbano, luminaria, inclusión de postas aeróbicas y nuevo patio de juegos.",258,70,,,
18/01/18,Proyecto,Experiencia BA,PUERTO MADERO,,Jefatura de Gobierno,"los vecinos visitaron el puente de la mujer, vieron desde el puente el movimiento del mismo,conocieron su funcionamiento y por ultimo a cargo de una guia aprendieron de la historia de este nuevo barrio. ",,,"los vecinos visitaron el puente de la mujer, vieron desde el puente el movimiento del mismo,conocieron su funcionamiento y por ultimo a cargo de una guia aprendieron de la historia de este nuevo barrio. ",2128,25,,,
30/01/18,Obra,Inauguración,PATIO LICEAGA FÉLIX,,Vice Jefatura,Se invita a los vecinos a participar de la inauguración de el Patio Felix Liceaga. Sus ideas fueron tenidas en cuenta y queremos que conozcan y vean como quedó la plaza junto a la Comuna.,Zuviría y Av. Del Barco Centenera,7,,227,111,,,
05/02/18,Obra,Reunión Informativa,PROYECTO AV. CRUZ Y VARELA,,Ministerio de Educación,Se invitó a los vecinos a participar de una reunión en el barrio de Villa Soldati por la obra que se llevará a cabo en Av. F. F. de la Cruz y Av. Varela.,,8,,419,65,,,
06/02/18,Obra,Visita de Obra,VILLA OLIMPICA,,Ministerio de Desarrollo Urbano y Transporte (MDUyT),"Se invitó a los vecinos a participar de una visita a la Villa Olímpica de la Juventud 2018. La misma constó de una presentación y un breve recorrido por la obra de la Villa Olímpica, así como también de uno de los departamentos.",,8,,1377,47,,,
06/02/18,Obra,Votación Obras,VILLA OLIMPICA,,Ministerio de Desarrollo Urbano y Transporte (MDUyT),Daremos a votación de los vecinos los nombres de las calles de la Villa Olímpica.,,8,Construcción de la Villa Olímpica para los JJOO de la Juventud Buenos Aires 2018. La misma consiste en edificios con departamentos que alojaran a las diferentes delegaciones y que luego serán convertidos en viviendas sociales.,,,21139,1. Deportistas Olímpicos - 13.466 Votos - 64% 2. Equipos Emblemáticos - 5.368 Votos - 25% 3. Disciplinas Ganadoras - 2.305 Votos - 11%,
10/02/18,Proyecto,Evento Proyectos,SORTEO ENTRADAS: ATP,,Vice Jefatura,,,,,2644,6,,,
13/02/18,Obra,Reunión Informativa,PLAZA ROBERTO ARLT,,Vice Jefatura,"Tras consultar a través de un formulario a los vecinos acerca de sus ideas para mejorar la Plaza Roberto Arlt, los invitaremos a conocer el anteproyecto.",,1,Geba (Bmé Mitre 1149),198,17,,,
14/02/18,Proyecto,Experiencia BA,CENA DÍA DE LOS ENAMORADOS,,Ministerio de Cultura,"sortearemos 18 cenas exclusivas para que puedan tener un festejo del día de los enamorados diferente, al aire libre en medio de los Bosques de Palermo en el patio del renovado Museo Sívori.",,,,12913,36,,,
22/02/18,Obra,Inauguración,PLAZA FRANCISCO SICARDI,,Vice Jefatura,Se invita a los vecinos a participar de la inauguración de la Plaza Francisco Sicardi sus ideas fueron tenidas en cuenta y queremos que conozcan y vean como quedó la plaza junto a la Comuna,,7,,330,101,,,
22/02/18,Obra,Primera reunión,PLAZA SAN MIGUEL DE GARICOITS,,Vice Jefatura,1ra reunión de vecinos para que nos acerquen sus ideas/propuestas/sugerencias.,Virrey Arredondo y Delgado,13,,130,50,,,
23/02/18,Proyecto,Experiencia BA,VILLA HÍPICA,,Jefatura de Gabinete de Ministros,"los vecinos ingredsaron por villa hipica, que es la parte trasera de hipodromo, conocieron los stud de caballo, vieron una carrera, luego contaron la histoiria del hipodromo ",,14,"los vecinos ingredsaron por villa hipica, que es la parte trasera de hipodromo, conocieron los stud de caballo, vieron una carrera, luego contaron la histoiria del hipodromo ",2982,27,,,
27/02/18,Proyecto,Experiencia BA,BARRIO CHINO,,Jefatura de Gobierno,"El recorrido comenzo en la calle arribeños donde recibieron un gorro tipico los vecinos, luego observaron murales caracteristicos de la cultura china, ingresaron a locales tipicos de la zona y finalizaron entrando a la asociacion taiwanesa.",,13,"El recorrido comenzo en la calle arribeños donde recibieron un gorro tipico los vecinos, luego observaron murales caracteristicos de la cultura china, ingresaron a locales tipicos de la zona y finalizaron entrando a la asociacion taiwanesa.",3662,31,,,
02/08/18,Obra,Inauguración,PBN BALBÍN,,Ministerio de Desarrollo Urbano y Transporte (MDUyT),Se invitaron vecinos participativos,Estomba y Av. Goyeneche,12,,Sin Datos,Sin Datos ,,,
27/02/18,Obra,Votación Obras,PBN BALBÍN,,Ministerio de Desarrollo Urbano y Transporte (MDUyT),"¿Que diseño de mural te gusta más para el PBN de Av.Balbin?
 - Opción 1
 -Opción 2
 -Opción 3",Estomba y Av. Goyeneche,12,,,,35531,1. Opción 1 - 14.392 Votos - 40% 2. Opción 3 - 10.904 Votos - 31% 3. Opción 2 - 10.235 Votos - 29%,
28/02/18,Obra,Formulario de ideas,CCCA PLAN LINIERS,,Ministerio de Ambiente y Espacio Público (MAyEP),Formulario a vecinos en reemplazo de la primera reunión para recolectar ideas y sugerencias para la obra.,"Av. Rivadavia, Carhue, Ibarrola y Gral. Paz",9,,,,,,
05/03/18,Obra,Visita de Obra,NUEVA ESTACIÓN LÍNEA H (FACULTAD DE DERECHO),,Ministerio de Desarrollo Urbano y Transporte (MDUyT),,,2,,1389,25,,,
09/03/18,Obra,Inauguración,PLAZA ALFÉREZ JOSÉ MARÍA SOBRAL,,Vice Jefatura,Invitamos a los vecinos a la inauguración de la plaza para conocer las mejoras realizadas. ,,14,,66,54,,,
12/03/18,Proyecto,Experiencia BA,LUNA LLENA EN LA RESERVA ECOLOGICA,,Ministerio de Ambiente y Espacio Público (MAyEP),los vecinos visitaron la reserva ecologica de noche donde conocieron la dinamica de la misma y presenciaron la suelta de animales ,,,los vecinos visitaron la reserva ecologica de noche donde conocieron la dinamica de la misma y presenciaron la suelta de animales ,6672,70,,,
13/03/18,Proyecto,Evento Proyectos,MEET & GREET EMMANUEL,,Ministerio de Cultura,"Dentro del marco: “Especiales de La Usina”, se le dará la posibilidad a los vecinos ganadores que participen de esta convocatoria, de conocer en persona al artista nacional, previo al show que brindará.",,,,653,28,,,
14/03/18,Obra,Reunión de co creación,ELEFANTE BLANCO,,Ministerio de Desarrollo Urbano y Transporte (MDUyT),Reuniones con los vecinos ,Av. Piedra Buena 3300-3202,8,,Sin Datos ,22,,,
15/03/18,Obra,Reunión de co creación,ELEFANTE BLANCO,,Ministerio de Desarrollo Urbano y Transporte (MDUyT),"Presentar a los vecinos la propuesta de obra para el predio donde actualmente está ubicado el edificio conocido como “Elefante Blanco”, emblemático del barrio Ciudad Oculta.",,8,,Sin Datos ,50,,,
15/03/18,Obra,Inauguración,PLAZA DE LOS PERIODISTAS,,Vice Jefatura,Se invita a los vecinos a participar de la inauguración de la Plaza de los Periodistas sus ideas fueron tenidas en cuenta y queremos que conozcan y vean como quedó la plaza junto a la Comuna,Av Nazca 900,7,,47,60,,,
16/03/18,Obra,Reunión de co creación,ELEFANTE BLANCO,,Ministerio de Desarrollo Urbano y Transporte (MDUyT),"Presentar a los vecinos la propuesta de obra para el predio donde actualmente está ubicado el edificio conocido como “Elefante Blanco”, emblemático del barrio Ciudad Oculta.",,8,,Sin Datos ,55,,,
16/03/18,Obra,Convocatoria,JARDÍN PASEO DE LA CHACARITA COLEGIALES,,,,,15,,Sin Datos ,Sin Datos,,,
19/03/18,Proyecto,Convocatoria,BAFICI,,Ministerio de Cultura,,,,,6,,,,
21/03/18,Obra,Votación Obras,NUEVA ESTACIÓN LÍNEA H (FACULTAD DE DERECHO),,Ministerio de Desarrollo Urbano y Transporte (MDUyT),"1. Julieta Lanteri - 78.247 Votos - 44.8%
2. María Angélica Barreda - 49.544 Votos - 28.4%
3. Celia Tapias - 46.868 Votos - 26.8%",,2,,,,174659,1. Julieta Lanteri - 78.247 Votos - 44.8% 2. María Angélica Barreda - 49.544 Votos - 28.4% 3. Celia Tapias - 46.868 Votos - 26.8%,
21/03/18,Obra,Reunión de co creación,ELEFANTE BLANCO,,Ministerio de Desarrollo Urbano y Transporte (MDUyT),"Presentar a los vecinos la propuesta de obra para el predio donde actualmente está ubicado el edificio conocido como “Elefante Blanco”, emblemático del barrio Ciudad Oculta.",,8,,Sin Datos ,22,,,
23/03/18,Obra,Reunión de co creación,ELEFANTE BLANCO,,Ministerio de Desarrollo Urbano y Transporte (MDUyT),"Presentar a los vecinos la propuesta de obra para el predio donde actualmente está ubicado el edificio conocido como “Elefante Blanco”, emblemático del barrio Ciudad Oculta.",,8,,Sin Datos ,39,,,
23/03/18,Obra,Reunión de co creación,ELEFANTE BLANCO,,Ministerio de Desarrollo Urbano y Transporte (MDUyT),"Presentar a los vecinos la propuesta de obra para el predio donde actualmente está ubicado el edificio conocido como “Elefante Blanco”, emblemático del barrio Ciudad Oculta.",,8,,,34,,,
25/03/18,Obra,Votación Obras,PBN NAZCA,,Ministerio de Desarrollo Urbano y Transporte (MDUyT),"¿Que diseño de mural te gusta más para el PBN de Av. Nazca?
 - Opción 1
 -Opción 2",Av. Nazca entre Pedro Lozano y Marcos Sastre,11,,,,27045,1. Opción 1 - 15.205 Votos - 56% 2. Opción 2 - 11.840 Votos - 44%,
28/03/18,Obra,Inauguración,PLAZA GIORDANO BRUNO,,Vice Jefatura,Se invita a los vecinos a participar de la inauguración de la Plaza Giordano Bruno sus ideas fueron tenidas en cuenta y queremos que conozcan y vean como quedó la plaza junto a la Comuna,Giordano Bruno y Neuquén,6,"Luego de la puesta en valor de la plaza Giordano Bruno ubicada en el barrio de Caballito, se realizará la inauguración.Estas son las mejoras que se realizaron",149,69,,,
28/03/18,Proyecto,Experiencia BA,RECORRIDA TRIBUNALES,,Ministerio de Cultura,"Recorrido guiado a cargo de Juan Vacas. Visita al Teatro Colón, Palacio de Justicia, Sinangoga y Teatro Cervantes.",,,"Recorrido guiado a cargo de Juan Vacas. Visita al Teatro Colón, Palacio de Justicia, Sinangoga y Teatro Cervantes.",3834,30,,,
04/04/18,Obra,Votación Obras,PLAZA BRASIL,,Vice Jefatura,¿Que diseño de mural te gusta más para la Plaza Brasil? -Opción 1 -Opción 2 -Opción 3,Av. Pueyrredón y Av. Alcorta,2,"Los vecinos de la Comuna 2 podrán elegir entre tres opciones de diseño/colores de murales para la Plaza Brasil (Av. Pueyrredón y Av. Alcorta). La creación del mural en esta plaza fue una propuesta ganadora, por 241 Votos, en la plataforma BA Elige",,,1102,1. Opción 1 - 496 Votos - 45%  2. Opción 3 - 381 Votos - 35% 3. Opción 2 - 225 Votos - 20%,
04/04/18,Proyecto,Convocatoria,POSTULACIÓN - NUEVO NOMBRE DE CASA DE GOBIERNO,,Ministerio de Cultura,"Elección de nombre para la sede de Uspallata 3160. En primera instancia, los empleados postularán y eligirán los 3 mejores nombres, y en segunda instancia, será publicada la votación para los que los vecinos voten y empleados su favorita.",,4,"Elección de nombre para la sede de Uspallata 3160. En primera instancia, los empleados postularán y eligirán los 3 mejores nombres, y en segunda instancia, será publicada la votación para los que los vecinos voten y empleados su favorita.",733,,,,
10/04/18,Obra,Reunión Informativa,PLAN CONSTITUCIÓN,,Ministerio de Ambiente y Espacio Público (MAyEP),,,1,,302,73,,,
11/04/18,Obra,Reunión Informativa,ARROYO VEGA,,Ministerio de Desarrollo Urbano y Transporte (MDUyT),,,15,,93,31,,,
12/04/18,Proyecto,Evento Proyectos,MEET & GREET BERSUIT,,Ministerio de Cultura,"Dentro del marco: “Especiales de La Usina”, se le dará la posibilidad a los vecinos ganadores que participen de esta convocatoria, de conocer en persona a los integrantes del grupo musical, previo al show que brindarán.",,,,933,20,,,
12/04/18,Obra,Reunión Informativa,PARQUE DEL BAJO,,Ministerio de Desarrollo Urbano y Transporte (MDUyT),Se invitó a los vecinos a una reunión para que conociera el proyecto del nuevo parque del bajo,,1,,446,18,,,
12/04/18,Obra,Votación Obras,PUENTE LACARRA,,Ministerio de Desarrollo Urbano y Transporte (MDUyT),"¿Cómo te gustaría que se conozca el Puente Lacarra? (pregunta tentativa) 1. Puente Olímpico ""Ribera Sur"" 2. Puente Olímpico ""Edmundo Rivero"".","27 de Febrero, entre Escalada y Cámpora",8,"Los vecinos de la Ciudad y los del Lanús podrán votar el nombre con el que quieren homenajear al nuevo Puente Lacarra, que unirá al Municipio con el Barrio de Villa Soldati, Capital Federal.",,,45140,"1. Puente Olímpico - Ribera Sur - 29.023 Votos - 34,3% 2. Puente Olímpico - Edmundo Rivero - 16.177 Votos - 35,7% ",
17/04/18,Proyecto,Evento Proyectos,LA SEMANA DEL MALBEC,,Ministerio de Cultura,"Dentro del marco: “La semana del Malbec”, se les dará la posibilidad a los vecinos ganadores que participen de esta convocatoria, de ser espectadores del show artístico destacado: “Lujan Eje del Mundo”, organizado por la Municipalidad de Luján de Cuyo.",,,,515,200,,,
17/04/18,Obra,Inauguración,PARQUE IRALA,,Vice Jefatura,Queremos invitar a los vecinos a conocer las mejoras del Parque Irala que se realizaron a través de sus sugerencias ,,4,,102,49,,,
17/04/18,Obra,Reunión Informativa,CCCA PLAN LINIERS,,Ministerio de Desarrollo Urbano y Transporte (MDUyT),Se invita a los vecinos a participar de la reunión para conocer el proyecto ,,9,,208,23,,,
18/04/18,Obra,Visita de Obra,SOTERRAMIENTO LÍNEA SARMIENTO,,Ministerio de Transporte  de la Nación,,,,,3702,9,,,
24/04/18,Proyecto,Experiencia BA,CUARTEL DE BOMBEROS,,Ministerio de Justicia y Seguridad,,,,,893,35,,,
24/04/18,Obra,Reunión Informativa,PLAZA GUILLERMO Y ALFREDO BARBIERI,,Vice Jefatura,,,4,,370,17,,,
26/04/18,Obra,Votación Obras,PUENTE ARGERICH,,Ministerio de Desarrollo Urbano y Transporte (MDUyT),¿Qué diseño te gusta más?,,7,,,,12393,"1. Opción 1 - 8.572 Votos - 69,2% 2. Opción 2 - 3.821 Votos - 30,8%",
27/04/18,Obra,Visita de Obra,ESTACIÓN CATALINAS : LÍNEA E,,Ministerio de Desarrollo Urbano y Transporte (MDUyT),Invitamos a los vecinos a conocer y recorrer la obra de las nuevas estaciones de la Línea E. ,,1,,1495,56,,,
07/05/18,Proyecto,Experiencia BA,RECORRIDA MURALES,,Ministerio de Cultura,,,4,,1173,15,,,
10/05/18,Proyecto,Evento Proyectos,MEET & GREET COTI,,Ministerio de Cultura,Los vecinos ganadores tendrán la oportunidad de conocer al artista en persona,,,,655,29,,,
11/05/18,Obra,Inauguración,PLAZOLETA DE LOS MILAGROS,,Vice Jefatura,,,8,,518,49,,,
11/05/18,Obra,Votación Obras,PLAZOLETA DE LOS MILAGROS,,Vice Jefatura,¿Querés que la plazoleta Skanderberg se llame oficialmente Plazoleta de los Milagros ?,,8,,,,4588,"1. Si, estoy de acuerdo - 3.665 Votos - 79,9% 2. No estoy de acuerdo - 923 Votos - 20,1%",
15/05/18,Obra,Visita de Obra,PARQUE OLIMPICO,,Ministerio de Desarrollo Urbano y Transporte (MDUyT),,,8,,371,29,,,
16/05/18,Obra,Visita de Obra,PBN BALBÍN,,Ministerio de Desarrollo Urbano y Transporte (MDUyT),,Estomba y Av. Goyeneche,12,,589,37,,,
17/05/18,Obra,Inauguración,NUEVA ESTACIÓN LÍNEA H (FACULTAD DE DERECHO),,Ministerio de Desarrollo Urbano y Transporte (MDUyT),Se invita a los vecinos a conocer la obra de la nueva estción de la línea H - Facultad de Derecho,,2,,514,11,,,
22/05/18,Obra,Inauguración,PLAZA MONTE CASTRO,,Vice Jefatura,"Se invitó a vecinos a participar de la reinauguración de la Plaza Monte Castro junto a miembros de la junta comunal n°10.  Los vecinos pudieron disfrutar de las nuevas mejoras.
La plaza contó con las siguientes obras: - Mejoras en el patio de juegos",Miranda 4300 y Gualeguaychú y Mercedes,10,,173,61,,,
23/05/18,Proyecto,Experiencia BA,ANIVERSARIO 82 OBELISCO,,Ministerio de Ambiente y Espacio Público (MAyEP),"En el marco de los 82 años del Obelisco, 82 vecinos podrán subir la escalera interna del monumento para observar la ciudad desde lo alto.",,,"En el marco de los 82 años del Obelisco, 82 vecinos podrán subir la escalera interna del monumento para observar la ciudad desde lo alto.",9476,68,,,
23/05/18,Obra,Inauguración,PLAZA NORUEGA,,Vice Jefatura,Invitamos a los vecinos a la inauguración de la plaza para conocer las mejoras realizadas. ,,13,,42,57,,,
24/05/18,Obra,Visita de Obra,VIADUCTO LÍNEA MITRE,,Jefatura de Gobierno,,,Varias ,,1277,16,,,
30/05/18,Proyecto,Experiencia BA,DIRECCIÓN DE MANTENIMIENTO Y TALLERES,,Ministerio de Ambiente y Espacio Público (MAyEP),"Visita a los talleres donde se realizan oficios de carpíntería, herrería, relojería, así como otros que implican el arreglo de los espacios públicos de la ciudad.",,,"Visita a los talleres donde se realizan oficios de carpíntería, herrería, relojería, así como otros que implican el arreglo de los espacios públicos de la ciudad.",970,17,,,
31/05/18,Proyecto,Convocatoria,ABANDERADOS,,Ministerio de Ambiente y Espacio Público (MAyEP),,,Todas,,650,,,,
04/06/18,Obra,Inauguración,PLAZA BRASIL,,Vice Jefatura,Invitamos a los vecinos a la inauguración de la plaza para conocer las mejoras realizadas.  ,,2,,30,6,,,
07/06/18,Proyecto,Evento Proyectos,MEET & GREET EL BORDO,,Ministerio de Cultura,,,,,1036,26,,,
07/06/18,Proyecto,Convocatoria,PLACAS CONMEMORATIVAS - PARQUE PATRICIOS,,Jefatura de Gobierno,,,4,,203,,,,
07/06/18,Proyecto,Convocatoria,PLACAS CONMEMORATIVAS - PARQUE RIVADAVIA,,Jefatura de Gobierno,,,6,,338,,,,
07/06/18,Obra,Inauguración,PLAZA ROBERTO ARLT,,Vice Jefatura,Invitamos a los vecinos a la inauguración de la plaza para que conocieran las mejoras realizadas. ,,1,,307,101,,,
08/06/18,Obra,Visita de Obra,ARROYO VEGA,,Ministerio de Desarrollo Urbano y Transporte (MDUyT),,,Varias ,,400,30,,,
13/06/18,Proyecto,Convocatoria,CONCURSO FOTOGRÁFICO DE LA CIUDAD,,Jefatura de Gobierno,,,,,969,,,,
13/06/18,Obra,Visita de Obra,SOTERRAMIENTO LÍNEA SARMIENTO,,Ministerio de Transporte  de la Nación,,,,,1626,9,,,
14/06/18,Obra,Visita de Obra,PUENTE LACARRA,,Ministerio de Desarrollo Urbano y Transporte (MDUyT),"Se invitó a los vecinos a participar de una visita a la obra en curso del nuevo puente Lacarra. 
Se realizaron dos recorridos, uno con vecinos y otro con  alumnos UBA.",,8,,274,35,,,
18/06/18,Obra,Votación Obras,ESTADIO ARGENTINOS JUNIORS,,Ministerio de Ambiente y Espacio Público (MAyEP),¿Cuál de estos diseños de baldosas te gusta más?,,11,,,,13067,1. Escudo - 8.899 Votos - 68%  2. Copa Libertadores del 85 - 4168 Votos - 32 %,
19/06/18,Proyecto,Evento Proyectos,1º FORO,,Jefatura de Gobierno,,,,,234,8,,,
21/06/18,Obra,Votación Obras,ESTADIO ALL BOYS,,Ministerio de Ambiente y Espacio Público (MAyEP),¿Cuál de estos diseños de baldosas te gusta más?,,10,,,,17145,1. Escudo - 13.678 Votos - 80 % 2. Copa Segunda División del 72 - 3467 Votos - 20 %,
25/06/18,Proyecto,Evento Proyectos,2º FORO,,Jefatura de Gobierno,,,,,280,5,,,
26/06/18,Proyecto,Convocatoria,CUIDADORES DE ÁRBOLES (C2),,Jefatura de Gobierno,Se realizarán nuevas plantaciones y se dará la posibilidad a los vecinos para que apadrinen árboles durante su primer año de vida mediante su riego.,,2,Se realizarán nuevas plantaciones y se dará la posibilidad a los vecinos para que apadrinen árboles durante su primer año de vida mediante su riego.,534,159,,,
28/06/18,Proyecto,Experiencia BA,EMBAJADAS ZONA RETIRO,,Ministerio de Cultura,"Recorrido por la renovada zona de Retiro, ingresando a edificios que se encuentran ahí (Cancillería, Embajada de Francia, Museo de Arte Hispanoamericano Isaac Fernández Blanco). Guiado por Juan Vacas, Director General de Museos y Patrimonio.",,,"Recorrido por la renovada zona de Retiro, ingresando a edificios que se encuentran ahí (Cancillería, Embajada de Francia, Museo de Arte Hispanoamericano Isaac Fernández Blanco). Guiado por Juan Vacas, Director General de Museos y Patrimonio.",3717,30,,,
29/06/18,Proyecto,Evento Proyectos,ARTE EN LA USINA,,Ministerio de Cultura,,,,,719,11,,,
29/06/18,Obra,Inauguración,CALESITA PLAZA ALFONSINA STORNI,,,Invitamos a los vecinos a conocer la nueva calesita de la plaza. ,,1,,97,33,,,
29/06/18,Proyecto,Experiencia BA,DISTRITO DE LAS ARTES - CMD,,Ministerio de Cultura,"Recorrido por el CMD, charlas sobre los talleres, demostración de uso de impresoras 3D.  Dinámica de cierre en grupo  para pensar ideas emprendedoras.",,,"Recorrido por el CMD, charlas sobre los talleres, demostración de uso de impresoras 3D.  Dinámica de cierre en grupo  para pensar ideas emprendedoras.",957,26,,,
29/06/18,Obra,Visita de Obra,PBN NAZCA,,Ministerio de Desarrollo Urbano y Transporte (MDUyT),,,11,,397,49,,,
03/07/18,Proyecto,Evento Proyectos,3º FORO,,Jefatura de Gobierno,,,,,134,15,,,
05/07/18,Obra,Visita de Obra,VIADUCTO LÍNEA SAN MARTÍN,,Ministerio de Transporte  de la Nación,,,15,,531,48,,,
06/07/18,Obra,Reunión Informativa,CCCA PLAN LINIERS,,Ministerio de Ambiente y Espacio Público (MAyEP),Se invita a los vecinos a participar de la reunión para conocer el proyecto ,,9,,78,32,,,
06/07/18,Obra,Votación Obras,ESTADIO VÉLEZ SARSFIELD,,Ministerio de Ambiente y Espacio Público (MAyEP),¿Cuál de estos diseños de baldosas te gusta más?,,9,,,,22490,1. Escudo - 12.183 Votos - 54 % 2. Copa Libertadores del 94 - 6.102 Votos - 27 % 3. Estadio - 4205 Votos - 19 %,
06/07/18,Proyecto,Evento Proyectos,SORTEO ENTRADAS: MAR DE NOCHE,,Ministerio de Cultura,Los vecinos ganadores disfruran de la pélicula ,,,,3303,120,,,
09/07/18,Proyecto,Evento Proyectos,COCINA (ESPECIAL 9 DE JULIO),,Jefatura de Gobierno,,,,,926,14,,,
10/07/18,Proyecto,Evento Proyectos,4º FORO,,Jefatura de Gobierno,,,,,100,8,,,
11/07/18,Proyecto,Votación Proyecto,CENTRO INTEGRAL DE LA MUJER CIM COMUNA 9,,Ministerio de Hábitat y Desarrollo Humano,Dar a votación de vecinos el nombre del Centro Integral de Mujer de la Comuna 9.,,9,Dar a votación de vecinos el nombre del Centro Integral de Mujer de la Comuna 9.,,,23553,1. Alfonsina Storni - 12.945 Votos - 55 % 2. Aimé Painé - 6998 Votos - 30 % 3. Victoria Ocampo - 3.610 Votos - 15 %,
12/07/18,Proyecto,Evento Proyectos,MEET & GREET IVAN NOBLE,,Ministerio de Cultura,,,,,849,30,,,
13/07/18,Obra,Visita de Obra,PASEO DEL BAJO,,Ministerio de Desarrollo Urbano y Transporte (MDUyT),,,1,,1809,29,,,
14/07/18,Proyecto,Evento Proyectos,SORTEO ENTRADAS: SUPERHEROES VS. ZOMBIES,,Ministerio de Cultura,"En esta oportunidad, y mediante Participación Ciudadana, los vecinos ganadores tendrán la posibilidad de conocer en persona al cantante Iván Noble, a través de un Meet & Greet, previo al show que brindará",,,,750,954,,,
14/07/18,Proyecto,Evento Proyectos,VAMOS A LA USINA,,Ministerio de Cultura,,,,,1461,24,,,
17/07/18,Proyecto,Evento Proyectos,5º FORO,,Jefatura de Gobierno,,,,,80,9,,,
17/07/18,Obra,Votación Obras,CCCA PLAN LINIERS,,Ministerio de Ambiente y Espacio Público (MAyEP),¿Qué color te gusta más?,,9,,,,50,1. Opción 2 - 34 Votos - 16% 2. Opción 1 - 16 Votos - 34%,
18/07/18,Obra,Reunión Informativa,ARROYO VEGA,,Ministerio de Desarrollo Urbano y Transporte (MDUyT),Queremos invitar a los vecinos de la comuna 12 a una Reunión Informativa para que conozcan más sobre la Obra Hidráulica del Arroyo Vega ,,15,,830,18,,,
24/07/18,Proyecto,Evento Proyectos,6º FORO,,Jefatura de Gobierno,,,,,119,18,,,
24/07/18,Proyecto,Evento Proyectos,ABANDERADOS,,Ministerio de Ambiente y Espacio Público (MAyEP),,,Todas,,,70,,,
25/07/18,Obra,Visita de Obra,SOTERRAMIENTO LÍNEA SARMIENTO,,Ministerio de Transporte  de la Nación,,,,,1139,10,,,
27/07/18,Proyecto,Experiencia BA,ESTACIÓN RETIRO,,Ministerio de Transporte  de la Nación,,,,,1217,23,,,
31/07/18,Obra,Visita de Obra,VIADUCTO LÍNEA MITRE,,Ministerio de Transporte  de la Nación,,,Varias ,,588,21,,,
31/07/18,Proyecto,Evento Proyectos,7º FORO,,Vice Jefatura,,,,,107,12,,,
31/07/18,Proyecto,Experiencia BA,TEATRO SAN MARTÍN,,Ministerio de Cultura,"Se invita a los vecinos a recorrer las instalaciones del Teatro San Martín, conocer un taller interno del complejo y también como mas importante y diferencial ver un ensayo del ballet del teatro en las sala Obra Sapiens a estrenar en agosto de este año.",,,"Se invita a los vecinos a recorrer las instalaciones del Teatro San Martín, conocer un taller interno del complejo y también como mas importante y diferencial ver un ensayo del ballet del teatro en las sala Obra Sapiens a estrenar en agosto de este año.",2528,25,,,
01/08/18,Obra,Reunión de co creación,PLAN FLORES,,Jefatura de Gobierno,,,7,,144,35,,,
02/08/18,Proyecto,Evento Proyectos,MEET & GREET ANIMAL,,Ministerio de Cultura,,,,,884,27,,,
02/08/18,Proyecto,Votación Proyecto,PREMIOS LOLA MORA,,Ministerio de Hábitat y Desarrollo Humano,"Dar a votación de vecinos, algunas categorías del premio Lola Mora",,,"Dar a votación de vecinos, algunas categorías del premio Lola Mora",,,97400,,
03/08/18,Obra,Visita de Obra,PUENTE LACARRA,,Ministerio de Desarrollo Urbano y Transporte (MDUyT),"Se invitó a los vecinos a participar de una visita a la obra en curso del nuevo puente Lacarra. 
Se realizaron dos recorridos, uno con vecinos y otro con  alumnos UBA.",,8,,301,24,,,
05/08/18,Proyecto,Evento Proyectos,COCINA - FRIDA Y YO,,Ministerio de Cultura,,,,,819,8,,,
07/08/18,Proyecto,Evento Proyectos,8º FORO,,Jefatura de Gobierno,,,,,104,14,,,
07/08/18,Obra,Reunión de co creación,PLAZA CLEMENTE,,Ministerio de Desarrollo Urbano y Transporte (MDUyT),,,13,,68,57,,,
09/08/18,Proyecto,Convocatoria,CUIDADORES DE ÁRBOLES (C6),,Jefatura de Gobierno,,,6,,552,,,,
09/08/18,Proyecto,Evento Proyectos,CUIDADORES DE ÁRBOLES (C2),,Jefatura de Gobierno,,,2,,,28,,,
10/08/18,Obra,Convocatoria,PIES ENTORNO CLUBES ARGENTINO JUNIORS,,Ministerio de Ambiente y Espacio Público (MAyEP),,,11,,812,2,,,
10/08/18,Obra,Convocatoria,PIES ENTORNO CLUBES VÉLEZ SARSFIELD,,Ministerio de Ambiente y Espacio Público (MAyEP),,,9,,1344,2,,,
13/08/18,Proyecto,Votación Proyecto,RECETAS QUE CUENTAN,,Vice Jefatura,,,,,,,5854,,
14/08/18,Proyecto,Experiencia BA,FÁBRICA DE ASFALTO,,Ministerio de Ambiente y Espacio Público (MAyEP),Visita a la fábrica para conocer esta gestión y los trabajos que realizan en calles y veredas.,,,Visita a la fábrica para conocer esta gestión y los trabajos que realizan en calles y veredas.,583,27,,,
14/08/18,Obra,Reunión de co creación,PLAZA CLEMENTE,,Ministerio de Desarrollo Urbano y Transporte (MDUyT),,,13,,57,34,,,
16/08/18,Proyecto,Evento Proyectos,MEET & GREET RAÚL LAVIÉ,,Ministerio de Cultura,"los vecinos ganadores tendrán la posibilidad de conocer en persona al cantante Raúl Lavié, a través de un Meet & Greet íntimo donde tendrán la posibilidad de compartír un café con el artista y conversar sobre temas varios. ",,,,979,25,,,
18/08/18,Proyecto,Experiencia BA,TURISMO CARRETERA,,Vice Jefatura,,,,,5260,1,,,
19/08/18,Proyecto,Votación Proyecto,MUNDIAL DE TANGO,,Ministerio de Cultura,Votación pareja favorita del público en la categoría tango escenario del Mundial de Tango 2018,,,Votación pareja favorita del público en la categoría tango escenario del Mundial de Tango 2018,,,31288,Opción Ganadora: Dmitry Vasin y Sagdiana Khamzina - 11.471 Votos - 37%,
22/08/18,Obra,Visita de Obra,SOTERRAMIENTO LÍNEA SARMIENTO,,Ministerio de Transporte  de la Nación,,,,,1197,8,,,
23/08/18,Proyecto,Experiencia BA,INSTITUTO SUPERIOR DE SEGURIDAD PÚBLICA ISSP,,Ministerio de Justicia y Seguridad,Se invita a los vecinos al  ISSP (Instituto Superior de Seguridad Pública) y que conozcan como es un día en el instituto con los cadetes finalizando con un almuerzo junto a ellos.,,,Se invita a los vecinos al  ISSP (Instituto Superior de Seguridad Pública) y que conozcan como es un día en el instituto con los cadetes finalizando con un almuerzo junto a ellos.,419,18,,,
23/08/18,Proyecto,Votación Proyecto,MERCADO BARRIO 31,,Vice Jefatura,"Votación del nombre para el mercado de Barrio 31 en construcción. El Bocado, Mercado Porteño, Mercado del Barrio.",,1,"Votación del nombre para el mercado de Barrio 31 en construcción. El Bocado, Mercado Porteño, Mercado del Barrio.",,,7777,1. El Bocado - 2.836 Votos - 36%2. Mercado Porteño - 2.236 Votos - 29%3. Mercado del barrio - 2.706 - 35%,
28/08/18,Proyecto,Evento Proyectos,SORTEO ENTRADAS: GUILLERMO FERNANDEZ,,Ministerio de Cultura,Los vecinos participaron por entradas dobles al show,,,,884,82,,,
29/08/18,Obra,Visita de Obra,VIADUCTO LÍNEA BELGRANO SUR,,Ministerio de Transporte  de la Nación,Se invitó a vecinos y usuarios del Belgrano Sur a conocer la obra que se está realizando en la línea. La misma se encuentra en la primera etapa (construcción de la primera etapa del viaducto que llegará a Constitución).,,4,,676,22,,,
30/08/18,Proyecto,Evento Proyectos,"BECAS ""EL AULA""",,Ministerio de Cultura,Participar para invitar a los vecinos a participar del sorteo de becas para talleres y cursos que se dictan en La Usina ,,,Participar para invitar a los vecinos a participar del sorteo de becas para talleres y cursos que se dictan en La Usina ,482,25,,,
30/08/18,Proyecto,Votación Proyecto,MEJOR PARRILLA,,Vice Jefatura,Votación mejor parrilla de la Ciudad con premio genérico para todos los vecinos y sorteo para una comida en las parrillas. formulario y #MejorParrilla,,,Votación mejor parrilla de la Ciudad con premio genérico para todos los vecinos y sorteo para una comida en las parrillas. formulario y #MejorParrilla,,,17596,Opción Ganadora:La Cabrera 2.029 Votos - 12%,
31/08/18,Proyecto,Experiencia BA,PARQUE Y VILLA OLÍMPICA,,Ministerio de Desarrollo Urbano y Transporte (MDUyT),"Los vecinos ganadores tendrán la oportunidad de realizar un recorrido por la Villa Olímpica y por el Parque Olímpico días previos al comienzo de los Juegos Olímpicos. 
",,,Los vecinos ganadores tendrán la oportunidad de realizar un recorrido por la Villa Olímpica y por el Parque Olímpico días previos al comienzo de los Juegos Olímpicos. ,1251,20,,,
03/09/18,Proyecto,Evento Proyectos,RECETAS QUE CUENTAN,,Ministerio de Cultura,,,,,,60,,,
04/09/18,Obra,Inauguración,CRUCE MEDRANO,,Vice Jefatura,Se invitó a los vecinos participativos a la inaguración del Cruce,,5,Actividad de inauguración de obra a la que se enviaron vecinos participativos aunque no esté el registro en ningún otro archivo (Jime),,,,,
05/09/18,Obra,Votación Obras,ESPACIO VERDE PBN BEIRÓ,,Ministerio de Desarrollo Urbano y Transporte (MDUyT),¿Qué nombre te gustaría que lleve la plaza?,,15,,,,6650,"1. Aimé Painé - 2.443 Votos - 36,7%2. María Remedios del Valle - 2.343 Votos - 35,2% 3. Martina Céspedes - 1.865 Votos - 28%",
06/09/18,Proyecto,Evento Proyectos,CUIDADORES DE ÁRBOLES (C2),,Jefatura de Gobierno,,,2,,,33,,,
06/09/18,Proyecto,Experiencia BA,MASTICAR,,Vice Jefatura,"Convocatoria para que vecinos recorran la Feria, reciban una bolsa de productos, vouchers de comida y tengan un encuentro con reconocidos chef",,,"Convocatoria para que vecinos recorran la Feria, reciban una bolsa de productos, vouchers de comida y tengan un encuentro con reconocidos chef",5625,8,,,
07/09/18,Obra,Visita de Obra,MANZANA 66,,Ministerio de Desarrollo Urbano y Transporte (MDUyT),,"Av. Jujuy 400-302, C1083AAQ, C1209 CABA",3,,496,40,,,
07/09/18,Proyecto,Experiencia BA,MUSEOS POR DENTRO,,Ministerio de Cultura,Invitamos a los vecinos a un recorrido por las reservas y laboratorios del Museo Histórico y del Moderno.,,,,1993,17,,,
07/09/18,Obra,Votación Obras,MANZANA 66,,Ministerio de Desarrollo Urbano y Transporte (MDUyT),¿Cómo te gustaría que se llame la plaza de la manzana 66?,"Av. Jujuy 400-302, C1083AAQ, C1209 CABA",3,,,,9761,"1. Manzana 66 - Plaza de los vecinos - 4.375 Votos - 44,8% 2. Manzana 66 - Alicia Moreau de Justo - 3.159 Votos - 32,4% 3. Manzana 66- Plaze de las colectividades - 2.227 Votos - 22,8%",
11/09/18,Obra,Reunión Informativa,ELEFANTE BLANCO,,Ministerio de Desarrollo Urbano y Transporte (MDUyT),Se invita a los vecinos a conocer el proyecto de la obra de la nueva sede del ministerio de desarrollo humano y hábitat y el nuevo espacio público. Este último basado en las ideas/sugerencias de los vecinos en las reuniones de co-creación ,,8,,Sin Datos ,34,,,
12/09/18,Obra,Reunión Informativa,ELEFANTE BLANCO,,Ministerio de Desarrollo Urbano y Transporte (MDUyT),Se invita a los vecinos a conocer el proyecto de la obra de la nueva sede del ministerio de desarrollo humano y hábitat y el nuevo espacio público. Este último basado en las ideas/sugerencias de los vecinos en las reuniones de co-creación ,,8,,Sin Datos ,11,,,
13/09/18,Proyecto,Evento Proyectos,CIUDAD EMERGENTE,,Ministerio de Cultura,"los vecinos ganadores tendrán la posibilidad de conocer en persona a los siguientes artistas:
Jueves
Jueves Cazzu
Angela Torres y Franco Massini
Emanuel Horvilleur
Viernes
Trap (a confirmar qué artistas)
Sábado
Foodtubers
Felicita Pizzarro",,,,1195,37,,,
20/09/18,Obra,Reunión Informativa,PLAZA CLEMENTE,,Ministerio de Desarrollo Urbano y Transporte (MDUyT),,,13,,356,64,,,
22/09/18,Proyecto,Convocatoria,CAMPEONATO FEDERAL DEL ASADO,,Vice Jefatura,Convocatoria para que vecinos fueran jurado en el evento del Campeonato Federal del Asado,,,Convocatoria para que vecinos fueran jurado en el evento del Campeonato Federal del Asado,1140,2,,,
26/09/18,Obra,Visita de Obra,SOTERRAMIENTO LÍNEA SARMIENTO,,Ministerio de Transporte  de la Nación,,,,,2044,6,,,
27/09/18,Proyecto,Convocatoria,CUIDADORES DE ÁRBOLES (C3),,Jefatura de Gobierno,Se realizarán nuevas plantaciones y se dará la posibilidad a los vecinos para que apadrinen árboles durante su primer año de vida mediante su riego.,,3,Se realizarán nuevas plantaciones y se dará la posibilidad a los vecinos para que apadrinen árboles durante su primer año de vida mediante su riego.,695,,,,
27/09/18,Proyecto,Convocatoria,CUIDADORES DE ÁRBOLES (C5),,Jefatura de Gobierno,Se realizarán nuevas plantaciones y se dará la posibilidad a los vecinos para que apadrinen árboles durante su primer año de vida mediante su riego.,,5,Se realizarán nuevas plantaciones y se dará la posibilidad a los vecinos para que apadrinen árboles durante su primer año de vida mediante su riego.,557,,,,
27/09/18,Proyecto,Evento Proyectos,CUIDADORES DE ÁRBOLES C3 C5,,Jefatura de Gobierno,,,Varias ,,1252,34,,,
28/09/18,Proyecto,Experiencia BA,LA NOCHE DE LOS CASAMIENTOS,,Ministerio de Gobierno,,,,,1387,1043,,,
28/09/18,Obra,Inauguración,PARQUE DE LA ESTACIÓN,,Ministerio de Desarrollo Urbano y Transporte (MDUyT),Se invitó a los vecinos a la inauguración para conocer los nuevos espacios. ,"Pres. Tte. Gral. Juan Domingo Perón 3326, B1613AUT, B1613AUT CABA",3,Actividad de inauguración de obra a la que se enviaron vecinos participativos aunque no esté el registro en ningún otro archivo (Jime),,20,,,
01/10/18,Obra,Votación Obras,PLAZA RAMIREZ,,Ministerio de Ambiente y Espacio Público (MAyEP), ¿Te gustaría sumarle rejas a la plaza Gral. Francisco Ramírez?,,13,,,,11580,"1. No estoy de acuerdo - 5.883 Votos - 50,8%2. Si, estoy de acuerdo - 5.697 Votos - 49,2%",
05/10/18,Obra,Visita de Obra,VIADUCTO LÍNEA SAN MARTÍN,,Ministerio de Transporte  de la Nación,,,15,,1179,51,,,
09/10/18,Proyecto,Evento Proyectos,EVENTO DANZA,,Ministerio de Cultura,los vecinos a iganadores recibiran cuatro clases de danza contemporánea ,,,,1151,4,,,
11/10/18,Obra,Visita de Obra,PLAZA HOUSSAY,,Ministerio de Desarrollo Urbano y Transporte (MDUyT),Se invita a los vecinos a conocer la obra en curso de la plaza Houssay.,,2,,606,21,,,
17/10/18,Proyecto,Votación Proyecto,2º CAMPEONATO FEDERAL DEL ASADO DE OBRA,,Vice Jefatura,,,,,,,13741,,
17/10/18,Proyecto,Convocatoria,CAMPEONATO DEL PESTO,,Ministerio de Cultura,,,,,162,27,,,
18/10/18,Proyecto,Experiencia BA,MUSEO LARRETA,,Ministerio de Cultura,,,,,13187,17,,,
19/10/18,Proyecto,Evento Proyectos,CUIDADORES DE ÁRBOLES (C6),,Jefatura de Gobierno,Se realizarán nuevas plantaciones y se dará la posibilidad a los vecinos para que apadrinen árboles durante su primer año de vida mediante su riego.,,6,Se realizarán nuevas plantaciones y se dará la posibilidad a los vecinos para que apadrinen árboles durante su primer año de vida mediante su riego.,,23,,,
19/10/18,Obra,Visita de Obra,ELEFANTE BLANCO,,Ministerio de Desarrollo Urbano y Transporte (MDUyT),"Se invita a los vecinos a participar de una visita para conocer por dentro la obra que se está llevando adelante en el barrio 15 (Ciudad Oculta), en la comuna 8. ",,8,,517,12,,,
20/10/18,Proyecto,Evento Proyectos,FESTIVAL CIUDAD ACTIVA,,Vice Jefatura,,,,,1809,2,,,
20/10/18,Proyecto,Evento Proyectos,MEET & GREET CIUDAD ACTIVA,,Vice Jefatura,,,,,742,59,,,
23/10/18,Obra,Visita de Obra,VIADUCTO LÍNEA BELGRANO SUR,,Ministerio de Transporte  de la Nación,Se invitó a vecinos y usuarios del Belgrano Sur a conocer la obra que se está realizando en la línea. La misma se encuentra en la primera etapa (construcción de la primera etapa del viaducto que llegará a Constitución).,,4,,517,16,,,
24/10/18,Proyecto,Votación Proyecto,CAMPEONATO FEDERAL DEL ASADO,,Vice Jefatura,2 vecinos seran parte de los reconocidos jurados gastronómicos para elegir al mejor parrillero.,,,,,,2241,,
25/10/18,Obra,Visita de Obra,PBN NAZCA,,Ministerio de Desarrollo Urbano y Transporte (MDUyT),,,11,,991,37,,,
26/10/18,Proyecto,Convocatoria,2º CAMPEONATO FEDERAL DEL ASADO DE OBRA,,Vice Jefatura,"Dentro del Campeonato, los vecinos de la Ciudad de Buenos Aires tienen la oportunidad de elegir a los finalistas y ser jurado en el evento final que se llevará a cabo el 09 de noviembre en la obra del Arroyo Vega.",,,,1969,10,,,
26/10/18,Proyecto,Convocatoria,REGISTRO CIVIL - NOCHE DE LOS MUSEOS,,Ministerio de Gobierno,,,,,108,83,,,
27/10/18,Proyecto,Evento Proyectos,SORTEO ENTRADAS: VALERIA LYNCH,,Ministerio de Cultura,"Sorteo de un par de entradas para ver el show ““La Extraña Dama del Rock” de Valeria Lynch,  en el Teatro Gran Rivadavia. ",,,,4279,140,,,
28/10/18,Proyecto,Evento Proyectos,FECA,,Vice Jefatura,"Convocatoria para que vecinos recorran la feria, reciban una bolsa de productos, vouchers de comida y caten café con un influencer del ámbito cafetero.",,,"Convocatoria para que vecinos recorran la feria, reciban una bolsa de productos, vouchers de comida y caten café con un influencer del ámbito cafetero.",3946,7,,,
30/10/18,Proyecto,Experiencia BA,MUTACIONES URBANAS,,Ministerio de Cultura,Invitamos a los vecinos al pre estreno de la muestra de Mutaciones Urbanas ,,,,439,17,,,
01/11/18,Obra,Visita de Obra,PASEO DEL BAJO,,Ministerio de Desarrollo Urbano y Transporte (MDUyT),,,1,,763,21,,,
01/11/18,Proyecto,Evento Proyectos,PLACAS CONMEMORATIVAS - PARQUE RIVADAVIA,,Jefatura de Gobierno,,,6,,338,110,,,
03/11/18,Proyecto,Evento Proyectos,SORTEO ENTRADAS: JAIRO,,Ministerio de Cultura,Sorteo de entradas dobles para el recital,,,,2760,36,,,
04/11/18,Proyecto,Evento Proyectos,CAMPEONATO DEL PESTO,,Vice Jefatura,,,,,162,27,,,
07/11/18,Obra,Visita de Obra,SOTERRAMIENTO LÍNEA SARMIENTO,,Ministerio de Transporte  de la Nación,,,,,2020,10,,,
08/11/18,Proyecto,Evento Proyectos,MEET & GREET FLEMA,,Ministerio de Cultura,,,,,883,16,,,
08/11/18,Proyecto,Evento Proyectos,PLACAS CONMEMORATIVAS - PARQUE PATRICIOS,,Jefatura de Gobierno,,,4,,203,56,,,
09/11/18,Proyecto,Evento Proyectos,2º CAMPEONATO FEDERAL DEL ASADO DE OBRA,,Vice Jefatura,,,,,,10,,,
10/11/18,Proyecto,Experiencia BA,NOCHE DE LOS MUSEOS,,Ministerio de Cultura,,,,,10000,111,,,
10/11/18,Proyecto,Evento Proyectos,REGISTRO CIVIL - NOCHE DE LOS MUSEOS,,Ministerio de Gobierno,,,,,,83,,,
14/11/18,Proyecto,Evento Proyectos,BA JAZZ FESTIVAL,,Ministerio de Cultura,Invtiamos a los  vecinos a participar de un Sorteo de entradas en el marco del Festival Internacional de JAZZ,,,,4800,20,,,
14/11/18,Obra,Visita de Obra,PLAZA CORRALÓN DE FLORESTA,,Vice Jefatura,"Se realizó un recorrido con vecinos por la obra del ex corralón de Floresta,",,10,,414,25,,,
14/11/18,Obra,Visita de Obra,VIADUCTO LÍNEA MITRE - NOCTURNA,,Ministerio de Transporte  de la Nación,,,Varias ,,1450,25,,,
14/11/18,Proyecto,Votación Proyecto,VOTACIÓN MEJOR PIZZERIA,,Vice Jefatura,"Votación mejor Pizzería de la Ciudad con premio de 10% descuentos para todos los vecinos durante toda la semana y 20% dscto lunes, martes y miércoles. Premio para vecinos sorteados a definir",,,"Votación mejor Pizzería de la Ciudad con premio de 10% descuentos para todos los vecinos durante toda la semana y 20% dscto lunes, martes y miércoles. Premio para vecinos sorteados a definir",,,18705,Opción Ganadora:  La Mezzeta - 2.530 Votos ,
15/11/18,Obra,Inauguración,PBN NAZCA,,Ministerio de Desarrollo Urbano y Transporte (MDUyT),Se invitaron a vecinos participativos,,11,Actividad de inauguración de obra a la que se enviaron vecinos participativos aunque no esté el registro en ningún otro archivo),,49,,,
16/11/18,Obra,Reunión Informativa,EX CÁRCEL DE CASEROS,,Ministerio de Desarrollo Urbano y Transporte (MDUyT),,,4,,3244,35,,,
20/11/18,Proyecto,Experiencia BA,CASA ROSADA Y CASCO HISTÓRICO,,Ministerio de Cultura,,,,,3980,32,,,
21/11/18,Obra,Visita de Obra,VIADUCTO LÍNEA SAN MARTÍN,,Ministerio de Transporte  de la Nación,,,15,,1187,28,,,
26/11/18,Obra,Visita de Obra,TALLER LACARRA LÍNEA E,,Ministerio de Desarrollo Urbano y Transporte (MDUyT),,,8,,728,20,,,
28/11/18,Obra,Visita de Obra,PLAZA HOUSSAY,,Ministerio de Desarrollo Urbano y Transporte (MDUyT),Se invita a los vecinos a conocer la obra en curso de la plaza Houssay.,,2,,615,13,,,
03/12/18,Proyecto,Experiencia BA,CENTRO DE MONITOREO Y GESTIÓN,,Ministerio de Justicia y Seguridad,Invitamos a los vecinos a conocer el Centro de monitoreo Lugar en el cual desde el cual se procesa y gestiona la información del sistema centralizado de tránsito.  ,,,,901,70,,,
04/12/18,Obra,Visita de Obra,VIADUCTO LÍNEA SAN MARTÍN,,Ministerio de Transporte  de la Nación,,,15,,1052,31,,,
05/12/18,Proyecto,Experiencia BA,AEROPARQUE,,Ministerio de Transporte  de la Nación,"Se invita a los vecinos a que conozcan el Aeropuerto de una forma nunca antes vista, donde conoceran la sala de control, los hangares entre otras cosas",,,"Se invita a los vecinos a que conozcan el Aeropuerto de una forma nunca antes vista, donde conoceran la sala de control, los hangares entre otras cosas",3171,9,,,
07/12/18,Obra,Visita de Obra,VIADUCTO LÍNEA MITRE,,Ministerio de Transporte  de la Nación,,,Varias ,,1587,21,,,
07/12/18,Obra,Reunión Informativa,ENTORNO PRIMERA JUNTA,,Ministerio de Ambiente y Espacio Público (MAyEP),Se invita a los vecinos a participar de una reunión informativa para que conozcan el proyecto que transformará el entorno de la plazoleta  Primera Junta y ensanchará Carril Rivadavia,,6,,230,70,,,
11/12/18,Obra,Inauguración,PUENTE LACARRA,,Ministerio de Desarrollo Urbano y Transporte (MDUyT),Se invitaron vecinos participativos a la inauguración,,8,Actividad de inauguración de obra a la que se enviaron vecinos participativos aunque no esté el registro en ningún otro archivo),728,20,,,
12/12/18,Obra,Visita de Obra,PARQUE DE LA ESTACIÓN,,Ministerio de Desarrollo Urbano y Transporte (MDUyT),,"Pres. Tte. Gral. Juan Domingo Perón 3326, B1613AUT, B1613AUT CABA",3,,496,19,,,
12/12/18,Obra,Visita de Obra,SOTERRAMIENTO LÍNEA SARMIENTO,,Ministerio de Transporte  de la Nación,,,,,2597,8,,,
18/12/18,Proyecto,Convocatoria,DESCUENTO PARRILLA LA CABRERA,,Jefatura de Gobierno,Los vecinos se inscriben para ganar 40% de descuento en una cena de hasta 10 personas en la ganadora de La Mejor Parrilla de la Ciudad 2018 (La Cabrera). 40 ganadores.,,,Los vecinos se inscriben para ganar 40% de descuento en una cena de hasta 10 personas en la ganadora de La Mejor Parrilla de la Ciudad 2018 (La Cabrera). 40 ganadores.,2189,40,,,
20/12/18,Obra,Reunión Informativa,EX CÁRCEL DE CASEROS,,Ministerio de Desarrollo Urbano y Transporte (MDUyT),Invitamos a los vecinos a conocer el proyecto de obra y participar de un recorrido único para conocer por dentro el estado actual del edificio de la ex cárcel de Caseros,,4,,773,32,,,
26/12/18,Obra,Inauguración,MANZANA 66,,Ministerio de Desarrollo Urbano y Transporte (MDUyT),Queremos comunicarles a los vecinos que la obra de la manzana 66 ya está finalizada. Además los invitamos a participar de las diversas actividades que estaremos realizando para festejar apertura de este nuevo espacio público y verde de la Ciudad,"Av. Jujuy 400-302, C1083AAQ, C1209 CABA",3,,,81,,,
27/12/18,Proyecto,Experiencia BA,MOA,,Ministerio de Ambiente y Espacio Público (MAyEP),Invitamos a los vecinos a participar de una visita a los talleres de Monumentos y Obras de Arte ,,,,1511,28,,,
27/12/18,Obra,Visita de Obra,PASEO DEL BAJO,,Ministerio de Desarrollo Urbano y Transporte (MDUyT),,,1,,1992,28,,,
04/01/19,Proyecto,Votación Proyecto,ECOBICIS COMUNAS 11 Y 15,,Ministerio de Desarrollo Urbano y Transporte (MDUyT),,,Varias ,,0,0,4395,,
07/01/19,Proyecto,Votación Proyecto,CASA DE GOBIERNO,,Ministerio de Cultura,,,4,"Luego de que los empleados postularon nombres, el equipo de embajadores realizó un filtro cerrando las 3 opciones que se darán a votación para vecinos y empleados de la Ciudad.",0,0,8939,1. Casa de la Ciudad - 3.857 - 43% 2. Centro Cívico Parque Patricios - 2.789 - 31% 3. Edificio Jacarandá - 2.293 - 26% ,
11/01/19,Proyecto,Experiencia BA,BOMBEROS DE LA CIUDAD,,Ministerio de Justicia y Seguridad,invitamos a los vecinos a conocer el cuartel 10 de la ciudad donde los vecinos además de conocer cómo es la dinámica de un cuartel de bomberos y su funcionamiento pudieron aprender diversas técnicas para extinguir incendios y técnica para realizar RCP,Ana Diaz y Cafayate.,,invtiamos a los vecinos a conocer el cuartel 10 de la ciudad donde los vecinos ademas de conocer como es la dinamica de un cuartel de bomberos y su funcionamiento pudieron aprender diversas tecnicas para extinguir incendios y tecnica para realizar rcp ,911,20,,,
15/01/19,Proyecto,Evento Proyectos,SORTEO ENTRADAS: FIBA,,Ministerio de Cultura,"El FIBA es un Festival de artes escénicas contemporáneas de la Ciudad de Buenos Aires, invitamos a los vecinos a participar por entradas para este festival.",,,"Los 30 vecinos ganadores pudieron asistir  junto a un acompañante a la obra de teatro que previamente eliguieron, las funciones eran : ",3468,22,,,
17/01/19,Proyecto,Experiencia BA,CASA DE GOBIERNO,,Jefatura de Gobierno,,Uspallata 3430,4,,3585,15,,,
17/01/19,Proyecto,Votación Proyecto,HRL - PROHIBICIÓN DE FUMAR EN ÁREAS DE JUEGOS INFANTILES EN PLAZAS Y PARQUES,,Vice Jefatura,¿Estás de acuerdo con que se prohíba fumar en las áreas de juegos infantiles en plazas y parques?,,,"Votación emblemática para que los vecinos indicaran si están de acuerdo o no con que los espacios circundantes a patios de juegos infantiles, en parques y plazas, sean libres de humo.",0,0,827595,1. Si estoy de acuerdo - 660.448 - 80% 2. No estoy de acuerdo - 167.147 - 20%,
21/01/19,Obra,Visita de Obra,PLAZOLETA PICHÓN RIVIERE,,Vice Jefatura,,Azcuenaga 1145,2,,200,30,,,
22/01/19,Obra,Inauguración,PLAZOLETA YACONIS,,Vice Jefatura,,Av. Comodoro Martín Rivadavia 1810,13,,,8,,,
22/01/19,Obra,Visita de Obra,VIADUCTO LÍNEA BELGRANO SUR,,Ministerio de Transporte  de la Nación,Se invitó a los vecinos a que participaran de una visita de obra para conocer cómo avanzan los trabajos.,Moreno y Fournier,4,,593,12,,,
23/01/19,Obra,Visita de Obra,VIADUCTO LÍNEA MITRE,,Ministerio de Transporte  de la Nación,,Av. del Libertador y Federico Lacroze.,Varias ,,1336,18,,,
23/01/19,Proyecto,Convocatoria,CUIDADORES DE ÁRBOLES C3 C5,,Jefatura de Gobierno,Se invitó a los vecinos a participar de la actividad donde les contamos cómo cuidar los árboles.,Alberti 1541,Varias ,,,33,,,
24/01/19,Proyecto,Evento Proyectos, MEET & GREET LOUTA - FIBA ,,Ministerio de Cultura,"El FIBA es un Festival de artes escénicas contemporáneas de la Ciudad de Buenos Aires, invitamos a los vecinos a participar de un exclusivo meet con su ídolo,  Louta, antes de su show inaugural en FIBA.",Guardia vieja 3580,,,446,15,,,
25/01/19,Obra,Visita de Obra,PASEO DEL BAJO,,Ministerio de Desarrollo Urbano y Transporte (MDUyT),,Viamonte y Av. madero ,1,,1594,27,,,
26/01/19,Proyecto,Evento Proyectos,PATIO PARQUE PATRICIOS,,Vice Jefatura,Invitamos a los vecinos a conocer el nuevo patio de parque patricios y a participar por unos vouchers de comida,Pepirí 185,4,Invitamos a los vecinos a conocer el nuevo patio de parque patricios y a participar por unos bouchers de comida,2771,6,,,
29/01/19,Obra,Visita de Obra,DESARME PUENTE JUAN B JUSTO,,Ministerio de Desarrollo Urbano y Transporte (MDUyT),Invitamos a los vecinos a conocer esta obra y llevarse un recuerdo de este puente histórico de la Ciudad.,Av. Córdoba y Darwin,Varias ,,1578,13,,,
31/01/19,Proyecto,Experiencia BA,DS LABORATORIO POLICÍA CIENTÍFICA,,Ministerio de Justicia y Seguridad,,,,,3526,16,,,
07/02/19,Obra,Visita de Obra,VIADUCTO LÍNEA SAN MARTÍN,,Ministerio de Transporte  de la Nación,,Av. Warnes y Punta Arenas,Varias ,,872,25,,,
08/02/19,Obra,Visita de Obra,CORREDOR DONADO HOLMBERG,,Ministerio de Desarrollo Urbano y Transporte (MDUyT),Se invitó a los vecinos a que participaran de una visita de obra para conocer el proyecto que implicó esta gran obra y ver los avances en una de las últimas etapas.,Holmberg 2548,12,,982,19,,,
09/02/19,Obra,Puesto de información,PLAZA CLEMENTE,,Ministerio de Desarrollo Urbano y Transporte (MDUyT),"Se invitó a los vecinos a que participen del puesto de información en Plaza clemente, para conocer más acerca de esta obra que va a generar un nuevo espacio verde en la comuna 13",Concepción Arenal y Gral enrique Martínezl,13,,799,140,,,
09/02/19,Proyecto,Experiencia BA,ATP,,Vice Jefatura,,Olleros 1510,,invitamos a los vecinos hacer el sorteo del saque en tres partidos disitntos del toreno y tambien a ganar entradas para el mismo ,5558,23,,,
14/02/19,Proyecto,Experiencia BA,DIA DE LOS ENAMORADOS,,Ministerio de Cultura,,Av de los Italianos 851,,"invitamos a los vecinos a ganar una noche de los enamorados distitna, en el museo del humor, recorreran la muestra de mutaciones urbanas por la gerenta del museo y despues una cena romantica en la terraza del museo con una banda de jazz en vivo ",12449,12,,,
14/02/19,Proyecto,Convocatoria,INICIO SELLÁ TU AMOR EN LA CIUDAD (PLACAS),,Vice Jefatura,Los vecinos podrán homenajear a su pareja con una placa en un banco de la Plaza Barrancas de Belgrano.,,,"Similar a Placas Conmemorativas, pero en esta ocasión, los vecinos podrán homenajear a su pareja con una placa en un banco de la Plaza Barrancas de Belgrano.",754,53,,,
15/02/19,Proyecto,Experiencia BA,RESERVA ECOLÓGICA,,Ministerio de Ambiente y Espacio Público (MAyEP),,costanera sur,,,7559,40,,,
17/02/19,Proyecto,Evento Proyectos,MEET & GREET JUANES,,Ministerio de Cultura,"Esta Experiencia BA, organizada junto al Ministerio de Cultura de Ciudad, le ofreció a los vecinos ganadores la posibilidad de  conocer a su ídolo, el cantante  Juanes,  y presenciar su show desde un lugar privilegiado.",Alcorta y dorrego,,,4294,3,,,
20/02/19,Proyecto,Votación Proyecto,REINAUGURACIÓN DEL CINE CC25 DE MAYO,,Ministerio de Cultura,"¿Cuál de estas tres películas gustaría que se proyecte en la reinauguración del cine del CC 25 de Mayo? 1. Yo soy así, Tita de Buenos Aires 2. Recreo 3. Camila",,12,,0,0,6704,1. Yo soy así -2.783 - 42% 2. Camila - 2.376 - 35% 3. Recreo - 1.545 - 23%,
20/02/19,Proyecto,Votación Proyecto,CENTRO INTEGRAL DE LA MUJER CIM COMUNA 14,,Ministerio de Hábitat y Desarrollo Humano,¡Elegí el nombre del nuevo Centro Integral de la Mujer en la Comuna 14!,,14,"Se inauguró el CIM de la comunca 14, cumpliendo así el objetivo de tener un CIM por comuna. Los vecinos votaron el nombre del CIM. Las 3 opciones de votación eran nombres de mujeres emblemáticas para la historia",0,0,9667,1. María Elena Walsh - 4.712 - 49% 2.  Victoria Ocampo - 3.154 - 33% 3. Rosario Vera Peñaloza - 1.801 - 19%                                ,
22/02/19,Obra,Visita de Obra,VIADUCTO LÍNEA MITRE,,Ministerio de Transporte  de la Nación,, Av. V. Vértiz y La Pampa,Varias ,,1850,25,,,
22/02/19,Proyecto,Votación Proyecto,MEJOR HELADO ARTESANAL,,Vice Jefatura,,,,,0,0,48339,1. Lucciano´s - 12.756 - 26%,
26/02/19,Obra,Visita de Obra,PASEO DEL BAJO,,Ministerio de Desarrollo Urbano y Transporte (MDUyT),,Viamonte y Av. madero,1,,1360,19,,,
26/02/19,Proyecto,Experiencia BA,BARRIO CHINO,,Jefatura de Gobierno,,Arribeños y las vías de Juramento,13,"invitamos a los vecinos a conocer el barrio chino de una forma diferente que sin la posiblidad de esta experiencia no podrian, conocieron el templo budista y la asociacion taiwanesa ",3651,17,,,
28/02/19,Obra,Reunión Informativa,PLAZA FLORES,,Ministerio de Ambiente y Espacio Público (MAyEP),,Asociación de los socorros Pedernera 143,7,,480,31,,,
28/02/19,Proyecto,Experiencia BA,DS NUEVO CENTRO DE EMERGENCIAS DEL 911,,Ministerio de Justicia y Seguridad,Como parte de esta nueva Experiencia BA se invitó a los vecinos a participar por un lugar para conocer el nuevo Centro de Emergencias 911. Los ganadores pudieron conocer por dentro las instalaciones donde son atendidas todas las llamadas al 911, Hornos 238,,invitamos a los vecinos a conceer el centro donde son antentidas todas las llamadas al 911,1311,17,,,
01/03/19,Obra,Visita de Obra,EX CÁRCEL DE CASEROS,,Ministerio de Desarrollo Urbano y Transporte (MDUyT),,Avenida caseros 2491,4,,5180,18,,,
04/03/19,Proyecto,Evento Proyectos,MEET & GREET CALIGARIS,,Ministerio de Cultura,,Av de Mayo 575,,,1099,17,,,
12/03/19,Proyecto,Evento Proyectos,MEET & GREET ROCCA,,Ministerio de Cultura,,Usina del Arte,,,1667,12,,,
13/03/19,Obra,Reunión de co creación,BAJO VIADUCTOS: LÍNEA MITRE T. 1-2,,Ministerio de Transporte  de la Nación,,Arribeños 2355,13,,319,112,,,
14/03/19,Obra,Reunión de co creación,BAJO VIADUCTOS: LÍNEA MITRE T. 1-2,,Ministerio de Transporte  de la Nación,,Arribeños 2355,13,,319,87,,,
15/03/19,Obra,Reunión de co creación,BAJO VIADUCTOS: LÍNEA MITRE T. 1-2,,Ministerio de Transporte  de la Nación,,Arribeños 2355,13,,319,66,,,
19/03/19,Obra,Reunión de co creación,BAJO VIADUCTOS: LÍNEA MITRE T.3-7,,Ministerio de Transporte  de la Nación,,José Hernández 1701,13,,301,46,,,
19/03/19,Obra,Reunión Informativa,ELEFANTE BLANCO,,Ministerio de Desarrollo Urbano y Transporte (MDUyT),,SUM PITU,8,,280,101,,,
20/03/19,Obra,Reunión de co creación,BAJO VIADUCTOS: LÍNEA MITRE T.3-7,,Ministerio de Transporte  de la Nación,,José Hernández 1701,13,,301,107,,,
20/03/19,Obra,Reunión Informativa,ELEFANTE BLANCO,,Ministerio de Desarrollo Urbano y Transporte (MDUyT),,Calle central de las tiras y La Rosa,8,,195,27,,,
21/03/19,Obra,Reunión de co creación,BAJO VIADUCTOS: LÍNEA MITRE T.3-7,,Ministerio de Transporte  de la Nación,,José Hernández 1701,13,,301,127,,,
21/03/19,Obra,Visita de Obra,VIADUCTO LÍNEA SAN MARTÍN,,Ministerio de Transporte  de la Nación,Se invitó a los vecinos a que participaran de una visita de obra para conocer cómo avanzan los trabajos.,Av. Warnes y Punta Arenas,Varias ,,1164,49,,,
22/03/19,Obra,Inauguración,PLAZOLETA PICHÓN RIVIERE,,Vice Jefatura,, Azcuenaga 1145,2,,391,97,,,
22/03/19,Proyecto,Experiencia BA,DS ESCUELA DE CANES EN EL ISSP,,Ministerio de Justicia y Seguridad,,Av. Santiago de Compostela 3801,8,,1797,40,,,
26/03/19,Obra,Reunión de co creación,BAJO VIADUCTOS: LÍNEA MITRE T.8-9,,Ministerio de Transporte  de la Nación,,José Henández 1701 (Club Belgrano),14,,228,35,,,
26/03/19,Obra,Reunión Informativa,ELEFANTE BLANCO,,Ministerio de Desarrollo Urbano y Transporte (MDUyT),,Comedor los Pochitos,8,,,47,,,
27/03/19,Obra,Reunión de co creación,BAJO VIADUCTOS: LÍNEA MITRE T.8-9,,Ministerio de Transporte  de la Nación,,Av. del Libertador 4101,14,,228,43,,,
27/03/19,Obra,Puesto de información,ELEFANTE BLANCO,,Ministerio de Desarrollo Urbano y Transporte (MDUyT),,,8,,,50,,,
28/03/19,Obra,Reunión de co creación,BAJO VIADUCTOS: LÍNEA MITRE T.8-9,,Ministerio de Transporte  de la Nación,,Av. del Libertador 4101,14,,227,79,,,
28/03/19,Obra,Visita de Obra,VIADUCTO LÍNEA MITRE,,Ministerio de Transporte  de la Nación,, Pampa y Vértiz,Varias ,,2084,18,,,
28/03/19,Proyecto,Experiencia BA,TALLER PARQUE PATRICIOS - LÍNEA H,,Ministerio de Desarrollo Urbano y Transporte (MDUyT),Los vecinos ganadores de esta Experiencia BA pudieron conocer el Taller Parque Patricios en el que se realizan las tareas de mantenimiento periódico de las nuevas formaciones de la Línea H., Uspallata 3160,4,Invitamos a los vecinos a formar parte de esta Experiencia BA subterránea. Los ganadores vana poder conocer por dentro el taller más moderno de Subtes BA : El taller Parque Patricios de la línea H.,1681,25,,,
29/03/19,Obra,Visita de Obra,PASEO DEL BAJO,,Ministerio de Desarrollo Urbano y Transporte (MDUyT),Se invitó a los vecinos a que participaran de una visita de obra para conocer cómo avanzan los trabajos.,Viamonte y Madero,1,,931,21,,,
29/03/19,Obra,Visita de Obra,SUBTE LÍNEA E,,Ministerio de Desarrollo Urbano y Transporte (MDUyT),"Los vecinos pudieron conocer cómo avanzan los trabajos en la nueva estación terminal de la línea E, Retiro.",Ramos Mejía y Libertador,1,,1466,12,,,
29/03/19,Proyecto,Experiencia BA,DS CENTRO ÚNICO DE COORDINACIÓN Y CONTROL CUCC,,Ministerio de Justicia y Seguridad,"Los vecinos pudieron conocer el CUCC y que recorran el centro de coordinación multiagencial de emergencias, único en América Latina, que reúne en un mismo espacio físico a todos los organismos con competencia en una crisis en la Ciudad.","Av. Jorge Newbery 4200, Chacarita",,,634,20,,,
01/04/19,Proyecto,Evento Proyectos,MEET & GREET 4X4 PETER LANZANI,,Ministerio de Cultura,"Los vecinos pudieron ver el pre-estreno de la nueva película, junto a un acompañante,  y conocer en persona al protagonista, el actor Peter Lanzan",Shopping Dot,,,2109,70,,,
01/04/19,Proyecto,Evento Proyectos,SORTEO ENTRADAS: BAFICI,,Ministerio de Cultura,"Los ganadores de este sorteo, pudieron obtener entradas BAFICI para disfrutar cualquier peli.",,,Sorteo de entradas BAFICI para cualquier peli ,4579,20,,,
03/04/19,Obra,Reunión de co creación,BAJO VIADUCTOS: LÍNEA SAN MARTÍN T. 1,,Ministerio de Transporte  de la Nación,,,15,,254,31,,,
04/04/19,Obra,Reunión de co creación,BAJO VIADUCTOS: LÍNEA SAN MARTÍN T. 1,,Ministerio de Transporte  de la Nación,,,15,,254,50,,,
04/04/19,Proyecto,Convocatoria,PROTAGONISTAS MURALES EN BARRIOS BALVANERA,,Jefatura de Gobierno,,,3,,269,0,,,
04/04/19,Proyecto,Convocatoria,PROTAGONISTAS MURALES EN BARRIOS BARRACAS,,Jefatura de Gobierno,,,4,,112,0,,,
04/04/19,Proyecto,Votación Proyecto,MURALES EN BARRIOS BARRACAS,,Jefatura de Gobierno,,,4,,0,0,6615,,
05/04/19,Obra,Reunión de co creación,BAJO VIADUCTOS: LÍNEA SAN MARTÍN T. 1,,Ministerio de Transporte  de la Nación,,,15,,254,80,,,
05/04/19,Obra,Visita de Obra,PLAZA HOUSSAY,,Ministerio de Desarrollo Urbano y Transporte (MDUyT),"Invitamos a los vecinos a anotarse para participar de una visita a la obra de la plaza Houssay. El proyecto vincula el nivel de la plaza con los subsuelos de las universidades, la estación del Subte línea D y el Complejo cultural.",,2,,503,19,,,
05/04/19,Proyecto,Experiencia BA,REAPERTURA DEL JARDÍN DEL PALACIO NOEL,,Ministerio de Cultura,,,1,,2709,20,,,
09/04/19,Obra,Reunión de co creación,BAJO VIADUCTOS: LÍNEA SAN MARTÍN T. 2 - 4,,Ministerio de Transporte  de la Nación,,,15,,93,14,,,
10/04/19,Obra,Visita de Obra,ARROYO VEGA,,Ministerio de Desarrollo Urbano y Transporte (MDUyT),Se invitó a los vecinos a recorrer y conocer la obra.,,Varias ,,1070,6,,,
10/04/19,Obra,Reunión de co creación,BAJO VIADUCTOS: LÍNEA SAN MARTÍN T. 2 - 4,,Ministerio de Transporte  de la Nación,,,15,,93,49,,,
11/04/19,Obra,Reunión de co creación,BAJO VIADUCTOS: LÍNEA SAN MARTÍN T. 2 - 4,,Ministerio de Transporte  de la Nación,,,15,,93,71,,,
11/04/19,Obra,Inauguración,PLAZA ROMA,,Vice Jefatura,,,1,,250,300,,,
11/04/19,Proyecto,Convocatoria,PROTAGONISTAS MURALES EN BARRIOS ALMAGRO,,Jefatura de Gobierno,,,5,,223,0,,,
11/04/19,Proyecto,Convocatoria,PROTAGONISTAS MURALES EN BARRIOS CABALLITO,,Jefatura de Gobierno,,,6,,231,0,,,
11/04/19,Proyecto,Experiencia BA,SEMANA DEL ARTE,,Ministerio de Cultura,"Los ganadores pudieron conocer la feria de arte contemporáneo  -  arteBA -  de una manera única y diferente, de la mano de la artista plástica  Marta Minujín.",,,"En este marco de la semana del arte, se invitó a los vecinos a participar por un lugar para conocer la feria de arte contemporáneo arteBA y tener la oportunidad única de recorrerla con una guía de lujo, la artista plástica Marta Minujín.",3314,22,,,
12/04/19,Obra,Inauguración,CALLE CORRIENTES,,Ministerio de Ambiente y Espacio Público (MAyEP),Se invitó a los vecinos a la inauguración de la nueva calle corrientes peatonal.,,1,,756,14,,,
12/04/19,Obra,Visita de Obra,CENTRAL OBELISCO,,Ministerio de Desarrollo Urbano y Transporte (MDUyT),,,1,,676,21,,,
13/04/19,Obra,Inauguración,PLAZA CORRALÓN DE FLORESTA,,Vice Jefatura,,,10,,650,300,,,
15/04/19,Obra,Reunión de co creación,BAJO VIADUCTOS: LÍNEA SAN MARTÍN T. 5-6,,Ministerio de Transporte  de la Nación,,,15,,137,111,,,
16/04/19,Obra,Reunión de co creación,BAJO VIADUCTOS: LÍNEA SAN MARTÍN T. 5-6,,Ministerio de Transporte  de la Nación,,,15,,137,15,,,
16/04/19,Obra,Visita de Obra,PASEO DEL BAJO,,Ministerio de Desarrollo Urbano y Transporte (MDUyT),Se invitó a los vecinos a que participaran de una visita de obra para conocer cómo avanzan los trabajos. ,,1,,833,24,,,
17/04/19,Obra,Reunión de co creación,BAJO VIADUCTOS: LÍNEA SAN MARTÍN T. 5-6,,Ministerio de Transporte  de la Nación,,,15,,136,51,,,
19/04/19,Proyecto,Evento Proyectos,URBAN FEM FEST,,Ministerio de Cultura,,,,,187,12,,,
22/04/19,Proyecto,Convocatoria,NOMBRE BARRIO 31 - CARLOS MUGICA,,Ministerio de Hábitat y Desarrollo Humano,,,1,,1500,0,,,
22/04/19,Proyecto,Convocatoria,PROTAGONISTAS MURALES EN BARRIOS FLORES,,Jefatura de Gobierno,,,7,,57,0,,,
22/04/19,Proyecto,Convocatoria,PROTAGONISTAS MURALES EN BARRIOS PARQUE CHACABUCO,,Jefatura de Gobierno,,,7,,78,0,,,
23/04/19,Proyecto,Experiencia BA,SEGURIDAD/ FOCO EN TIRO ISSP,,Ministerio de Justicia y Seguridad,Se invitó a los vecinos a ver el entrenamiento de Canes y a recorrer el Instituto. ,,,Se invitó a los vecinos a ver el entrenamiento de Canes y a recorrer el Instituto. ,647,0,,,
24/04/19,Obra,Visita de Obra,VIADUCTO LÍNEA SAN MARTÍN,,Ministerio de Transporte  de la Nación,Se invitó a los vecinos a que participaran de una visita de obra para conocer cómo avanzan los trabajos. Esta obra permitirá incrementar los servicios de trenes sin afectar el tránsito vehicular,,Varias ,,604,15,,,
29/04/19,Proyecto,Convocatoria,PROTAGONISTAS MURALES EN SAN TELMO,,Jefatura de Gobierno,,,1,,53,0,,,
02/05/19,Obra,Visita de Obra,VIADUCTO LÍNEA BELGRANO SUR,,Ministerio de Transporte  de la Nación,Se invitó a los vecinos a que participaran de una visita de obra para conocer cómo avanzan los trabajos. ,,4,,289,16,,,
02/05/19,Proyecto,Experiencia BA,EX CÁRCEL DE CASEROS,,Ministerio de Desarrollo Urbano y Transporte (MDUyT),Se invitó a los vecinos a recorrer la ex cárcel de Caseros y conocer el nuevo proyecto que llevará a cabo MDU. Fue una visita que estuvo acompañada por un guía de Turismo.,,4,Se invitó a los vecinos a recorrer la ex cárcel de Caseros y conocer el nuevo proyecto que llevará a cabo MDU. Fue una visita que estuvo acompañada por un guía de Turismo.,1923,5,,,
03/05/19,Obra,Puesto de información,PLAZA FLORES,,Ministerio de Ambiente y Espacio Público (MAyEP),,,7,,346,100,,,
06/05/19,Obra,Inauguración,PLAZA GUILLERMO Y ALFREDO BARBIERI,,Vice Jefatura,,,4,,277,70,,,
06/05/19,Proyecto,Evento Proyectos,MEET & GREET NICO FRANCELLA EL CUENTO DE LAS COMADREJAS,,Ministerio de Cultura,"Los vecinos pudieron ver el pre-estreno de la nueva película, junto a un acompañante,  y conocer en persona a Nicolás Francella uno de los actores de la película.",,,"Los vecinos pudieron ver el pre-estreno de la nueva película, junto a un acompañante,  y conocer en persona a Nicolás Francella uno de los actores de la película.",1199,75,,,
06/05/19,Proyecto,Convocatoria,PROTAGONISTAS MURALES EN VILLA DEL PARQUE,,Jefatura de Gobierno,,,11,,46,0,,,
06/05/19,Proyecto,Convocatoria,PROTAGONISTAS MURALES EN VILLA DEVOTO,,Jefatura de Gobierno,,,11,,81,0,,,
07/05/19,Obra,Primera reunión,PLAZA INTENDENTE CASARES,,Vice Jefatura,Se invitó a los vecinos a participar de la 1° Reunión para que conocieran un anteproyecto de la puesta en valor de la plaza. Aún el proyecto puede tener modificaciones con las sugerencias e ideas de los vecinos.,,14,,198,13,,,
07/05/19,Proyecto,Experiencia BA,ESTACIÓN RETIRO,,Ministerio de Transporte  de la Nación,,,,,2327,19,,,
08/05/19,Obra,Reunión de co creación,BAJO VIADUCTOS: LÍNEA MITRE T. 1-2,,Ministerio de Transporte  de la Nación,,,13,,359,92,,,
09/05/19,Obra,Reunión de co creación,BAJO VIADUCTOS: LÍNEA MITRE T. 1-2,,Ministerio de Transporte  de la Nación,,,13,,359,49,,,
09/05/19,Obra,Visita de Obra,PLAZA HOUSSAY,,Ministerio de Desarrollo Urbano y Transporte (MDUyT),"Invitamos a los vecinos a anotarse para participar de una visita a la obra de la plaza Houssay. El proyecto vincula el nivel de la plaza con los subsuelos de las universidades, la estación del Subte línea D y el Complejo cultural.",,2,,408,23,,,
10/05/19,Obra,Reunión de co creación,BAJO VIADUCTOS: LÍNEA MITRE T. 1-2,,Ministerio de Transporte  de la Nación,,,13,,359,35,,,
10/05/19,Obra,Inauguración,VIADUCTO LÍNEA MITRE,,Ministerio de Transporte  de la Nación,,,Varias ,,1062,13,,,
12/05/19,Proyecto,Experiencia BA,SUPERBIKE - AUTODROMO,,Vice Jefatura,,,,,420,122,,,
13/05/19,Proyecto,Convocatoria,PROTAGONISTAS MURALES EN SAAVENDRA,,Jefatura de Gobierno,,,12,,47,0,,,
13/05/19,Proyecto,Convocatoria,PROTAGONISTAS MURALES EN VILLA URQUIZA,,Jefatura de Gobierno,,,12,,61,0,,,
15/05/19,Obra,Reunión de co creación,BAJO VIADUCTOS: LÍNEA MITRE T. 3-9,,Ministerio de Transporte  de la Nación,,,14,,682,30,,,
15/05/19,Obra,Visita de Obra,PARQUE DEL BAJO,,Ministerio de Desarrollo Urbano y Transporte (MDUyT),,,1,,523,20,,,
16/05/19,Obra,Reunión de co creación,BAJO VIADUCTOS: LÍNEA MITRE T. 3-9,,Ministerio de Transporte  de la Nación,,,14,,815,73,,,
16/05/19,Proyecto,Evento Proyectos,MEET & GREET DANTE SPINETTA,,Ministerio de Cultura,En el marco de los especiales de la Usina del arte se invitó a los vecinos a participar del meet and greet con Dante Spinetta y ver el recital en primera fila. ,,,En el marco de los especiales de la Usina del arte se invitó a los vecinos a participar del meet and greet con Dante Spinetta y ver el recital en primera fila. ,899,16,,,
17/05/19,Obra,Reunión de co creación,BAJO VIADUCTOS: LÍNEA MITRE T. 3-9,,Ministerio de Transporte  de la Nación,,,14,,1219,43,,,
17/05/19,Proyecto,Evento Proyectos,ENCUENTRO Y RECORRIDO PEPE CIBRIAN,,Ministerio de Cultura,"Se invitó a los vecinos a un recorrido por camarines, vestuarios y sala de maquillajes guiados por Pepe Cibrián, al finalizar tuvieron la oportunidad de quedarse a ver la obra La Dama de las Rosas.",,,"Se invitó a los vecinos a un recorrido por camarines, vestuarios y sala de maquillajes guiados por Pepe Cibrián, al finalizar tuvieron la oportunidad de quedarse a ver la obra La Dama de las Rosas.",3499,21,,,
20/05/19,Proyecto,Convocatoria,PROTAGONISTAS MURALES EN RECOLETA,,Jefatura de Gobierno,,,2,,76,0,,,
20/05/19,Proyecto,Convocatoria,PROTAGONISTAS MURALES EN VILLA CRESPO,,Jefatura de Gobierno,,,15,,64,0,,,
20/05/19,Proyecto,Votación Proyecto,BARRIO PADRE CARLOS MUGICA - PARA QUE LAS CALLES TENGAN NOMBRE LEGISTIMOS,,Jefatura de Gabinete de Ministros,,,1,,0,0,2225,,
21/05/19,Obra,Visita de Obra,RELLENO COSTERO,,Ministerio de Transporte  de la Nación,"Se invitó a los vecinos a visitar y recorrer la obra del relleno costero sobre el Río de la Plata, la cual permitirá obtener un mayor espacio incorporando 6 hectáreas. A su vez, esta obra ayudará a reordenar y mejorar la accesibilidad hacia el aeropuerto.",,14,,737,8,,,
24/05/19,Obra,Inauguración,PASEO DEL BAJO: PRIMER VIAJE EN BUS,,Ministerio de Desarrollo Urbano y Transporte (MDUyT),Se invitó a los vecinos a la inauguración del paseo del bajo en la cual pudieron recorrer esta obra en los autobuses turísticos de la ciudad. ,,1,,3576,112,,,
24/05/19,Proyecto,Experiencia BA,DS CMU,,Ministerio de Justicia y Seguridad,,,,,512,16,,,
24/05/19,Proyecto,Evento Proyectos,ENCUENTRO Y RECORRIDO JOAQUÍN FURRIEL,,Ministerio de Cultura,"Invitamos a los vecinos a un recorrido por camarines, vestuarios y sala de maquillajes guiados por Joaquín Furriel y un guia del teatro + entradas para la obra Hamlet, obra que actúa Joaquin",,,"Invitamos a los vecinos a un recorrido por camarines, vestuarios y sala de maquillajes guiados por Joaquín Furriel y un guia del teatro + entradas para la obra Hamlet, obra que actúa Joaquin",3508,12,,,
26/05/19,Proyecto,Experiencia BA,PASEO DEL BAJO: AUTOS ANTIGUOS,,Vice Jefatura,,,1,,512,11,,,
27/05/19,Proyecto,Convocatoria,PROTAGONISTAS MURALES EN BELGRANO C,,Jefatura de Gobierno,,,13,,87,0,,,
27/05/19,Proyecto,Convocatoria,PROTAGONISTAS MURALES EN LA BOCA,,Jefatura de Gobierno,,,4,,95,0,,,
28/05/19,Obra,Reunión de co creación,BAJO VIADUCTOS: LÍNEA SAN MARTÍN T.1,,Ministerio de Transporte  de la Nación,,,14,,948,15,,,
29/05/19,Obra,Reunión de co creación,BAJO VIADUCTOS: LÍNEA SAN MARTÍN T.1,,Ministerio de Transporte  de la Nación,,,14,,631,40,,,
30/05/19,Obra,Reunión de co creación,BAJO VIADUCTOS: LÍNEA SAN MARTÍN T.1,,Ministerio de Transporte  de la Nación,,,14,,998,14,,,
30/05/19,Obra,Visita de Obra,VIADUCTO LÍNEA SAN MARTÍN,,Ministerio de Transporte  de la Nación,Se invitó a los vecinos a que participaran de una visita de obra para conocer cómo avanzan los trabajos. Esta obra permitirá incrementar los servicios de trenes sin afectar el tránsito vehicular,,Varias ,,660,18,,,
30/05/19,Proyecto,Experiencia BA,DS 147,,Vice Jefatura,Se invitó a los vecinos a conocer y recorrer por dentro las oficinas del 147 y el nuevo servicio de resolución de infracciones de tránsito a través de chat.,,,Se invitó a los vecinos a conocer y recorrer por dentro las oficinas del 147 y el nuevo servicio de resolución de infracciones de tránsito a través de chat.,723,18,,,
30/05/19,Proyecto,Experiencia BA,CC25 DE MAYO,,Ministerio de Cultura,"Junto con el Ministerio de Cultura de la Ciudad, se invitó a los vecinos a presenciar una función de este clásico en el Centro Cultural 25 de Mayo y conocer por dentro todas las mejoras que se hicieron y aprender más sobre las nuevas funciones accesibles.",,,"Junto con el Ministerio de Cultura de la Ciudad, se invitó a los vecinos a presenciar una función de este clásico en el Centro Cultural 25 de Mayo y conocer por dentro todas las mejoras que se hicieron y aprender más sobre las nuevas funciones accesibles.",1749,10,,,
31/05/19,Obra,Inauguración,LÍNEA E: PRIMER VIAJE,,Ministerio de Desarrollo Urbano y Transporte (MDUyT),Invitamos a los vecinos ganadores al viaje inaugural por las nuevas estaciones de la línea E.,,1,,1027,8,,,
31/05/19,Obra,Visita de Obra,PLAZA CLEMENTE,,Ministerio de Desarrollo Urbano y Transporte (MDUyT),"Se invitó a los vecinos a que participen del puesto de información en Plaza clemente, para conocer más acerca de esta obra que va a generar un nuevo espacio verde en la comuna 13",,13,,160,6,,,
31/05/19,Proyecto,Convocatoria,NOMBRES DE LÍNEA E,,Ministerio de Desarrollo Urbano y Transporte (MDUyT),,,,,9260,0,,,
01/06/19,Proyecto,Evento Proyectos,MEET & GREET LOS TIPITOS,,Ministerio de Cultura,Invitamos a los vecinos al meet and greet con los tipitos y estar durante el recital en la Usina del Arte.,,,Invitamos a los vecinos al meet and greet con los tipitos y estar durante el recital en la Usina del Arte.,674,16,,,
03/06/19,Proyecto,Evento Proyectos,MEET & GREET LUCIANO CASERES - BLINDADO,,Ministerio de Cultura,Invitamos a los vecinos a Meet and Greet con Luciano Cáseres y a ver el Avnt Premiere de la película Blindado.,,,Invitamos a los vecinos a Meet and Greet con Luciano Cáseres y a ver el Avnt Premiere de la película Blindado.,1187,141,,,
04/06/19,Obra,Reunión de co creación,BAJO VIADUCTOS: LÍNEA SAN MARTÍN T.2-4,,Ministerio de Transporte  de la Nación,,,15,,1050,39,,,
05/06/19,Obra,Reunión de co creación,BAJO VIADUCTOS: LÍNEA SAN MARTÍN T.2-4,,Ministerio de Transporte  de la Nación,,,15,,386,16,,,
05/06/19,Obra,Visita de Obra,CENTRAL OBELISCO,,Ministerio de Desarrollo Urbano y Transporte (MDUyT),,,1,,384,18,,,
05/06/19,Proyecto,Evento Proyectos,MEET & GREET PADEL,,Vice Jefatura,,,,,1033,6,,,
06/06/19,Obra,Reunión de co creación,BAJO VIADUCTOS: LÍNEA SAN MARTÍN T.2-4,,Ministerio de Transporte  de la Nación,,,15,,355,5,,,
11/06/19,Obra,Reunión de co creación,BAJO VIADUCTOS: LÍNEA SAN MARTÍN T.5-6,,Ministerio de Transporte  de la Nación,,,15,,576,15,,,
12/06/19,Obra,Reunión de co creación,BAJO VIADUCTOS: LÍNEA SAN MARTÍN T.5-6,,Ministerio de Transporte  de la Nación,,,15,,175,16,,,
12/06/19,Proyecto,Evento Proyectos,INAUGURACIÓN 1° MURAL CABALLITO,,Jefatura de Gobierno,"Invitamos a los vecinos que participaron enviando sus fotos a la inauguración de el primer fotomural porteño en el barrio de Caballito. Del nuevo programa ""Turismo en Barrios"", con el que se incorporarán 48 circuitos turísticos en toda la Ciudad.",,6,"Invitamos a los vecinos que participaron enviando sus fotos a la inauguración de el primer fotomural porteño en el barrio de Caballito. Del nuevo programa ""Turismo en Barrios"", con el que se incorporarán 48 circuitos turísticos en toda la Ciudad.",215,33,,,
13/06/19,Obra,Reunión de co creación,BAJO VIADUCTOS: LÍNEA SAN MARTÍN T.5-6,,Ministerio de Transporte  de la Nación,,,15,,414,65,,,
18/06/19,Proyecto,Evento Proyectos,AVANT PREMIER NO SOY TU MAMI,,Ministerio de Cultura,Invitamos a los vecinos a participar por entradas para dos personas para la avant premiere de “ No soy tu mami”,,,Invitamos a los vecinos a participar por entradas para dos personas para la avant premiere de “ No soy tu mami”,3082,34,,,
20/06/19,Proyecto,Experiencia BA,TRACK DAY - AUTODROMO,,Vice Jefatura,,,,,2266,4,,,
21/06/19,Obra,Visita de Obra,ARROYO VEGA: PLAN HIDRÁULICO,,Ministerio de Desarrollo Urbano y Transporte (MDUyT),Invitamos a los vecinos a conocer y recorrer la obra de Arroyo Vega y el centro vivencial.,,Varias ,,464,11,,,
21/06/19,Obra,Inauguración,PARQUE FERROVIARIO PALERMO,,Ministerio de Ambiente y Espacio Público (MAyEP),,,14,,445,10,,,
21/06/19,Proyecto,Experiencia BA,DS CENTRO ÚNICO DE COORDINACIÓN Y CONTROL CUCC,,Ministerio de Justicia y Seguridad,,,,,317,16,,,
21/06/19,Proyecto,Experiencia BA,PROMOTORES DEL MODERNO,,Ministerio de Cultura,,,,,978,20,,,
21/06/19,Proyecto,Votación Proyecto,PARADA DEL METROBÚS OTTO KRAUSE,,Ministerio de Transporte  de la Nación,,,1,,0,0,14177,1. SI - 12.591 - 89%  2. NO - 1.586 - 11%,
24/06/19,Proyecto,Votación Proyecto,NOMBRE NUEVA CALLE PALERMO,,Ministerio de Desarrollo Urbano y Transporte (MDUyT),,,14,,0,0,12482,1. María Teresa Ferrari de Gaudino - 4.519 - 36.20% 2. Rebeca Gerschmann - 4.302 - 34.47% 3. Amalia Celia Figueredo - 3.661 - 29.33%,
25/06/19,Obra,Visita de Obra,VIADUCTO LÍNEA BELGRANO SUR,,Ministerio de Transporte  de la Nación,Se invitó a los vecinos a que participaran de una visita de obra para conocer cómo avanzan los trabajos.,,4,,298,13,,,
25/06/19,Proyecto,Experiencia BA,ESTACIÓN RETIRO Y BELGRANO C,,Ministerio de Transporte  de la Nación,,,,,1985,12,,,
25/06/19,Proyecto,Evento Proyectos,MEET & GREET EL DIA QUE ME MUERA,,Ministerio de Cultura,"Se sortearon 7 entradas dobles para conocer a los protagonistas de ""el dia que me muera"" junto a Betiana Blum y Roberto Carnaghi; y también se sortearan 120 entradas dobles para el Avant Premier  de la película.",,,"Se sortearon 7 entradas dobles para conocer a los protagonistas de ""el dia que me muera"" junto a Betiana Blum y Roberto Carnaghi; y también se sortearan 120 entradas dobles para el Avant Premier  de la película.",3738,198,,,
26/06/19,Obra,Visita de Obra,RELLENO COSTERO (VECINOS + ALUMNOS),,Ministerio de Transporte  de la Nación,,,14,,487,10,,,
26/06/19,Proyecto,Experiencia BA,PORSCHE CUP,,Vice Jefatura,En el marco de las pruebas libres de la Porsche GT3 CUP TROPHY invitamos a los vecinos a que vean este increíble show con el gran diferencial de subirse a un auto de carrera y dar vueltas a la pista del autódromo a toda velocidad.,,,En el marco de las pruebas libres de la Porsche GT3 CUP TROPHY invitamos a los vecinos a que vean este increíble show con el gran diferencial de subirse a un auto de carrera y dar vueltas a la pista del autódromo a toda velocidad.,2960,6,,,
27/06/19,Obra,Reunión de co creación,PLAN LINIERS,,Ministerio de Desarrollo Urbano y Transporte (MDUyT),Se invitó a los vecinos a una reunión colaborativa para que sumaran sus ideas sobre que quieren realizar en el barrio y charlar sobre las obras que se están haciendo.,,9,,1156,53,,,
27/06/19,Proyecto,Experiencia BA,TORRE MONUMENTAL,,Ministerio de Cultura,"Invitamos a los vecinos a la pre apertura de la Torre Monumental, luego de su puesta en valor.  Los vecinos tuvieron la oportunidad de subir al mirador, a la sala de maquinarias del reloj y sus campanas",,,"Invitamos a los vecinos a la pre apertura de la Torre Monumental, luego de su puesta en valor.  Los vecinos tuvieron la oportunidad de subir al mirador, a la sala de maquinarias del reloj y sus campanas",2751,27,,,
28/06/19,Obra,Inauguración,ARROYO VEGA: ASADO,,Ministerio de Desarrollo Urbano y Transporte (MDUyT),"Se invitó a los vecinos a participar de la inauguración con un asado de obra con el Jefe de Gobierno, Horacio Rodríguez Larreta y los trabajadores. ",,Varias ,,452,25,,,
28/06/19,Obra,Reunión de co creación,CÁRCEL DE DEVOTO,,Ministerio de Desarrollo Urbano y Transporte (MDUyT),Se invitó a los vecinos a una reunión colaborativa para que sumaran sus ideas sobre el uso del espacio que queda al trasladarse la cárcel a Marcos Paz,,11,,1889,53,,,
28/06/19,Proyecto,Evento Proyectos,CHARLAS SET,,Ministerio de Cultura,,,,,708,65,,,
01/07/19,Obra,Reunión de co creación,MERCADO DE HACIENDA T.1,,Ministerio de Desarrollo Urbano y Transporte (MDUyT),,,9,,358,9,,,
01/07/19,Obra,Reunión de co creación,MERCADO DE HACIENDA T.1,,Ministerio de Desarrollo Urbano y Transporte (MDUyT),,,9,,105,26,,,
01/07/19,Obra,Inauguración,PLAZA CLEMENTE,,Ministerio de Desarrollo Urbano y Transporte (MDUyT),,,13,,631,200,,,
02/07/19,Obra,Reunión de co creación,MERCADO DE HACIENDA T.2,,Ministerio de Desarrollo Urbano y Transporte (MDUyT),,,9,,34,6,,,
02/07/19,Obra,Reunión de co creación,MERCADO DE HACIENDA T.2,,Ministerio de Desarrollo Urbano y Transporte (MDUyT),,,9,,111,18,,,
02/07/19,Proyecto,Experiencia BA,CMU CHACARITA,,Ministerio de Justicia y Seguridad,,,,,546,24,,,
03/07/19,Obra,Inauguración,ARROYO VEGA,,Ministerio de Desarrollo Urbano y Transporte (MDUyT),,,Varias ,,1085,19,,,
03/07/19,Obra,Visita de Obra,CENTRAL OBELISCO,,Ministerio de Desarrollo Urbano y Transporte (MDUyT),,,1,,518,17,,,
03/07/19,Obra,Reunión de co creación,MERCADO DE HACIENDA T.3,,Ministerio de Desarrollo Urbano y Transporte (MDUyT),,,9,,207,49,,,
03/07/19,Proyecto,Experiencia BA,PLANETARIO,,Ministerio de Educación,,,,,2549,26,,,
03/07/19,Proyecto,Votación Proyecto,NOMBRE ELEFANTE BLANCO,,Ministerio de Desarrollo Urbano y Transporte (MDUyT),¿Cómo te gustaría que se llame el nuevo parque en el ex Elefante Blanco?,,8,¿Cómo te gustaría que se llame el nuevo parque en el ex Elefante Blanco?,0,0,4574,1. Parque Elefante Blanco - 2.219 - 49%  2. Ciudad Iluminada - 853 -19% 3. Parque Nueva Esperanza - 1.457 - 32%                 ,
04/07/19,Proyecto,Experiencia BA,CMU 9 DE JULIO,,Ministerio de Justicia y Seguridad,,,,,159,27,,,
04/07/19,Proyecto,Convocatoria,NOMBRE PATIO DE JUEGOS,,Vice Jefatura,,,,,909,0,,,
05/07/19,Obra,Inauguración,EX CÁRCEL DE CASEROS EL MARGINAL,,Ministerio de Desarrollo Urbano y Transporte (MDUyT),,,4,,4330,346,,,
05/07/19,Proyecto,Experiencia BA,PRÁCTICAS DEL TURISMO INTERNACIONAL - AUTODROMO,,Vice Jefatura,,,,,2985,5,,,
05/07/19,Proyecto,Convocatoria,RETARGETING MURALES,,Jefatura de Gobierno,,,,,277,0,,,
10/07/19,Obra,Inauguración,VIADUCTO LÍNEA SAN MARTÍN ASADO DE OBRA,,Ministerio de Transporte  de la Nación,,,Varias ,,,10,,,
11/07/19,Proyecto,Experiencia BA,CMGMU,,Ministerio de Justicia y Seguridad,,,,,406,33,,,
13/08/19,Proyecto,Evento Proyectos,AVANT PREMIER LA ODISEA DE LOS GILES,,Ministerio de Cultura,,,,,7431,18,,,
15/08/19,Proyecto,Evento Proyectos,MASTICAR,,Vice Jefatura,,,,,13034,2916,,,
16/08/19,Obra,Visita de Obra,ESTACIÓN LISANDRO DE LA TORRE,,Ministerio de Desarrollo Urbano y Transporte (MDUyT),,,14,,145,24,,,
16/08/19,Proyecto,Votación Proyecto,NOMBRE PLAZOLETA JUAN B JUSTO,,Ministerio de Desarrollo Urbano y Transporte (MDUyT),,,Varias ,,0,0,2711,1. Lolita Torres - 1.910 - 70% 2. Celia Alcántara        - 390 - 14%  3. Mercedes Simone - 411 - 15%                        ,
18/08/19,Proyecto,Convocatoria,DÍA DE LA NIÑEZ,,Jefatura de Gobierno,,,,,45,0,,,
25/08/19,Proyecto,Votación Proyecto,MUNDIAL DE TANGO,,Ministerio de Cultura,,,,,0,0,16795,,
26/08/19,Proyecto,Votación Proyecto,PREMIOS LOLA MORA,,Ministerio de Hábitat y Desarrollo Humano,Las vecinas y vecinos podrán elegir a distintas personas destacadas por su labor en los medios de  comunicación que promueven la equidad de género,,,"La votación es impulsada por la Dirección General Comunicación Participativa y la Dirección General de la Mujer, Ministerio de Desarrollo Humano y Hábitat.", ,,47895,,
20/08/19,Obra,Visita de Obra,VIADUCTO LÍNEA BELGRANO SUR,,Ministerio de Transporte  de la Nación,,,4,,454,14,,,
20/08/19,Proyecto,Votación Proyecto,PLANETA Y SUS ESTRELLAS,,Ministerio de Educación,¡Elijamos su nombre y el de su estrella!,,,¡Elijamos su nombre y el de su estrella!,0,0,15264,1. Estrella: Atahualpa / Planeta: Payada - 7.488 - 49% 2. Estrella: Inti / Planeta: Raymi - 5.178 - 34%                 3. Estrella: Kotu / Planeta: Sankha - 2.598 - 17%                ,
21/08/19,Obra,Visita de Obra,PASEO DE LA COSTANERA,,Ministerio de Transporte  de la Nación,,,14,,650,7,,,
23/08/19,Proyecto,Experiencia BA,CMU,,Ministerio de Justicia y Seguridad,,,,,460,23,,,
24/08/19,Obra,Inauguración,PLAZA FLORES,,Ministerio de Ambiente y Espacio Público (MAyEP),,,7,, ,150,,,
24/08/19,Proyecto,Experiencia BA,TC 2000,,Vice Jefatura,,,,,2664,54,,,
24/08/19,Proyecto,Experiencia BA,LA CIUDAD A LA MODA,,Ministerio de Cultura,,,,,475,24,,,
26/08/19,Proyecto,Experiencia BA,PREMIOS CONDOR,,Ministerio de Cultura,,,,,912,4,,,
27/08/19,Proyecto,Experiencia BA,CONDUCCIÓN AUTOS Y MOTOS ISSP,,Ministerio de Justicia y Seguridad,,Av. Santiago de Compostela 3801,,,550,33,,,
02/09/19,Proyecto,Evento Proyectos,AVANT PREMIERE “CLAUDIA”,,Ministerio de Cultura,"Se sortearan 100 pares de entradas para ver el preestreno de ""Claudia"" de Sebastian de Caro en la que actua Dolores Fonzi.",,,,2195,114,,,
20/09/19,Proyecto,Evento Proyectos,MEET & GREET AQUÍ CANTÓ GARDEL  ,,Ministerio de Cultura,"Experiencia para hacer meet & greet con actores, además claro de poder disfrutar de la función posteriormente.",,,,1364,20,,,
27/09/19,Proyecto,Evento Proyectos,PRIMAVERA EN LOS JARDINES DE LA CIUDAD,,Ministerio de Cultura,"Convocaran a 18 vecinos para recorrer en 3 museos, los distintos jardines en los cuales en cada uno se brindaran charlas por reconocidos paisajistas que trabajaron en los mismos. Se comenzara con un breve desayuno y los traslados lo hará una combi.",,,,1212,14,,,
28/09/19,Proyecto,Experiencia BA,AUTÓDROMO ABIERTO,,Vice Jefatura,"Invitamos a los vecinos a subirse a un auto de carrera y girar en el autodromo, esto se da en el marco de autódromo abierto ",,,,1776,10,,,
30/09/19,Proyecto,Evento Proyectos,"PIAZZOLLA, LOS AÑOS DEL TIBURÓN",,Ministerio de Cultura,,,,,1423,74,,,
05/10/19,Proyecto,Experiencia BA,CIUDAD EMERGENTE,,Ministerio de Cultura,,,,,944,28,,,
08/10/19,Obra,Visita de Obra,TOUR DE OBRAS: ESPACIOS VERDES ,,Ministerio de Desarrollo Urbano y Transporte (MDUyT),,,3,,72,19,,,
09/10/19,Obra,Visita de Obra,CÁRCEL MARCOS PAZ,,Ministerio de Desarrollo Urbano y Transporte (MDUyT),,Marcos Paz 1727,,,239,24,,,
10/10/19,Obra,Visita de Obra,TOUR DE OBRAS: TRANSFORMACIÓN DEL SUR ,,Ministerio de Desarrollo Urbano y Transporte (MDUyT),,,4,,75,12,,,
12/10/19,Proyecto,Experiencia BA,LA NOCHECITA,,Ministerio de Cultura,,,,,1226,102,,,
15/10/19,Obra,Visita de Obra,TOUR DE OBRAS: TRANSFORMACIÓN DEL BAJO ,,Ministerio de Desarrollo Urbano y Transporte (MDUyT),,,1,,280,26,,,
17/10/19,Obra,Visita de Obra,TOUR DE OBRAS: DESARROLLO DEL SUR ,,Ministerio de Desarrollo Urbano y Transporte (MDUyT),,Av. Cnel. Roca 5252,8,,127,19,,,
18/10/19,Obra,Visita de Obra,TOUR DE OBRAS: MOVILIDAD,,Ministerio de Desarrollo Urbano y Transporte (MDUyT),,,14,,152,24,,,
18/10/19,Proyecto,Experiencia BA,SEMANA DEL DISEÑO,,Ministerio de Cultura,Invitamos a los vecinos a la reserva del muso moderno donde verán obras de arte relacionadas con el diseño industrial y diseño gráfico.,Av. San Juan 350 - Museo Moderno,,,794,15,,,
22/10/19,Obra,Visita de Obra,TOUR DE OBRAS: CONEXIÓN NORTE,,Ministerio de Desarrollo Urbano y Transporte (MDUyT),,,13,,121,12,,,
23/10/19,Obra,Visita de Obra,TOUR DE OBRAS: CONEXIÓN NORTE ,,Ministerio de Desarrollo Urbano y Transporte (MDUyT),,,12,,66,18,,,
23/10/19,Obra,Visita de Obra,TOUR DE OBRAS: ARROYO VEGA,,Ministerio de Desarrollo Urbano y Transporte (MDUyT),,,Varias ,,182,25,,,
02/11/19,Proyecto,Experiencia BA,NOCHE DE LOS MUSEOS ,,Ministerio de Cultura,,,,,5131,187,,,
03/11/19,Proyecto,Experiencia BA,NOCHE DE LOS MUSEO VIAJE HISTÓRICO SUBTE,,Ministerio de Desarrollo Urbano y Transporte (MDUyT),"Se realizarán 3 viajes en las históricas ""Brujitas"" de la línea A de Subtes, que empezarán y finalizarán en la Estación Perú.",,,,4091,270,,,
09/11/19,Proyecto,Experiencia BA,SUPER TC 2000,,Vice Jefatura,Invitamos a los vecinos a que vivan el Super TC2000 de una forma diferente. El diferencial que ofrecemos es que el vecino gana dar una vuelta en el auto de carrera en el autódromo. También vamos a sortear entradas,,,,2659,31,,,
13/11/19,Obra,Visita de Obra,ARROYO VEGA: CENTRO VIVENCIAL - PLAN HIDRAULICO ,,Ministerio de Desarrollo Urbano y Transporte (MDUyT),,,Varias ,,564,18,,,
13/11/19,Proyecto,Evento Proyectos,AVANT PREMIERE + MEET & GREET LOS ADOPTANTES,,Ministerio de Cultura,,,,,1287,18,,,
13/11/19,Proyecto,Votación Proyecto,MURAL BA ELIGE C11,,Otro,Invitamos los vecinos a que elijan el diseño de los dos murales que habrá en villa general mitre y en villa santa rita ,,11,,,,1221,Opción 1 - 361 - 30% Opción 2 - 386 - 32% Opción 3 - 474 - 39%,
14/11/19,Obra,Visita de Obra,PASEO DE LA COSTANERA,,Ministerio de Transporte  de la Nación,Se invita a los vecinos y alumnos a un recorrido por la obra del Paseo de la Costanera.,,14,,532,14,,,
14/11/19,Proyecto,Evento Proyectos,BA JAZZ FESTIVAL,,Ministerio de Cultura,"invitamos a los vecinos a participar por un sorteo de entradas para el show de apertura y show final de la semana del jazz, Los shows de hacen en la Usina del arte. ",,,,3206,46,,,
19/11/19,Proyecto,Votación Proyecto,MURAL BA ELIGE C8,,Otro," les pedimos a los vecinos que elijan entre las temáticas de -Música, Deporte, Medioambiente. 
la ganadora se vera reflejada en los tres murales que se llevaran a cabo en las tres paredes que estan disponibles para los murales 
",,8,,,,1593,"1. Música - 522 - 32,77% 2. Deporte - 448 - 28,12% 3. Medioambiente - 623 - 39,11%",
20/11/19,Obra,Visita de Obra,CÁRCEL MARCOS PAZ,,Ministerio de Desarrollo Urbano y Transporte (MDUyT),,Marcos Paz 1727,,,258,18,,,
22/11/19,Proyecto,Experiencia BA,ISSP,,Ministerio de Justicia y Seguridad,,,,,1388,330,,,
28/11/19,Obra,Visita de Obra,INSTITUTO DE ESTUDIOS SUPERIORES JUAN B. JUSTO,,Ministerio de Desarrollo Urbano y Transporte (MDUyT),,Joaquín V. Gonzalez 2149,11,"Escuela Álvarez Jonte, pertenece al proyecto de 52 Escuelas impulsado por el Gobierno de la Ciudad que contempla la construcción de nuevos centros de aprendizaje en distintos puntos de la ciudad, con una identidad común.",217,14,,,
05/12/19,Obra,Visita de Obra,CÁRCEL MARCOS PAZ,,Ministerio de Desarrollo Urbano y Transporte (MDUyT),,Marcos Paz 1727,,,230,21,,,
09/12/19,Proyecto,Votación Proyecto,MURAL BA ELIGE C10,,Otro,,,10,,,,1316,Opción 1 Roberto Art- 379 - 29% Opción 2 Escudo de Monte Castro - 596 - 45% Opción 3 Monte Castro - 346 - 26%,
27/12/19,Proyecto,Experiencia BA,DEPARTAMENTO DE AVIACIÓN POLICIAL,,Ministerio de Justicia y Seguridad,Invitamos a los vecinos a que conozcan el Departamento de Aviación Policial. ,Av. España 3250,,,1774,25,,,
12/08/17,Voluntariado,Voluntariado,UN SOL PARA LOS CHICOS,,,,,,Voluntarios BA participarán en uno de los call center de Un sol para los chicos - Unicef a recibir llamados y concretar donaciones para los más chicos.,62,22,,,
24/12/17,Voluntariado,Voluntariado,COLECTA NAVIDEÑA,,,,,,"Voluntarios BA se ubicarán en distintos puntos de la ciudad para recibir las donaciones, ordenarlas y difundir la iniciativa para que gente en circulación pueda sumarse. Además, ayudarán a clasificar y envolver los regalos.",730,143,,,
20/12/17,Voluntariado,Voluntariado,BRINDIS,,,,,,Se realizó un festejo en honor a la labor realizada durante todo el 2017 para los Voluntario BA que participaron en algún tipo de actividad.,1461,426,,,
01/09/17,Voluntariado,Voluntariado,BIORREMEDIACIÓN EN ARROYO CILDAÑEZ,,,,,,,189,104,,,
01/10/17,Voluntariado,Voluntariado,BIORREMEDIACIÓN EN ARROYO CILDAÑEZ,,,,,,,210,112,,,
01/11/17,Voluntariado,Voluntariado,BIORREMEDIACIÓN EN ARROYO CILDAÑEZ,,,,,,,146,121,,,
01/12/17,Voluntariado,Voluntariado,BIORREMEDIACIÓN EN ARROYO CILDAÑEZ,,,,,,,145,105,,,
01/09/17,Voluntariado,Voluntariado,JORNADA DE ADOPCIÓN DE MASCOTAS,,,,,,,97,52,,,
01/10/17,Voluntariado,Voluntariado,JORNADA DE ADOPCIÓN DE MASCOTAS,,,,,,,133,52,,,
01/11/17,Voluntariado,Voluntariado,JORNADA DE ADOPCIÓN DE MASCOTAS,,,,,,,100,58,,,
01/12/17,Voluntariado,Voluntariado,JORNADA DE ADOPCIÓN DE MASCOTAS,,,,,,,150,36,,,
09/03/18,Voluntariado,Voluntariado,MURAL EN VILLA ORTUZAR,,,,,,,124,49,,,
07/05/18,Voluntariado,Voluntariado,RED DE APOYO ESCOLAR,,,,,,,930,64,,,
28/07/18,Voluntariado,Voluntariado,CONCIENTIZACIÓN SOBRE LA TRATA DE PERSONAS,,,,,,,83,16,,,
11/08/18,Voluntariado,Voluntariado,UN SOL PARA LOS CHICOS,,,,,,Voluntarios BA participarán en uno de los call center de Un sol para los chicos - Unicef a recibir llamados y concretar donaciones para los más chicos.,80,15,,,
04/09/18,Voluntariado,Voluntariado,MARTES ROJO,,,,,,,96,27,,,
05/12/18,Voluntariado,Voluntariado,BRINDIS,,,,,,Se realizó un festejo en honor a la labor realizada durante todo el 2017 para los Voluntario BA que participaron en algún tipo de actividad.,429,301,,,
15/12/18,Voluntariado,Voluntariado,COLECTA NAVIDEÑA,,,,,,"Voluntarios BA se ubicarán en distintos puntos de la ciudad para recibir las donaciones, ordenarlas y difundir la iniciativa para que gente en circulación pueda sumarse. Además, ayudarán a clasificar y envolver los regalos.",160,50,,,
28/12/18,Voluntariado,Voluntariado,ENTREGA DE REGALOS,,,,,,"Los Voluntarios BA que participaron de la colecta navideña podían asistir a la entrega de regalos que se realizó en el Comedor Las Gemelas, en Villa Soldati.",20,8,,,
01/01/18,Voluntariado,Voluntariado,BIORREMEDIACIÓN EN ARROYO CILDÁÑEZ,,,,,,,401,101,,,
01/02/18,Voluntariado,Voluntariado,BIORREMEDIACIÓN EN ARROYO CILDÁÑEZ,,,,,,,296,87,,,
01/03/18,Voluntariado,Voluntariado,BIORREMEDIACIÓN EN ARROYO CILDÁÑEZ,,,,,,,250,93,,,
01/04/18,Voluntariado,Voluntariado,BIORREMEDIACIÓN EN ARROYO CILDÁÑEZ,,,,,,,354,75,,,
01/05/18,Voluntariado,Voluntariado,BIORREMEDIACIÓN EN ARROYO CILDÁÑEZ,,,,,,,201,83,,,
01/06/18,Voluntariado,Voluntariado,BIORREMEDIACIÓN EN ARROYO CILDÁÑEZ,,,,,,,185,90,,,
01/07/18,Voluntariado,Voluntariado,BIORREMEDIACIÓN EN ARROYO CILDÁÑEZ,,,,,,,209,86,,,
01/08/18,Voluntariado,Voluntariado,BIORREMEDIACIÓN EN ARROYO CILDÁÑEZ,,,,,,,196,111,,,
01/09/18,Voluntariado,Voluntariado,BIORREMEDIACIÓN EN ARROYO CILDÁÑEZ,,,,,,,301,124,,,
01/10/18,Voluntariado,Voluntariado,BIORREMEDIACIÓN EN ARROYO CILDÁÑEZ,,,,,,,296,100,,,
01/11/18,Voluntariado,Voluntariado,BIORREMEDIACIÓN EN ARROYO CILDÁÑEZ,,,,,,,333,100,,,
01/12/18,Voluntariado,Voluntariado,BIORREMEDIACIÓN EN ARROYO CILDÁÑEZ,,,,,,,252,93,,,
01/03/18,Voluntariado,Voluntariado,JORNADA DE ADOPCIÓN DE MASCOTAS,,,,,,,176,81,,,
01/04/18,Voluntariado,Voluntariado,JORNADA DE ADOPCIÓN DE MASCOTAS,,,,,,,102,56,,,
01/05/18,Voluntariado,Voluntariado,JORNADA DE ADOPCIÓN DE MASCOTAS,,,,,,,151,45,,,
01/06/18,Voluntariado,Voluntariado,JORNADA DE ADOPCIÓN DE MASCOTAS,,,,,,,110,50,,,
01/07/18,Voluntariado,Voluntariado,JORNADA DE ADOPCIÓN DE MASCOTAS,,,,,,,93,70,,,
01/08/18,Voluntariado,Voluntariado,JORNADA DE ADOPCIÓN DE MASCOTAS,,,,,,,83,29,,,
01/09/18,Voluntariado,Voluntariado,JORNADA DE ADOPCIÓN DE MASCOTAS,,,,,,,74,35,,,
01/10/18,Voluntariado,Voluntariado,JORNADA DE ADOPCIÓN DE MASCOTAS,,,,,,,65,25,,,
01/11/18,Voluntariado,Voluntariado,JORNADA DE ADOPCIÓN DE MASCOTAS,,,,,,,82,,,,
01/12/18,Voluntariado,Voluntariado,JORNADA DE ADOPCIÓN DE MASCOTAS,,,,,,,103,30,,,
01/06/18,Voluntariado,Voluntariado,PLAN DE INTEGRACIÓN DE BARRIOS VULNERABLES ,,,,,,,12,12,,,
01/07/18,Voluntariado,Voluntariado,PLAN DE INTEGRACIÓN DE BARRIOS VULNERABLES ,,,,,,,15,11,,,
01/08/18,Voluntariado,Voluntariado,PLAN DE INTEGRACIÓN DE BARRIOS VULNERABLES ,,,,,,,4,4,,,
01/08/18,Voluntariado,Voluntariado,PLAN DE INTEGRACIÓN DE BARRIOS VULNERABLES ,,,,,,,11,9,,,
01/09/18,Voluntariado,Voluntariado,PLAN DE INTEGRACIÓN DE BARRIOS VULNERABLES ,,,,,,,40,28,,,
01/10/18,Voluntariado,Voluntariado,PLAN DE INTEGRACIÓN DE BARRIOS VULNERABLES ,,,,,,,18,15,,,
10/08/19,Voluntariado,Voluntariado,UN SOL PARA LOS CHICOS,,,,,,Voluntarios BA participarán en uno de los call center de Un sol para los chicos - Unicef a recibir llamados y concretar donaciones para los más chicos.,80,39,,,
23/04/19,Voluntariado,Voluntariado,RED DE APOYO ESCOLAR,,,,,,,120,28,,,
22/08/19,Voluntariado,Voluntariado,RED DE APOYO ESCOLAR,,,,,,,65,14,,,
22/05/19,Voluntariado,Voluntariado,PLANTACIONES,,,,,,,73,34,,,
03/08/19,Voluntariado,Voluntariado,PLANTACIONES,,,,,,,67,34,,,
22/08/19,Voluntariado,Voluntariado,PLANTACIONES,,,,,,,63,25,,,
01/10/19,Voluntariado,Voluntariado,LA NOCHECITA,,,,,,,166,118,,,
01/11/19,Voluntariado,Voluntariado,LA NOCHE DE LOS MUSEOS,,,,,,,716,,,,
21/12/19,Voluntariado,Voluntariado,COLECTA NAVIDEÑA Y ENTREGA DE REGALOS,,,,,,Esta actividad consistió en la donación de juguetes por parte de vecinos para ser entregados como regalo de navidad para niños de barrios vulnerables de Villa Lugano.. Se realizó el sábado 21 de diciembre de 10 a 16 hs en los siguientes puntos de caba:,110,59,,,
01/04/19,Voluntariado,Voluntariado,RESTAURACIÓN ECOLÓGICA ECOPARQUE,,,,,,,70,51,,,
01/05/19,Voluntariado,Voluntariado,RESTAURACIÓN ECOLÓGICA ECOPARQUE,,,,,,,121,57,,,
01/06/19,Voluntariado,Voluntariado,RESTAURACIÓN ECOLÓGICA ECOPARQUE,,,,,,,109,63,,,
01/07/19,Voluntariado,Voluntariado,RESTAURACIÓN ECOLÓGICA ECOPARQUE,,,,,,,159,93,,,
01/08/19,Voluntariado,Voluntariado,RESTAURACIÓN ECOLÓGICA ECOPARQUE,,,,,,,165,78,,,
01/09/19,Voluntariado,Voluntariado,RESTAURACIÓN ECOLÓGICA ECOPARQUE,,,,,,,179,117,,,
01/10/19,Voluntariado,Voluntariado,RESTAURACIÓN ECOLÓGICA ECOPARQUE,,,,,,,76,48,,,
01/11/19,Voluntariado,Voluntariado,RESTAURACIÓN ECOLÓGICA ECOPARQUE,,,,,,,77,61,,,
01/12/19,Voluntariado,Voluntariado,RESTAURACIÓN ECOLÓGICA ECOPARQUE,,,,,,,40,16,,,
01/03/19,Voluntariado,Voluntariado,RESTAURACIÓN ECOLÓGICA RESERVA NATURAL LAGO LUGANO,,,,,,,29,20,,,
01/04/19,Voluntariado,Voluntariado,RESTAURACIÓN ECOLÓGICA RESERVA NATURAL LAGO LUGANO,,,,,,,34,18,,,
01/05/19,Voluntariado,Voluntariado,RESTAURACIÓN ECOLÓGICA RESERVA NATURAL LAGO LUGANO,,,,,,,112,62,,,
01/06/19,Voluntariado,Voluntariado,RESTAURACIÓN ECOLÓGICA RESERVA NATURAL LAGO LUGANO,,,,,,,84,34,,,
01/07/19,Voluntariado,Voluntariado,RESTAURACIÓN ECOLÓGICA RESERVA NATURAL LAGO LUGANO,,,,,,,114,46,,,
01/08/19,Voluntariado,Voluntariado,RESTAURACIÓN ECOLÓGICA RESERVA NATURAL LAGO LUGANO,,,,,,,164,47,,,
01/09/19,Voluntariado,Voluntariado,RESTAURACIÓN ECOLÓGICA RESERVA NATURAL LAGO LUGANO,,,,,,,207,104,,,
01/10/19,Voluntariado,Voluntariado,RESTAURACIÓN ECOLÓGICA RESERVA NATURAL LAGO LUGANO,,,,,,,149,70,,,
01/11/19,Voluntariado,Voluntariado,RESTAURACIÓN ECOLÓGICA RESERVA NATURAL LAGO LUGANO,,,,,,,111,72,,,
01/12/19,Voluntariado,Voluntariado,RESTAURACIÓN ECOLÓGICA RESERVA NATURAL LAGO LUGANO,,,,,,,57,42,,,
01/03/19,Voluntariado,Voluntariado,JORNADA DE ADOPCIÓN DE MASCOTAS,,,,,,,128,49,,,
01/04/19,Voluntariado,Voluntariado,JORNADA DE ADOPCIÓN DE MASCOTAS,,,,,,,93,65,,,
01/05/19,Voluntariado,Voluntariado,JORNADA DE ADOPCIÓN DE MASCOTAS,,,,,,,125,51,,,
01/06/19,Voluntariado,Voluntariado,JORNADA DE ADOPCIÓN DE MASCOTAS,,,,,,,69,27,,,
01/07/19,Voluntariado,Voluntariado,JORNADA DE ADOPCIÓN DE MASCOTAS,,,,,,,64,30,,,
01/08/19,Voluntariado,Voluntariado,JORNADA DE ADOPCIÓN DE MASCOTAS,,,,,,,266,44,,,
01/09/19,Voluntariado,Voluntariado,JORNADA DE ADOPCIÓN DE MASCOTAS,,,,,,,108,39,,,
01/10/19,Voluntariado,Voluntariado,JORNADA DE ADOPCIÓN DE MASCOTAS,,,,,,,200,46,,,
01/11/19,Voluntariado,Voluntariado,JORNADA DE ADOPCIÓN DE MASCOTAS,,,,,,,90,66,,,
01/12/19,Voluntariado,Voluntariado,JORNADA DE ADOPCIÓN DE MASCOTAS,,,,,,,130,76,,,
01/03/19,Voluntariado,Voluntariado,AGRICULTURA URBANA,,,,,,,19,5,,,
01/04/19,Voluntariado,Voluntariado,AGRICULTURA URBANA,,,,,,,55,59,,,
01/05/19,Voluntariado,Voluntariado,AGRICULTURA URBANA,,,,,,,42,38,,,
01/06/19,Voluntariado,Voluntariado,AGRICULTURA URBANA,,,,,,,48,32,,,
01/07/19,Voluntariado,Voluntariado,AGRICULTURA URBANA,,,,,,,72,27,,,
01/08/19,Voluntariado,Voluntariado,AGRICULTURA URBANA,,,,,,,27,14,,,
30/04/19,Voluntariado,Voluntariado,COLECTA POR EL LITORAL,,,,,,,95,20,,,
03/04/19,Voluntariado,Voluntariado,ECOPARQUE,,,,,,,226,20,,,
26/11/19,Voluntariado,Voluntariado,JORNADA DE PLANTACIÓN DE ÁRBOLES,,,,,,,64,9,,,
13/08/19,Voluntariado,Voluntariado,UNICEF,,,,,,,226,20,,,
17/12/19,Voluntariado,Voluntariado,COLECTA NAVIDEÑA,,,,,,,100,52,,,
29/10/19,Voluntariado,Voluntariado,NOCHE DE LOS MUSEOS,,,,,,,300,60,,,
16/01/20,N/C,Reunión co-creación,Participación con niños - patios de juegos plaza Mafalda,Presencial,Jefatura de Gabinete de Ministros,N/C,Conde y Concepción Arenal,13,"Se llevaron a cabo jornadas participativas denominadas “Patios de Juegos” para la planificación de espacios públicos, con el fin de generar un espacio de interacción entre las niñas, niños y adultos de la Ciudad, actores claves en el desarrollo y funcionarios públicos.","1,537",140,,,
17/01/20,N/C,Reunión co-creación,Participación con niños - patios de juegos plaza Echeverría,Presencial,Jefatura de Gabinete de Ministros,N/C,Nahuel Huapi y Av. Triunvirato,12,"Se llevaron a cabo jornadas participativas denominadas “Patios de Juegos” para la planificación de espacios públicos, con el fin de generar un espacio de interacción entre las niñas, niños y adultos de la Ciudad, actores claves en el desarrollo y funcionarios públicos.","1,933",143,,,
23/01/20,N/C,Reunión co-creación,Participación con niños - patios de juegos plaza Pablo Ricchieri,Presencial,Jefatura de Gabinete de Ministros,N/C,Av. Francisco Beiró y Quevedo,11,"Se llevaron a cabo jornadas participativas denominadas “Patios de Juegos” para la planificación de espacios públicos, con el fin de generar un espacio de interacción entre las niñas, niños y adultos de la Ciudad, actores claves en el desarrollo y funcionarios públicos.",894,90,,,
28/01/20,N/C,Reunión co-creación,Participación con niños - patios de juegos plaza Ángel Gris,Presencial,Jefatura de Gabinete de Ministros,N/C,Av. Avellaneda y Av. Tte. Gral. Donato Álvarez,7,"Se llevaron a cabo jornadas participativas denominadas “Patios de Juegos” para la planificación de espacios públicos, con el fin de generar un espacio de interacción entre las niñas, niños y adultos de la Ciudad, actores claves en el desarrollo y funcionarios públicos.","1,455",112,,,
30/01/20,N/C,Reunión co-creación,Participación con niños - patios de juegos plaza Juan B. Terán,Presencial,Jefatura de Gabinete de Ministros,N/C,Nogoyá y Juan Esteban Martínez,10,"Se llevaron a cabo jornadas participativas denominadas “Patios de Juegos” para la planificación de espacios públicos, con el fin de generar un espacio de interacción entre las niñas, niños y adultos de la Ciudad, actores claves en el desarrollo y funcionarios públicos.",936,125,,,
11/02/20,N/C,Reunión co-creación,Participación con niños - patios de juegos plaza Rubén Darío,Presencial,Jefatura de Gabinete de Ministros,N/C,Av. Del Libertador y Austria,2,"Se llevaron a cabo jornadas participativas denominadas “Patios de Juegos” para la planificación de espacios públicos, con el fin de generar un espacio de interacción entre las niñas, niños y adultos de la Ciudad, actores claves en el desarrollo y funcionarios públicos.","1,01",46,,,
23/01/20,N/C,Experiencia,Polícia Científica,Presencial,Ministerio de Justicia y Seguridad,N/C,Presidente Ramón Castillo 1720,1,En el marco de ExperienciasBA se convocó a vecinos/as a recorrer los laboratorios de la Policía Científica.,"1,252",17,,,
01/02/20,N/C,Evento,Meet & greet Zoe Gotuzzo,Presencial,Ministerio de Cultura,N/C,"Av. Corrientes 3247, C1193 CABA",3,En el marco del evento del Maratón Abasto de FIBA se le dio la posibilidad a los vecinos y vecinas de la Ciudad de inscribirse para conocer a la artista antes de su recital.,504,10,,,
07/02/20,N/C,Evento,Línea E - Etapa 3,Presencial,Ministerio de Hábitat y Desarrollo Humano,N/C,Bernardo de Irigoyen 172,1,Se realizaron mesas de deliberación con vecinos/as para realizar el armado de las dos ternas con 3 posibles nombres de mujeres cada uno. Dichas ternas pasarán a votación a 4ta etapa.,3208,135,-,,
07/03/20,N/C,Votación,Línea E - Votación nombres de estaciones,Virtual y presencial,Ministerio de Desarrollo Urbano y Transporte (MDUyT),N/C,,1,Se llevará adelante una votación con las 2 ternas finalistas en base a lo trabajado en las mesas de ideación con ONGs y con vecinos. Cada paquete tuvo tres posibles nombres de mujeres para nombrar a las estaciones.,-,-,"120,257",,
08/02/20,N/C,Experiencia,ATP,Presencial,Vice Jefatura,N/C,Olleros 1510,14,Invitamos a los/as vecinos/as a inscribirse para participar de la Experiencia BA “Argentina Open 2020”. ,280,10,,,
14/02/20,N/C,Experiencia,Plan Elefante Mara,Presencial,Ministerio de Ambiente y Espacio Público (MAyEP),N/C,República de la India al 3000,14,Invitamos a los/as vecinos/as a visitar por última vez a la elefanta Mara. La elefanta fue trasladada del Eco Parque hacia el Santuario de Elefantes de Brasil.,3258,19,,,
21/02/20,N/C,Experiencia,Centro de Monitoreo y Gestión de la Movilidad Urbana,Presencial,Ministerio de Justicia y Seguridad,N/C,Dr. Prof Pedro Chutro 2928,4,"Invitamos a los vecinos a conocer el Centro de Monitoreo y Gestión de la Movilidad Urbana, lugar desde el cual se procesa y gestiona la información del sistema centralizado de tránsito.",424,21,,,
04/06/20,N/C,Reunión,Jornadas vecinos participativos 3,Virtual,,N/C,,Todas,"El objetivo de las jornadas fue entender las percepciones de los/as vecinos/as en relación a la vuelta a los espacios culturales, en tanto consumidores de la cultura de la Ciudad, y recibir sugerencias de los mismos para la desescalada en relación a lo cultural.",30,8,,,
11/06/20,N/C,Reunión,Jornadas vecinos participativos 1,Virtual,,N/C,,Todas,"El objetivo de las jornadas fue entender las percepciones de los/as vecinos/as en relación a la vuelta a los espacios culturales, en tanto consumidores de la cultura de la Ciudad, y recibir sugerencias de los mismos para la desescalada en relación a lo cultural.",46,24,,,
12/06/20,N/C,Reunión,Jornadas vecinos participativos 2,Virtual,,N/C,,Todas,"El objetivo de las jornadas fue entender las percepciones de los/as vecinos/as en relación a la vuelta a los espacios culturales, en tanto consumidores de la cultura de la Ciudad, y recibir sugerencias de los mismos para la desescalada en relación a lo cultural.",76,25,,,
19/06/20,N/C,Reunión,Jornadas vecinos participativos 4,Virtual,,N/C,,Todas,"El objetivo de las jornadas fue entender las percepciones de los/as vecinos/as en relación a la vuelta a los espacios culturales, en tanto consumidores de la cultura de la Ciudad, y recibir sugerencias de los mismos para la desescalada en relación a lo cultural.",96,35,,,
05/06/20,N/C,Reunión,La Ciudad en Cuarentena. Encuentro Adultos con personas a cargo,Virtual,Secretaría de Desarrollo Urbano (SDU),N/C,,Todas,"La Dirección General Antropología Urbana organizó, con la colaboración de la DGPCC encuentros virtuales con la ciudadanía para generar un espacio de intercambio de reflexiones respecto a la modificación de hábitos y rutinas causado por el contexto epidemiológico.",15,8,,,
17/07/20,N/C,Reunión,"La Ciudad en Cuarentena.
Encuentro Adolescentes",Virtual,Dirección General de Antropología Urbana,N/C,,Todas,"La Dirección General Antropología Urbana organizó, con la colaboración de la DGPCC encuentros virtuales con la ciudadanía para generar un espacio de intercambio de reflexiones respecto a la modificación de hábitos y rutinas causado por el contexto epidemiológico.",0,10,,,
24/07/20,N/C,Reunión,La Ciudad en Cuarentena Encuentro Corredores,Virtual,Dirección General de Antropología Urbana,N/C,,Todas,"La Dirección General Antropología Urbana organizó, con la colaboración de la DGPCC encuentros virtuales con la ciudadanía para generar un espacio de intercambio de reflexiones respecto a la modificación de hábitos y rutinas causado por el contexto epidemiológico.",15,8,,,
14/08/20,N/C,Reunión,La Ciudad en Cuarentena Encuentro Comerciantes,Virtual,Dirección General de Antropología Urbana,N/C,,Todas,"La Dirección General Antropología Urbana organizó, con la colaboración de la DGPCC encuentros virtuales con la ciudadanía para generar un espacio de intercambio de reflexiones respecto a la modificación de hábitos y rutinas causado por el contexto epidemiológico.",122,3,,,
08/06/20,N/C,Voluntariado,Voluntariado - Barrio 31,Presencial,Secretaria de Integración Social y Urbana (SISU),N/C,Barrio 31,1,Se convocó a voluntarios para participar en las postas de prevención para el armado de módulos alimentarios que luego fueron entregados a las familias por personal del GCABA y para colaborar en comedores del barrio y concientización a los vecinos en los comercios y ferias del barrio,115,19,,,
09/06/20,N/C,Voluntariado,Voluntariado - Operativo frío,Presencial,Ministerio de Desarrollo Social,N/C,Amancio Alcorta 1502,1,Se convocó a voluntarios para participar en las postas de prevención para el armado de módulos alimentarios que luego fueron entregados a las familias por personal del GCABA y para colaborar en comedores del barrio y concientización a los vecinos en los comercios y ferias del barrio,80,42,,,
14/07/20,N/C,Relevamiento de opinión,Estrategia de Regreso al Espacio Público,Virtual,Subsecretaría de Gestión Comunal,N/C,,Todas,"Primera etapa: Relevamiento de opinión en el que se le consultó a la ciudadanía respecto a los usos de espacios verdes.
Segunda etapa: Se realizaron encuentros con el objetivo de entender las expectativas de la ciudadanía respecto al regreso a los espacios públicos y generar posibles ideas en conjunto.",-,-,,,3593
27/07/20,N/C,Reunión,Estrategia de Regreso al Espacio Público Encuentro con vecinos (1 norte),Virtual,Subsecretaría de Gestión Comunal,N/C,,Todas,"Primera etapa: Relevamiento de opinión en el que se le consultó a la ciudadanía respecto a los usos de espacios verdes.
Segunda etapa: Se realizaron encuentros con el objetivo de entender las expectativas de la ciudadanía respecto al regreso a los espacios públicos y generar posibles ideas en conjunto.",74,21,,,-
27/07/20,N/C,Reunión,Estrategia de Regreso al Espacio Público. Encuentro con vecinos (2 sur),Virtual,Subsecretaría de Gestión Comunal,N/C,,Todas,"Primera etapa: Relevamiento de opinión en el que se le consultó a la ciudadanía respecto a los usos de espacios verdes.
Segunda etapa: Se realizaron encuentros con el objetivo de entender las expectativas de la ciudadanía respecto al regreso a los espacios públicos y generar posibles ideas en conjunto.",49,5,,,-
28/07/20,N/C,Reunión,Estrategia de Regreso al Espacio Público. Encuentro con vecinos (3 centro),Virtual,Subsecretaría de Gestión Comunal,N/C,,Todas,"Primera etapa: Relevamiento de opinión en el que se le consultó a la ciudadanía respecto a los usos de espacios verdes.
Segunda etapa: Se realizaron encuentros con el objetivo de entender las expectativas de la ciudadanía respecto al regreso a los espacios públicos y generar posibles ideas en conjunto.",193,35,,,-
29/07/20,N/C,Reunión,Estrategia de Regreso al Espacio Público. Encuentro con vecinos (4 sur),Virtual,Subsecretaría de Gestión Comunal,N/C,,Todas,"Primera etapa: Relevamiento de opinión en el que se le consultó a la ciudadanía respecto a los usos de espacios verdes.
Segunda etapa: Se realizaron encuentros con el objetivo de entender las expectativas de la ciudadanía respecto al regreso a los espacios públicos y generar posibles ideas en conjunto.",115,10,,,-
30/07/20,N/C,Reunión,Estrategia de Regreso al Espacio Público. Encuentro con vecinos (5 norte),Virtual,Subsecretaría de Gestión Comunal,N/C,,Todas,"Primera etapa: Relevamiento de opinión en el que se le consultó a la ciudadanía respecto a los usos de espacios verdes.
Segunda etapa: Se realizaron encuentros con el objetivo de entender las expectativas de la ciudadanía respecto al regreso a los espacios públicos y generar posibles ideas en conjunto.",194,33,,,-
31/07/20,N/C,Reunión,Estrategia de Regreso al Espacio Público. Encuentro con vecinos 6 (centro),Virtual,Subsecretaría de Gestión Comunal,N/C,,Todas,"Primera etapa: Relevamiento de opinión en el que se le consultó a la ciudadanía respecto a los usos de espacios verdes.
Segunda etapa: Se realizaron encuentros con el objetivo de entender las expectativas de la ciudadanía respecto al regreso a los espacios públicos y generar posibles ideas en conjunto.",447,53,,,-
11/08/20,N/C,Reunión,Estrategia de Regreso al Espacio Público encuentro con vecinos 7,Virtual,Subsecretaría de Gestión Comunal,N/C,,Todas,"Primera etapa: Relevamiento de opinión en el que se le consultó a la ciudadanía respecto a los usos de espacios verdes.
Segunda etapa: Se realizaron encuentros con el objetivo de entender las expectativas de la ciudadanía respecto al regreso a los espacios públicos y generar posibles ideas en conjunto.",339,100,,,-
12/08/20,N/C,Reunión,Estrategia de Regreso al Espacio Público encuentro con vecinos 8,Virtual,Subsecretaría de Gestión Comunal,N/C,,Todas,"Primera etapa: Relevamiento de opinión en el que se le consultó a la ciudadanía respecto a los usos de espacios verdes.
Segunda etapa: Se realizaron encuentros con el objetivo de entender las expectativas de la ciudadanía respecto al regreso a los espacios públicos y generar posibles ideas en conjunto.",305,78,,,-
13/08/20,N/C,Reunión,Estrategia de Regreso al Espacio Público. Encuentro con vecinos 9,Virtual,Subsecretaría de Gestión Comunal,N/C,,Todas,"Primera etapa: Relevamiento de opinión en el que se le consultó a la ciudadanía respecto a los usos de espacios verdes.
Segunda etapa: Se realizaron encuentros con el objetivo de entender las expectativas de la ciudadanía respecto al regreso a los espacios públicos y generar posibles ideas en conjunto.",327,70,,,-
22/09/20,N/C,Reunión,Estrategia de Regreso al Espacio Público - Ideatón con niñxs,Virtual,Subsecretaría de Gestión Comunal,N/C,,Todas,"Primera etapa: Relevamiento de opinión en el que se le consultó a la ciudadanía respecto a los usos de espacios verdes.
Segunda etapa: Se realizaron encuentros con el objetivo de entender las expectativas de la ciudadanía respecto al regreso a los espacios públicos y generar posibles ideas en conjunto.",447,89,,,-
23/06/20,N/C,Relevamiento de opinión,Relevamiento de opinión Jornadas ideación con adultos mayores,Virtual,Ministerio de Hábitat y Desarrollo Humano,N/C,,,Se realizó un relevamiento de opinión para entender las necesidades de los adultos mayores para pensar posibles nuevas políticas públicas especialmente diseñadas para ellos/as. ,-,-,,,1213
24/06/20,N/C,Reunión,Jornadas ideación con adultos mayores 1,Virtual,Ministerio de Hábitat y Desarrollo Humano,N/C,,,"El objetivo fue idear alternativas, estrategias y soluciones potenciales que, sumado a las necesidades presentadas por los adultos mayores, ayuden a llevar una vuelta segura y organizada al espacio público. ",37,6,,,-
24/06/20,N/C,Reunión,Jornadas ideación con adultos mayores 2,Virtual,Ministerio de Hábitat y Desarrollo Humano,N/C,,,"El objetivo fue idear alternativas, estrategias y soluciones potenciales que, sumado a las necesidades presentadas por los adultos mayores, ayuden a llevar una vuelta segura y organizada al espacio público. ",36,10,,,-
25/06/20,N/C,Reunión,Jornadas ideación con adultos mayores 3,Virtual,Ministerio de Hábitat y Desarrollo Humano,N/C,,,"El objetivo fue idear alternativas, estrategias y soluciones potenciales que, sumado a las necesidades presentadas por los adultos mayores, ayuden a llevar una vuelta segura y organizada al espacio público. ",31,6,,,-
25/06/20,N/C,Reunión,Jornadas ideación con adultos mayores 4,Virtual,Ministerio de Hábitat y Desarrollo Humano,N/C,,,"El objetivo fue idear alternativas, estrategias y soluciones potenciales que, sumado a las necesidades presentadas por los adultos mayores, ayuden a llevar una vuelta segura y organizada al espacio público. ",29,7,,,-
26/06/20,N/C,Reunión,Jornadas ideación con adultos mayores 5,Virtual,Ministerio de Hábitat y Desarrollo Humano,N/C,,,"El objetivo fue idear alternativas, estrategias y soluciones potenciales que, sumado a las necesidades presentadas por los adultos mayores, ayuden a llevar una vuelta segura y organizada al espacio público. ",32,9,,,-
26/06/20,N/C,Reunión,Jornadas ideación con adultos mayores 6,Virtual,Ministerio de Hábitat y Desarrollo Humano,N/C,,,"El objetivo fue idear alternativas, estrategias y soluciones potenciales que, sumado a las necesidades presentadas por los adultos mayores, ayuden a llevar una vuelta segura y organizada al espacio público. ",31,9,,,-
29/06/20,N/C,Reunión,Jornadas ideación con adultos mayores 7,Virtual,Ministerio de Hábitat y Desarrollo Humano,N/C,,,"El objetivo fue idear alternativas, estrategias y soluciones potenciales que, sumado a las necesidades presentadas por los adultos mayores, ayuden a llevar una vuelta segura y organizada al espacio público. ",38,9,,,-
29/06/20,N/C,Reunión,Jornadas ideación con adultos mayores 8,Virtual,Ministerio de Hábitat y Desarrollo Humano,N/C,,,"El objetivo fue idear alternativas, estrategias y soluciones potenciales que, sumado a las necesidades presentadas por los adultos mayores, ayuden a llevar una vuelta segura y organizada al espacio público. ",37,10,,,-
30/06/20,N/C,Reunión,Jornadas ideación con adultos mayores 9,Virtual,Ministerio de Hábitat y Desarrollo Humano,N/C,,,"El objetivo fue idear alternativas, estrategias y soluciones potenciales que, sumado a las necesidades presentadas por los adultos mayores, ayuden a llevar una vuelta segura y organizada al espacio público. ",35,7,,,-
30/06/20,N/C,Reunión,Jornadas ideación con adultos mayores 10,Virtual,Ministerio de Hábitat y Desarrollo Humano,N/C,,,"El objetivo fue idear alternativas, estrategias y soluciones potenciales que, sumado a las necesidades presentadas por los adultos mayores, ayuden a llevar una vuelta segura y organizada al espacio público. ",23,7,,,-
01/07/20,N/C,Reunión,Jornadas ideación con adultos mayores 11,Virtual,Ministerio de Hábitat y Desarrollo Humano,N/C,,,"El objetivo fue idear alternativas, estrategias y soluciones potenciales que, sumado a las necesidades presentadas por los adultos mayores, ayuden a llevar una vuelta segura y organizada al espacio público. ",17,7,,,-
01/07/20,N/C,Reunión,Jornadas ideación con adultos mayores 12,Virtual,Ministerio de Hábitat y Desarrollo Humano,N/C,,,"El objetivo fue idear alternativas, estrategias y soluciones potenciales que, sumado a las necesidades presentadas por los adultos mayores, ayuden a llevar una vuelta segura y organizada al espacio público. ",29,5,,,-
28/07/20,N/C,Reunión co-creación,Encuentros Jornadas ideación con adultos mayores 1,Virtual,Ministerio de Hábitat y Desarrollo Humano,N/C,,,"El objetivo fue idear alternativas, estrategias y soluciones potenciales que, sumado a las necesidades presentadas por los adultos mayores, ayuden a llevar una vuelta segura y organizada al espacio público. ",223,23,,,-
28/07/20,N/C,Reunión co-creación,Encuentros Jornadas ideación con adultos mayores 2,Virtual,Ministerio de Hábitat y Desarrollo Humano,N/C,,,"El objetivo fue idear alternativas, estrategias y soluciones potenciales que, sumado a las necesidades presentadas por los adultos mayores, ayuden a llevar una vuelta segura y organizada al espacio público. ",160,32,,,-
29/07/20,N/C,Reunión co-creación,Encuentros Jornadas ideación con adultos mayores 3,Virtual,Ministerio de Hábitat y Desarrollo Humano,N/C,,,"El objetivo fue idear alternativas, estrategias y soluciones potenciales que, sumado a las necesidades presentadas por los adultos mayores, ayuden a llevar una vuelta segura y organizada al espacio público. ",144,17,,,-
29/07/20,N/C,Reunión co-creación,Encuentros Jornadas ideación con adultos mayores 4,Virtual,Ministerio de Hábitat y Desarrollo Humano,N/C,,,"El objetivo fue idear alternativas, estrategias y soluciones potenciales que, sumado a las necesidades presentadas por los adultos mayores, ayuden a llevar una vuelta segura y organizada al espacio público. ",93,17,,,-
30/07/20,N/C,Reunión co-creación,Encuentros Jornadas ideación con adultos mayores 5,Virtual,Ministerio de Hábitat y Desarrollo Humano,N/C,,,"El objetivo fue idear alternativas, estrategias y soluciones potenciales que, sumado a las necesidades presentadas por los adultos mayores, ayuden a llevar una vuelta segura y organizada al espacio público. ",159,39,,,-
30/07/20,N/C,Reunión co-creación,Encuentros Jornadas ideación con adultos mayores 6,Virtual,Ministerio de Hábitat y Desarrollo Humano,N/C,,,"El objetivo fue idear alternativas, estrategias y soluciones potenciales que, sumado a las necesidades presentadas por los adultos mayores, ayuden a llevar una vuelta segura y organizada al espacio público. ",141,33,,,-
14/10/20,N/C,Relevamiento de opinión,Mayores Cuidados 2.0 - Fase 1 diagnóstico,Virtual,Secretaría de Transformación Cultural,N/C,,Todas,Se envió un formulario de relevamiento de opinión a voluntarias y voluntarios del Programa Mayores Cuidados.,-,-,,,2776
10/11/20,N/C,Reunión,Mayores Cuidados 2.0. Fase 2. Focus group 1,Virtual,Secretaría de Transformación Cultural,N/C,,Todas,"Se realizaron encuentros virtuales con voluntarios y voluntarias del Programa Mayores Cuidados que permitieron profundizar, ampliar y enriquecer los hallazgos de la etapa cuantitativa.
Se envió un formulario de relevamiento de opinión a voluntarias y voluntarios del Programa Mayores Cuidados para conocer su experiencia.",20,3,,,-
11/11/20,N/C,Reunión,Mayores Cuidados 2.0. Fase 2. Focus group 2,Virtual,Secretaría de Transformación Cultural,N/C,,Todas,"Se realizaron encuentros virtuales con voluntarios y voluntarias del Programa Mayores Cuidados que permitieron profundizar, ampliar y enriquecer los hallazgos de la etapa cuantitativa.
Se envió un formulario de relevamiento de opinión a voluntarias y voluntarios del Programa Mayores Cuidados para conocer su experiencia.",23,4,,,-
12/11/20,N/C,Reunión,Mayores Cuidados 2.0. Fase 2. Focus group 3,Virtual,Secretaría de Transformación Cultural,N/C,,Todas,"Se realizaron encuentros virtuales con voluntarios y voluntarias del Programa Mayores Cuidados que permitieron profundizar, ampliar y enriquecer los hallazgos de la etapa cuantitativa.
Se envió un formulario de relevamiento de opinión a voluntarias y voluntarios del Programa Mayores Cuidados para conocer su experiencia.",32,5,,,-
12/11/20,N/C,Reunión,Mayores Cuidados 2.0. Fase 2. Focus group 4,Virtual,Secretaría de Transformación Cultural,N/C,,Todas,"Se realizaron encuentros virtuales con voluntarios y voluntarias del Programa Mayores Cuidados que permitieron profundizar, ampliar y enriquecer los hallazgos de la etapa cuantitativa.
Se envió un formulario de relevamiento de opinión a voluntarias y voluntarios del Programa Mayores Cuidados para conocer su experiencia.",48,7,,,-
17/11/20,N/C,Reunión,Mayores Cuidados 2.0. Fase 2. Focus group 5,Virtual,Secretaría de Transformación Cultural,N/C,,Todas,"Se realizaron encuentros virtuales con voluntarios y voluntarias del Programa Mayores Cuidados que permitieron profundizar, ampliar y enriquecer los hallazgos de la etapa cuantitativa.
Se envió un formulario de relevamiento de opinión a voluntarias y voluntarios del Programa Mayores Cuidados para conocer su experiencia.",24,5,,,-
17/11/20,N/C,Reunión,Mayores Cuidados 2.0. Fase 2. Focus group 6,Virtual,Secretaría de Transformación Cultural,N/C,,Todas,"Se realizaron encuentros virtuales con voluntarios y voluntarias del Programa Mayores Cuidados que permitieron profundizar, ampliar y enriquecer los hallazgos de la etapa cuantitativa.
Se envió un formulario de relevamiento de opinión a voluntarias y voluntarios del Programa Mayores Cuidados para conocer su experiencia.",34,1,,,
03/11/20,N/C,Reunión co-creación,Plan Urbano Ambiental. Encuentros con vecinos. C9,Virtual,Secretaría de Desarrollo Urbano (SDU),N/C,,9,"En el marco de la Ley N° 71, se establece que el organismo encargado de la formulación y actualización del Plan Urbano Ambiental será el Consejo del Plan Urbano Ambiental. 
Asimismo, la Ley N° 2.930 constituye el Plan Urbano Ambiental estipulando que los lineamientos del mismo deben ser decididos e implementados en marcos participativos que aseguren el consenso y la adecuación a las expectativas de los habitantes de la ciudad.
En ese sentido, el mentado Consejo realizó encuentros virtuales con ciudadanos y ciudadanas relativos al Plan Urbano Ambiental solicitando colaboración a la DGPCC, en el marco de sus competencias, para la realización de la convocatoria y el desarrollo de los encuentros. 
En pos de favorecer la participación ciudadana, la DGPCC diseñó en conjunto con las áreas competentes un proceso participativo para escuchar las opiniones, reflexiones e ideas de la ciudadanía  respecto de la planificación y diseño urbano a escala comunal. 
Luego de la realización del proceso participativo, se realizó un encuentro virtual en el cual se presentó la información recabada.
",166,44,,,
04/11/20,N/C,Reunión co-creación,Plan Urbano Ambiental. Encuentros con vecinos. C11,Virtual,Secretaría de Desarrollo Urbano (SDU),N/C,,11,"En el marco de la Ley N° 71, se establece que el organismo encargado de la formulación y actualización del Plan Urbano Ambiental será el Consejo del Plan Urbano Ambiental. 
Asimismo, la Ley N° 2.930 constituye el Plan Urbano Ambiental estipulando que los lineamientos del mismo deben ser decididos e implementados en marcos participativos que aseguren el consenso y la adecuación a las expectativas de los habitantes de la ciudad.
En ese sentido, el mentado Consejo realizó encuentros virtuales con ciudadanos y ciudadanas relativos al Plan Urbano Ambiental solicitando colaboración a la DGPCC, en el marco de sus competencias, para la realización de la convocatoria y el desarrollo de los encuentros. 
En pos de favorecer la participación ciudadana, la DGPCC diseñó en conjunto con las áreas competentes un proceso participativo para escuchar las opiniones, reflexiones e ideas de la ciudadanía  respecto de la planificación y diseño urbano a escala comunal. 
Luego de la realización del proceso participativo, se realizó un encuentro virtual en el cual se presentó la información recabada.
",242,51,,,
06/11/20,N/C,Reunión co-creación,"Plan Urbano Ambiental.
Encuentros con vecinos. C10",Virtual,Secretaría de Desarrollo Urbano (SDU),N/C,,10,"En el marco de la Ley N° 71, se establece que el organismo encargado de la formulación y actualización del Plan Urbano Ambiental será el Consejo del Plan Urbano Ambiental. 
Asimismo, la Ley N° 2.930 constituye el Plan Urbano Ambiental estipulando que los lineamientos del mismo deben ser decididos e implementados en marcos participativos que aseguren el consenso y la adecuación a las expectativas de los habitantes de la ciudad.
En ese sentido, el mentado Consejo realizó encuentros virtuales con ciudadanos y ciudadanas relativos al Plan Urbano Ambiental solicitando colaboración a la DGPCC, en el marco de sus competencias, para la realización de la convocatoria y el desarrollo de los encuentros. 
En pos de favorecer la participación ciudadana, la DGPCC diseñó en conjunto con las áreas competentes un proceso participativo para escuchar las opiniones, reflexiones e ideas de la ciudadanía  respecto de la planificación y diseño urbano a escala comunal. 
Luego de la realización del proceso participativo, se realizó un encuentro virtual en el cual se presentó la información recabada.
",225,69,,,
10/11/20,N/C,Reunión co-creación,"Plan Urbano Ambiental.
Encuentros con vecinos. C12",Virtual,Secretaría de Desarrollo Urbano (SDU),N/C,,12,"En el marco de la Ley N° 71, se establece que el organismo encargado de la formulación y actualización del Plan Urbano Ambiental será el Consejo del Plan Urbano Ambiental. 
Asimismo, la Ley N° 2.930 constituye el Plan Urbano Ambiental estipulando que los lineamientos del mismo deben ser decididos e implementados en marcos participativos que aseguren el consenso y la adecuación a las expectativas de los habitantes de la ciudad.
En ese sentido, el mentado Consejo realizó encuentros virtuales con ciudadanos y ciudadanas relativos al Plan Urbano Ambiental solicitando colaboración a la DGPCC, en el marco de sus competencias, para la realización de la convocatoria y el desarrollo de los encuentros. 
En pos de favorecer la participación ciudadana, la DGPCC diseñó en conjunto con las áreas competentes un proceso participativo para escuchar las opiniones, reflexiones e ideas de la ciudadanía  respecto de la planificación y diseño urbano a escala comunal. 
Luego de la realización del proceso participativo, se realizó un encuentro virtual en el cual se presentó la información recabada.
",260,80,,,
11/11/20,N/C,Reunión co-creación,Plan Urbano Ambiental. Encuentros con vecinos. C8,Virtual,Secretaría de Desarrollo Urbano (SDU),N/C,,8,"En el marco de la Ley N° 71, se establece que el organismo encargado de la formulación y actualización del Plan Urbano Ambiental será el Consejo del Plan Urbano Ambiental. 
Asimismo, la Ley N° 2.930 constituye el Plan Urbano Ambiental estipulando que los lineamientos del mismo deben ser decididos e implementados en marcos participativos que aseguren el consenso y la adecuación a las expectativas de los habitantes de la ciudad.
En ese sentido, el mentado Consejo realizó encuentros virtuales con ciudadanos y ciudadanas relativos al Plan Urbano Ambiental solicitando colaboración a la DGPCC, en el marco de sus competencias, para la realización de la convocatoria y el desarrollo de los encuentros. 
En pos de favorecer la participación ciudadana, la DGPCC diseñó en conjunto con las áreas competentes un proceso participativo para escuchar las opiniones, reflexiones e ideas de la ciudadanía  respecto de la planificación y diseño urbano a escala comunal. 
Luego de la realización del proceso participativo, se realizó un encuentro virtual en el cual se presentó la información recabada.
",162,46,,,
13/11/20,N/C,Reunión co-creación,Plan Urbano Ambiental. Encuentros con vecinos. C7,Virtual,Secretaría de Desarrollo Urbano (SDU),N/C,,7,"En el marco de la Ley N° 71, se establece que el organismo encargado de la formulación y actualización del Plan Urbano Ambiental será el Consejo del Plan Urbano Ambiental. 
Asimismo, la Ley N° 2.930 constituye el Plan Urbano Ambiental estipulando que los lineamientos del mismo deben ser decididos e implementados en marcos participativos que aseguren el consenso y la adecuación a las expectativas de los habitantes de la ciudad.
En ese sentido, el mentado Consejo realizó encuentros virtuales con ciudadanos y ciudadanas relativos al Plan Urbano Ambiental solicitando colaboración a la DGPCC, en el marco de sus competencias, para la realización de la convocatoria y el desarrollo de los encuentros. 
En pos de favorecer la participación ciudadana, la DGPCC diseñó en conjunto con las áreas competentes un proceso participativo para escuchar las opiniones, reflexiones e ideas de la ciudadanía  respecto de la planificación y diseño urbano a escala comunal. 
Luego de la realización del proceso participativo, se realizó un encuentro virtual en el cual se presentó la información recabada.
",249,83,,,
16/11/20,N/C,Reunión co-creación,"Plan Urbano Ambiental.
Encuentros con vecinos.C6",Virtual,Secretaría de Desarrollo Urbano (SDU),N/C,,6,"En el marco de la Ley N° 71, se establece que el organismo encargado de la formulación y actualización del Plan Urbano Ambiental será el Consejo del Plan Urbano Ambiental. 
Asimismo, la Ley N° 2.930 constituye el Plan Urbano Ambiental estipulando que los lineamientos del mismo deben ser decididos e implementados en marcos participativos que aseguren el consenso y la adecuación a las expectativas de los habitantes de la ciudad.
En ese sentido, el mentado Consejo realizó encuentros virtuales con ciudadanos y ciudadanas relativos al Plan Urbano Ambiental solicitando colaboración a la DGPCC, en el marco de sus competencias, para la realización de la convocatoria y el desarrollo de los encuentros. 
En pos de favorecer la participación ciudadana, la DGPCC diseñó en conjunto con las áreas competentes un proceso participativo para escuchar las opiniones, reflexiones e ideas de la ciudadanía  respecto de la planificación y diseño urbano a escala comunal. 
Luego de la realización del proceso participativo, se realizó un encuentro virtual en el cual se presentó la información recabada.
",239,105,,,
17/11/20,N/C,Reunión co-creación,"Plan Urbano Ambiental.
Encuentros con vecinos. C15",Virtual,Secretaría de Desarrollo Urbano (SDU),N/C,,15,"En el marco de la Ley N° 71, se establece que el organismo encargado de la formulación y actualización del Plan Urbano Ambiental será el Consejo del Plan Urbano Ambiental. 
Asimismo, la Ley N° 2.930 constituye el Plan Urbano Ambiental estipulando que los lineamientos del mismo deben ser decididos e implementados en marcos participativos que aseguren el consenso y la adecuación a las expectativas de los habitantes de la ciudad.
En ese sentido, el mentado Consejo realizó encuentros virtuales con ciudadanos y ciudadanas relativos al Plan Urbano Ambiental solicitando colaboración a la DGPCC, en el marco de sus competencias, para la realización de la convocatoria y el desarrollo de los encuentros. 
En pos de favorecer la participación ciudadana, la DGPCC diseñó en conjunto con las áreas competentes un proceso participativo para escuchar las opiniones, reflexiones e ideas de la ciudadanía  respecto de la planificación y diseño urbano a escala comunal. 
Luego de la realización del proceso participativo, se realizó un encuentro virtual en el cual se presentó la información recabada.
",259,70,,,
18/11/20,N/C,Reunión co-creación,"Plan Urbano Ambiental.
Encuentros con vecinos. C13",Virtual,Secretaría de Desarrollo Urbano (SDU),N/C,,13,"En el marco de la Ley N° 71, se establece que el organismo encargado de la formulación y actualización del Plan Urbano Ambiental será el Consejo del Plan Urbano Ambiental. 
Asimismo, la Ley N° 2.930 constituye el Plan Urbano Ambiental estipulando que los lineamientos del mismo deben ser decididos e implementados en marcos participativos que aseguren el consenso y la adecuación a las expectativas de los habitantes de la ciudad.
En ese sentido, el mentado Consejo realizó encuentros virtuales con ciudadanos y ciudadanas relativos al Plan Urbano Ambiental solicitando colaboración a la DGPCC, en el marco de sus competencias, para la realización de la convocatoria y el desarrollo de los encuentros. 
En pos de favorecer la participación ciudadana, la DGPCC diseñó en conjunto con las áreas competentes un proceso participativo para escuchar las opiniones, reflexiones e ideas de la ciudadanía  respecto de la planificación y diseño urbano a escala comunal. 
Luego de la realización del proceso participativo, se realizó un encuentro virtual en el cual se presentó la información recabada.
",277,94,,,
20/11/20,N/C,Reunión co-creación,Plan Urbano Ambiental. Encuentros con vecinos. C4,Virtual,Secretaría de Desarrollo Urbano (SDU),N/C,,4,"En el marco de la Ley N° 71, se establece que el organismo encargado de la formulación y actualización del Plan Urbano Ambiental será el Consejo del Plan Urbano Ambiental. 
Asimismo, la Ley N° 2.930 constituye el Plan Urbano Ambiental estipulando que los lineamientos del mismo deben ser decididos e implementados en marcos participativos que aseguren el consenso y la adecuación a las expectativas de los habitantes de la ciudad.
En ese sentido, el mentado Consejo realizó encuentros virtuales con ciudadanos y ciudadanas relativos al Plan Urbano Ambiental solicitando colaboración a la DGPCC, en el marco de sus competencias, para la realización de la convocatoria y el desarrollo de los encuentros. 
En pos de favorecer la participación ciudadana, la DGPCC diseñó en conjunto con las áreas competentes un proceso participativo para escuchar las opiniones, reflexiones e ideas de la ciudadanía  respecto de la planificación y diseño urbano a escala comunal. 
Luego de la realización del proceso participativo, se realizó un encuentro virtual en el cual se presentó la información recabada.
",242,61,,,
24/11/20,N/C,Reunión co-creación,Plan Urbano Ambiental. Encuentros con vecinos. C14,Virtual,Secretaría de Desarrollo Urbano (SDU),N/C,,14,"En el marco de la Ley N° 71, se establece que el organismo encargado de la formulación y actualización del Plan Urbano Ambiental será el Consejo del Plan Urbano Ambiental. 
Asimismo, la Ley N° 2.930 constituye el Plan Urbano Ambiental estipulando que los lineamientos del mismo deben ser decididos e implementados en marcos participativos que aseguren el consenso y la adecuación a las expectativas de los habitantes de la ciudad.
En ese sentido, el mentado Consejo realizó encuentros virtuales con ciudadanos y ciudadanas relativos al Plan Urbano Ambiental solicitando colaboración a la DGPCC, en el marco de sus competencias, para la realización de la convocatoria y el desarrollo de los encuentros. 
En pos de favorecer la participación ciudadana, la DGPCC diseñó en conjunto con las áreas competentes un proceso participativo para escuchar las opiniones, reflexiones e ideas de la ciudadanía  respecto de la planificación y diseño urbano a escala comunal. 
Luego de la realización del proceso participativo, se realizó un encuentro virtual en el cual se presentó la información recabada.
",90,41,,,
25/11/20,N/C,Reunión co-creación,Plan Urbano Ambiental. Encuentros con vecinos. C3,Virtual,Secretaría de Desarrollo Urbano (SDU),N/C,,3,"En el marco de la Ley N° 71, se establece que el organismo encargado de la formulación y actualización del Plan Urbano Ambiental será el Consejo del Plan Urbano Ambiental. 
Asimismo, la Ley N° 2.930 constituye el Plan Urbano Ambiental estipulando que los lineamientos del mismo deben ser decididos e implementados en marcos participativos que aseguren el consenso y la adecuación a las expectativas de los habitantes de la ciudad.
En ese sentido, el mentado Consejo realizó encuentros virtuales con ciudadanos y ciudadanas relativos al Plan Urbano Ambiental solicitando colaboración a la DGPCC, en el marco de sus competencias, para la realización de la convocatoria y el desarrollo de los encuentros. 
En pos de favorecer la participación ciudadana, la DGPCC diseñó en conjunto con las áreas competentes un proceso participativo para escuchar las opiniones, reflexiones e ideas de la ciudadanía  respecto de la planificación y diseño urbano a escala comunal. 
Luego de la realización del proceso participativo, se realizó un encuentro virtual en el cual se presentó la información recabada.
",116,48,,,
26/11/20,N/C,Reunión co-creación,Plan Urbano Ambiental. Encuentros con vecinos. C5,Virtual,Secretaría de Desarrollo Urbano (SDU),N/C,,5,"En el marco de la Ley N° 71, se establece que el organismo encargado de la formulación y actualización del Plan Urbano Ambiental será el Consejo del Plan Urbano Ambiental. 
Asimismo, la Ley N° 2.930 constituye el Plan Urbano Ambiental estipulando que los lineamientos del mismo deben ser decididos e implementados en marcos participativos que aseguren el consenso y la adecuación a las expectativas de los habitantes de la ciudad.
En ese sentido, el mentado Consejo realizó encuentros virtuales con ciudadanos y ciudadanas relativos al Plan Urbano Ambiental solicitando colaboración a la DGPCC, en el marco de sus competencias, para la realización de la convocatoria y el desarrollo de los encuentros. 
En pos de favorecer la participación ciudadana, la DGPCC diseñó en conjunto con las áreas competentes un proceso participativo para escuchar las opiniones, reflexiones e ideas de la ciudadanía  respecto de la planificación y diseño urbano a escala comunal. 
Luego de la realización del proceso participativo, se realizó un encuentro virtual en el cual se presentó la información recabada.
",140,63,,,
27/11/20,N/C,Reunión co-creación,Plan Urbano Ambiental. encuentros con vecinos. C2,Virtual,Secretaría de Desarrollo Urbano (SDU),N/C,,2,"En el marco de la Ley N° 71, se establece que el organismo encargado de la formulación y actualización del Plan Urbano Ambiental será el Consejo del Plan Urbano Ambiental. 
Asimismo, la Ley N° 2.930 constituye el Plan Urbano Ambiental estipulando que los lineamientos del mismo deben ser decididos e implementados en marcos participativos que aseguren el consenso y la adecuación a las expectativas de los habitantes de la ciudad.
En ese sentido, el mentado Consejo realizó encuentros virtuales con ciudadanos y ciudadanas relativos al Plan Urbano Ambiental solicitando colaboración a la DGPCC, en el marco de sus competencias, para la realización de la convocatoria y el desarrollo de los encuentros. 
En pos de favorecer la participación ciudadana, la DGPCC diseñó en conjunto con las áreas competentes un proceso participativo para escuchar las opiniones, reflexiones e ideas de la ciudadanía  respecto de la planificación y diseño urbano a escala comunal. 
Luego de la realización del proceso participativo, se realizó un encuentro virtual en el cual se presentó la información recabada.
",150,60,,,
30/11/20,N/C,Reunión co-creación,Plan Urbano Ambiental. Encuentros con vecinos. C1,Virtual,Secretaría de Desarrollo Urbano (SDU),N/C,Av. del Libertador y John Fitzgerald Kennedy/ Av Díaz Velez y Campichuelo,1,"En el marco de la Ley N° 71, se establece que el organismo encargado de la formulación y actualización del Plan Urbano Ambiental será el Consejo del Plan Urbano Ambiental. 
Asimismo, la Ley N° 2.930 constituye el Plan Urbano Ambiental estipulando que los lineamientos del mismo deben ser decididos e implementados en marcos participativos que aseguren el consenso y la adecuación a las expectativas de los habitantes de la ciudad.
En ese sentido, el mentado Consejo realizó encuentros virtuales con ciudadanos y ciudadanas relativos al Plan Urbano Ambiental solicitando colaboración a la DGPCC, en el marco de sus competencias, para la realización de la convocatoria y el desarrollo de los encuentros. 
En pos de favorecer la participación ciudadana, la DGPCC diseñó en conjunto con las áreas competentes un proceso participativo para escuchar las opiniones, reflexiones e ideas de la ciudadanía  respecto de la planificación y diseño urbano a escala comunal. 
Luego de la realización del proceso participativo, se realizó un encuentro virtual en el cual se presentó la información recabada.
",211,78,,,
18/07/20,N/C,Reunión co-creación,Piloto de Urbanismo Táctico,Virtual,Ministerio de Cultura,N/C,,Todas,El objetivo de los encuentros virtuales fue generar un espacio de escucha para que los/as ciudadanos/as puedan expresar sus ideas y sugerencias respecto a la puesta en valor del bajo autopista Defensa.,102,26,,,
15/09/20,N/C,Reunión co-creación,Piloto de Urbanismo Táctico II,Virtual,Ministerio de Cultura,N/C,,Todas,El objetivo de los encuentros virtuales fue generar un espacio de escucha para que los/as ciudadanos/as puedan expresar sus ideas y sugerencias respecto a la puesta en valor del bajo autopista Defensa.,240,59,,,
12/11/20,N/C,Reunión co-creación,Piloto de Urbanismo Táctico III,Virtual,Ministerio de Cultura,N/C,,Todas,El objetivo de los encuentros virtuales fue generar un espacio de escucha para que los/as ciudadanos/as puedan expresar sus ideas y sugerencias respecto a la puesta en valor del bajo autopista Defensa.,92,20,,,
10/11/20,N/C,Votación,"Concurso Escuelas Verdes - Mi árbol, un mural",Virtual,Secretaria de Gestión Comunal,N/C,,Todas,"La Dirección General Arbolado dependiente de la  Subsecretaría de Gestión Comunal y la Subsecretaría de Tecnología Educativa y Sustentabilidad del Ministerio de Educación convocaron a niños/as de 4 y 5 años de nivel inicial y primer ciclo del nivel primario de escuelas de gestión estatal y privada en todas sus modalidades, de la Ciudad Autónoma de Buenos Aires, a los fines de realizar una campaña de concientización desde la escuela hacia la comunidad sobre la importancia del cuidado del arbolado.
En ese sentido, los/as niños/as realizaron dibujos de árboles que fueron evaluados por un jurado elegido por las áreas mencionadas anteriormente. Luego de esta evaluación, seleccionaron 3 dibujos que fueron sometidos a votación del público por medio de la página web de Participación Ciudadana. La pieza gráfica que mayor cantidad de votos recibió se consagró como la favorita.
",,,2373,"Dibujo 1: 1051
Dibujo 2: 309
Dibujo 3: 1013",
03/09/20,N/C,Votación,Votación Rejas en Plaza Benjamín Vicuña Mackenna,Virtual,Comuna 12,N/C,,12,"El objetivo fue generar un espacio de participación en el cual los ciudadanos y las ciudadanas puedan expresar si están de acuerdo o no con el enrejado de protección de la plaza Benjamín Vicuña Mackenna, ubicada en el barrio de Saavedra (Comuna 12).",,,"1,821","NO: 774
SI: 1048",
11/11/20,N/C,Votación,Ciudad Emergente,Virtual,Ministerio de Cultura,N/C,,,"La Dirección General de Festivales y Eventos Centrales del Ministerio de Cultura organizó el evento denominado “Ciudad Emergente, Cultura Rock: Experiencia Emergente.
Un comité elegido por el organizador seleccionó a 48 participantes para formar parte de la experiencia y, a través de la página web de Participación Ciudadana se abrió una votación para que la ciudadanía elija a otros dos participantes para formar la nómina final de 50 participantes.
",,,56177,"Primer puesto: “Todos los martes”: 21.205 votos.
Segundo puesto: “Maniquíes caminantes”: 13.496 votos.",
15/09/20,N/C,Reunión,Plataforma de carbono: mesas de diagnóstico e ideación,Virtual,Jefatura de Gobierno,N/C,,Todas,El objetivo fue escuchar y obtener ideas e iniciativas para el cuidado del ambiente y para la mitigación del cambio climático sugeridas por los/las vecinos/as que sirvan como insumo para nutrir la Plataforma de Carbono Neutral.,70,20,,,
16/09/20,N/C,Reunión,Plataforma de carbono: mesas de diagnóstico e ideación,Virtual,Jefatura de Gobierno,N/C,,Todas,El objetivo fue escuchar y obtener ideas e iniciativas para el cuidado del ambiente y para la mitigación del cambio climático sugeridas por los/las vecinos/as que sirvan como insumo para nutrir la Plataforma de Carbono Neutral.,146,45,,,
17/09/20,N/C,Reunión,Plataforma de carbono: mesas de diagnóstico e ideación,Virtual,Jefatura de Gobierno,N/C,,Todas,El objetivo fue escuchar y obtener ideas e iniciativas para el cuidado del ambiente y para la mitigación del cambio climático sugeridas por los/las vecinos/as que sirvan como insumo para nutrir la Plataforma de Carbono Neutral.,120,20,,,
18/09/20,N/C,Reunión,Plataforma de carbono: mesas de diagnóstico e ideación,Virtual,Jefatura de Gobierno,N/C,,Todas,El objetivo fue escuchar y obtener ideas e iniciativas para el cuidado del ambiente y para la mitigación del cambio climático sugeridas por los/las vecinos/as que sirvan como insumo para nutrir la Plataforma de Carbono Neutral.,179,49,,,
13/10/20,N/C,Reunión co-creación,Plataforma de carbono: mesas de prototipado,Virtual,Jefatura de Gobierno,N/C,,Todas,El objetivo fue escuchar y obtener ideas e iniciativas para el cuidado del ambiente y para la mitigación del cambio climático sugeridas por los/las vecinos/as que sirvan como insumo para nutrir la Plataforma de Carbono Neutral.,666,100,,,
14/10/20,N/C,Reunión co-creación,Plataforma de carbono: mesas de prototipado,Virtual,Jefatura de Gobierno,N/C,,Todas,El objetivo fue escuchar y obtener ideas e iniciativas para el cuidado del ambiente y para la mitigación del cambio climático sugeridas por los/las vecinos/as que sirvan como insumo para nutrir la Plataforma de Carbono Neutral.,637,120,,,
15/10/20,N/C,Reunión co-creación,Plataforma de carbono: mesas de prototipado,Virtual,Jefatura de Gobierno,N/C,,Todas,El objetivo fue escuchar y obtener ideas e iniciativas para el cuidado del ambiente y para la mitigación del cambio climático sugeridas por los/las vecinos/as que sirvan como insumo para nutrir la Plataforma de Carbono Neutral.,537,109,,,
16/10/20,N/C,Reunión co-creación,Plataforma de carbono: mesas de prototipado,Virtual,Jefatura de Gobierno,N/C,,Todas,El objetivo fue escuchar y obtener ideas e iniciativas para el cuidado del ambiente y para la mitigación del cambio climático sugeridas por los/las vecinos/as que sirvan como insumo para nutrir la Plataforma de Carbono Neutral.,504,89,,,
28/11/20,N/C,Reunión co-creación,Plataforma de Cambio Climático: Hackathon,Virtual,Ministerio de Ambiente y Espacio Público,N/C,,Todas,"El objetivo fue prototipar la parte lúdica de la Plataforma de Cambio Climático,  teniendo como base las iniciativas verdes surgidas en la primera instancia. Para esto, se llevó a cabo una hackatón (entendida como un espacio de co-creación de productos digitales) con el público de gamers, vecinos/as interesados/as en la temática y estudiantes universitarios/as.",169,17,,,
12/11/20,N/C,Reunión,Escuelas Verdes - Taller participativo de Reutilización 1,Virtual,Ministerio de Educación,N/C,,Todas,"En el contexto de la realización del mes de la niñez por parte de Participación Ciudadana y la celebración de los 10 años de Escuelas Verdes, realizamos talleres de reutilización con una dinámica lúdica donde se crearon juegos, juguetes e instrumentos musicales con elementos reutilizables. ",154,32,,,
19/11/20,N/C,Reunión,Escuelas Verdes - Taller participativo de Reutilización 2,Virtual,Ministerio de Educación,N/C,,Todas,"En el contexto de la realización del mes de la niñez por parte de Participación Ciudadana y la celebración de los 10 años de Escuelas Verdes, realizamos talleres de reutilización con una dinámica lúdica donde se crearon juegos, juguetes e instrumentos musicales con elementos reutilizables. ",206,50,,,
26/11/20,N/C,Reunión,Escuelas Verdes - Taller participativo de Reutilización 3,Virtual,Ministerio de Educación,N/C,,Todas,"En el contexto de la realización del mes de la niñez por parte de Participación Ciudadana y la celebración de los 10 años de Escuelas Verdes, realizamos talleres de reutilización con una dinámica lúdica donde se crearon juegos, juguetes e instrumentos musicales con elementos reutilizables. ",170,50,,,
25/09/20,N/C,Reunión,BADA Foro,Virtual,,N/C,,Todas,Su objetivo fue conocer las opiniones del segmento joven de la Ciudad para colaborar en el diagnóstico y posterior ajuste de los proyectos y políticas públicas que lleva adelante el área de Transformación Cultural con este segmento de la población.,,4,,,
17/09/20,N/C,Reunión,Jornada Carrera Docente 1,Virtual,Ministerio de Educación,N/C,,Todas,"El objetivo fue desarrollar un proceso participativo para escuchar las inquietudes y necesidades de los y las docentes respecto de su formación y desarrollo profesional. Previamente, la Subsecretaría de Carrera Docente realizó encuestas telefónicas donde consultaron sobre las aspiraciones profesionales de los y las docentes y su posición respecto a los alcances de su carrera. Se invitó a los y las docentes a participar en encuentros virtuales realizados con la colaboración de la DGPCC.",21,30,,,
17/09/20,N/C,Reunión,Jornada Carrera Docente 2,Virtual,Ministerio de Educación,N/C,,Todas,"El objetivo fue desarrollar un proceso participativo para escuchar las inquietudes y necesidades de los y las docentes respecto de su formación y desarrollo profesional. Previamente, la Subsecretaría de Carrera Docente realizó encuestas telefónicas donde consultaron sobre las aspiraciones profesionales de los y las docentes y su posición respecto a los alcances de su carrera. Se invitó a los y las docentes a participar en encuentros virtuales realizados con la colaboración de la DGPCC.",15,10,,,
18/09/20,N/C,Reunión,Jornada Carrera Docente 3,Virtual,Ministerio de Educación,N/C,,Todas,"El objetivo fue desarrollar un proceso participativo para escuchar las inquietudes y necesidades de los y las docentes respecto de su formación y desarrollo profesional. Previamente, la Subsecretaría de Carrera Docente realizó encuestas telefónicas donde consultaron sobre las aspiraciones profesionales de los y las docentes y su posición respecto a los alcances de su carrera. Se invitó a los y las docentes a participar en encuentros virtuales realizados con la colaboración de la DGPCC.",24,15,,,
18/09/20,N/C,Reunión,Jornada Carrera Docente 4,Virtual,Ministerio de Educación,N/C,,Todas,"El objetivo fue desarrollar un proceso participativo para escuchar las inquietudes y necesidades de los y las docentes respecto de su formación y desarrollo profesional. Previamente, la Subsecretaría de Carrera Docente realizó encuestas telefónicas donde consultaron sobre las aspiraciones profesionales de los y las docentes y su posición respecto a los alcances de su carrera. Se invitó a los y las docentes a participar en encuentros virtuales realizados con la colaboración de la DGPCC.",22,5,,,
21/09/20,N/C,Reunión,Jornada Carrera Docente 5,Virtual,Ministerio de Educación,N/C,,Todas,"El objetivo fue desarrollar un proceso participativo para escuchar las inquietudes y necesidades de los y las docentes respecto de su formación y desarrollo profesional. Previamente, la Subsecretaría de Carrera Docente realizó encuestas telefónicas donde consultaron sobre las aspiraciones profesionales de los y las docentes y su posición respecto a los alcances de su carrera. Se invitó a los y las docentes a participar en encuentros virtuales realizados con la colaboración de la DGPCC.",19,13,,,
21/09/20,N/C,Reunión,Jornada Carrera Docente 6,Virtual,Ministerio de Educación,N/C,,Todas,"El objetivo fue desarrollar un proceso participativo para escuchar las inquietudes y necesidades de los y las docentes respecto de su formación y desarrollo profesional. Previamente, la Subsecretaría de Carrera Docente realizó encuestas telefónicas donde consultaron sobre las aspiraciones profesionales de los y las docentes y su posición respecto a los alcances de su carrera. Se invitó a los y las docentes a participar en encuentros virtuales realizados con la colaboración de la DGPCC.",28,8,,,
22/09/20,N/C,Reunión,Jornada Carrera Docente 7,Virtual,Ministerio de Educación,N/C,,Todas,"El objetivo fue desarrollar un proceso participativo para escuchar las inquietudes y necesidades de los y las docentes respecto de su formación y desarrollo profesional. Previamente, la Subsecretaría de Carrera Docente realizó encuestas telefónicas donde consultaron sobre las aspiraciones profesionales de los y las docentes y su posición respecto a los alcances de su carrera. Se invitó a los y las docentes a participar en encuentros virtuales realizados con la colaboración de la DGPCC.",24,16,,,
22/09/20,N/C,Reunión,Jornada Carrera Docente 8,Virtual,Ministerio de Educación,N/C,,Todas,"El objetivo fue desarrollar un proceso participativo para escuchar las inquietudes y necesidades de los y las docentes respecto de su formación y desarrollo profesional. Previamente, la Subsecretaría de Carrera Docente realizó encuestas telefónicas donde consultaron sobre las aspiraciones profesionales de los y las docentes y su posición respecto a los alcances de su carrera. Se invitó a los y las docentes a participar en encuentros virtuales realizados con la colaboración de la DGPCC.",68,15,,,
23/09/20,N/C,Reunión,Jornada Carrera Docente 9,Virtual,Ministerio de Educación,N/C,,Todas,"El objetivo fue desarrollar un proceso participativo para escuchar las inquietudes y necesidades de los y las docentes respecto de su formación y desarrollo profesional. Previamente, la Subsecretaría de Carrera Docente realizó encuestas telefónicas donde consultaron sobre las aspiraciones profesionales de los y las docentes y su posición respecto a los alcances de su carrera. Se invitó a los y las docentes a participar en encuentros virtuales realizados con la colaboración de la DGPCC.",36,17,,,
23/09/20,N/C,Reunión,Jornada Carrera Docente 10,Virtual,Ministerio de Educación,N/C,,Todas,"El objetivo fue desarrollar un proceso participativo para escuchar las inquietudes y necesidades de los y las docentes respecto de su formación y desarrollo profesional. Previamente, la Subsecretaría de Carrera Docente realizó encuestas telefónicas donde consultaron sobre las aspiraciones profesionales de los y las docentes y su posición respecto a los alcances de su carrera. Se invitó a los y las docentes a participar en encuentros virtuales realizados con la colaboración de la DGPCC.",19,8,,,
24/09/20,N/C,Reunión,Jornada Carrera Docente 11,Virtual,Ministerio de Educación,N/C,,Todas,"El objetivo fue desarrollar un proceso participativo para escuchar las inquietudes y necesidades de los y las docentes respecto de su formación y desarrollo profesional. Previamente, la Subsecretaría de Carrera Docente realizó encuestas telefónicas donde consultaron sobre las aspiraciones profesionales de los y las docentes y su posición respecto a los alcances de su carrera. Se invitó a los y las docentes a participar en encuentros virtuales realizados con la colaboración de la DGPCC.",55,32,,,
24/09/20,N/C,Reunión,Jornada Carrera Docente 12,Virtual,Ministerio de Educación,N/C,,Todas,"El objetivo fue desarrollar un proceso participativo para escuchar las inquietudes y necesidades de los y las docentes respecto de su formación y desarrollo profesional. Previamente, la Subsecretaría de Carrera Docente realizó encuestas telefónicas donde consultaron sobre las aspiraciones profesionales de los y las docentes y su posición respecto a los alcances de su carrera. Se invitó a los y las docentes a participar en encuentros virtuales realizados con la colaboración de la DGPCC.",30,20,,,
25/09/20,N/C,Reunión,Jornada Carrera Docente 13,Virtual,Ministerio de Educación,N/C,,Todas,"El objetivo fue desarrollar un proceso participativo para escuchar las inquietudes y necesidades de los y las docentes respecto de su formación y desarrollo profesional. Previamente, la Subsecretaría de Carrera Docente realizó encuestas telefónicas donde consultaron sobre las aspiraciones profesionales de los y las docentes y su posición respecto a los alcances de su carrera. Se invitó a los y las docentes a participar en encuentros virtuales realizados con la colaboración de la DGPCC.",35,17,,,
25/09/20,N/C,Reunión,Jornada Carrera Docente 14,Virtual,Ministerio de Educación,N/C,,Todas,"El objetivo fue desarrollar un proceso participativo para escuchar las inquietudes y necesidades de los y las docentes respecto de su formación y desarrollo profesional. Previamente, la Subsecretaría de Carrera Docente realizó encuestas telefónicas donde consultaron sobre las aspiraciones profesionales de los y las docentes y su posición respecto a los alcances de su carrera. Se invitó a los y las docentes a participar en encuentros virtuales realizados con la colaboración de la DGPCC.",22,9,,,
28/09/20,N/C,Reunión,Jornada Carrera Docente 15,Virtual,Ministerio de Educación,N/C,,Todas,"El objetivo fue desarrollar un proceso participativo para escuchar las inquietudes y necesidades de los y las docentes respecto de su formación y desarrollo profesional. Previamente, la Subsecretaría de Carrera Docente realizó encuestas telefónicas donde consultaron sobre las aspiraciones profesionales de los y las docentes y su posición respecto a los alcances de su carrera. Se invitó a los y las docentes a participar en encuentros virtuales realizados con la colaboración de la DGPCC.",112,34,,,
28/09/20,N/C,Reunión,Jornada Carrera Docente 16,Virtual,Ministerio de Educación,N/C,,Todas,"El objetivo fue desarrollar un proceso participativo para escuchar las inquietudes y necesidades de los y las docentes respecto de su formación y desarrollo profesional. Previamente, la Subsecretaría de Carrera Docente realizó encuestas telefónicas donde consultaron sobre las aspiraciones profesionales de los y las docentes y su posición respecto a los alcances de su carrera. Se invitó a los y las docentes a participar en encuentros virtuales realizados con la colaboración de la DGPCC.",78,20,,,
30/09/20,N/C,Reunión,Jornada Carrera Docente 17,Virtual,Ministerio de Educación,N/C,,Todas,"El objetivo fue desarrollar un proceso participativo para escuchar las inquietudes y necesidades de los y las docentes respecto de su formación y desarrollo profesional. Previamente, la Subsecretaría de Carrera Docente realizó encuestas telefónicas donde consultaron sobre las aspiraciones profesionales de los y las docentes y su posición respecto a los alcances de su carrera. Se invitó a los y las docentes a participar en encuentros virtuales realizados con la colaboración de la DGPCC.",9,20,,,
01/10/20,N/C,Reunión,Jornada Carrera Docente 18,Virtual,Ministerio de Educación,N/C,,Todas,"El objetivo fue desarrollar un proceso participativo para escuchar las inquietudes y necesidades de los y las docentes respecto de su formación y desarrollo profesional. Previamente, la Subsecretaría de Carrera Docente realizó encuestas telefónicas donde consultaron sobre las aspiraciones profesionales de los y las docentes y su posición respecto a los alcances de su carrera. Se invitó a los y las docentes a participar en encuentros virtuales realizados con la colaboración de la DGPCC.",29,6,,,
02/10/20,N/C,Reunión,Jornada Carrera Docente 19,Virtual,Ministerio de Educación,N/C,,Todas,"El objetivo fue desarrollar un proceso participativo para escuchar las inquietudes y necesidades de los y las docentes respecto de su formación y desarrollo profesional. Previamente, la Subsecretaría de Carrera Docente realizó encuestas telefónicas donde consultaron sobre las aspiraciones profesionales de los y las docentes y su posición respecto a los alcances de su carrera. Se invitó a los y las docentes a participar en encuentros virtuales realizados con la colaboración de la DGPCC.",56,14,,,
06/10/20,N/C,Reunión,Jornada Carrera Docente 20,Virtual,Ministerio de Educación,N/C,,Todas,"El objetivo fue desarrollar un proceso participativo para escuchar las inquietudes y necesidades de los y las docentes respecto de su formación y desarrollo profesional. Previamente, la Subsecretaría de Carrera Docente realizó encuestas telefónicas donde consultaron sobre las aspiraciones profesionales de los y las docentes y su posición respecto a los alcances de su carrera. Se invitó a los y las docentes a participar en encuentros virtuales realizados con la colaboración de la DGPCC.",28,10,,,
07/10/20,N/C,Reunión,Jornada Carrera Docente 21,Virtual,Ministerio de Educación,N/C,,Todas,"El objetivo fue desarrollar un proceso participativo para escuchar las inquietudes y necesidades de los y las docentes respecto de su formación y desarrollo profesional. Previamente, la Subsecretaría de Carrera Docente realizó encuestas telefónicas donde consultaron sobre las aspiraciones profesionales de los y las docentes y su posición respecto a los alcances de su carrera. Se invitó a los y las docentes a participar en encuentros virtuales realizados con la colaboración de la DGPCC.",35,10,,,
09/10/20,N/C,Reunión,Jornada Carrera Docente 22,Virtual,Ministerio de Educación,N/C,,Todas,"El objetivo fue desarrollar un proceso participativo para escuchar las inquietudes y necesidades de los y las docentes respecto de su formación y desarrollo profesional. Previamente, la Subsecretaría de Carrera Docente realizó encuestas telefónicas donde consultaron sobre las aspiraciones profesionales de los y las docentes y su posición respecto a los alcances de su carrera. Se invitó a los y las docentes a participar en encuentros virtuales realizados con la colaboración de la DGPCC.",58,18,,,
13/10/20,N/C,Reunión,Jornada Carrera Docente 23,Virtual,Ministerio de Educación,N/C,,Todas,"El objetivo fue desarrollar un proceso participativo para escuchar las inquietudes y necesidades de los y las docentes respecto de su formación y desarrollo profesional. Previamente, la Subsecretaría de Carrera Docente realizó encuestas telefónicas donde consultaron sobre las aspiraciones profesionales de los y las docentes y su posición respecto a los alcances de su carrera. Se invitó a los y las docentes a participar en encuentros virtuales realizados con la colaboración de la DGPCC.",32,10,,,
14/10/20,N/C,Reunión,Jornada Carrera Docente 24,Virtual,Ministerio de Educación,N/C,,Todas,"El objetivo fue desarrollar un proceso participativo para escuchar las inquietudes y necesidades de los y las docentes respecto de su formación y desarrollo profesional. Previamente, la Subsecretaría de Carrera Docente realizó encuestas telefónicas donde consultaron sobre las aspiraciones profesionales de los y las docentes y su posición respecto a los alcances de su carrera. Se invitó a los y las docentes a participar en encuentros virtuales realizados con la colaboración de la DGPCC.",52,21,,,
16/10/20,N/C,Reunión,Jornada Carrera Docente 25,Virtual,Ministerio de Educación,N/C,,Todas,"El objetivo fue desarrollar un proceso participativo para escuchar las inquietudes y necesidades de los y las docentes respecto de su formación y desarrollo profesional. Previamente, la Subsecretaría de Carrera Docente realizó encuestas telefónicas donde consultaron sobre las aspiraciones profesionales de los y las docentes y su posición respecto a los alcances de su carrera. Se invitó a los y las docentes a participar en encuentros virtuales realizados con la colaboración de la DGPCC.",60,19,,,
20/10/20,N/C,Reunión,Jornada Carrera Docente 26,Virtual,Ministerio de Educación,N/C,,Todas,"El objetivo fue desarrollar un proceso participativo para escuchar las inquietudes y necesidades de los y las docentes respecto de su formación y desarrollo profesional. Previamente, la Subsecretaría de Carrera Docente realizó encuestas telefónicas donde consultaron sobre las aspiraciones profesionales de los y las docentes y su posición respecto a los alcances de su carrera. Se invitó a los y las docentes a participar en encuentros virtuales realizados con la colaboración de la DGPCC.",38,16,,,
21/10/20,N/C,Reunión,Jornada Carrera Docente 27,Virtual,Ministerio de Educación,N/C,,Todas,"El objetivo fue desarrollar un proceso participativo para escuchar las inquietudes y necesidades de los y las docentes respecto de su formación y desarrollo profesional. Previamente, la Subsecretaría de Carrera Docente realizó encuestas telefónicas donde consultaron sobre las aspiraciones profesionales de los y las docentes y su posición respecto a los alcances de su carrera. Se invitó a los y las docentes a participar en encuentros virtuales realizados con la colaboración de la DGPCC.",41,18,,,
23/10/20,N/C,Reunión,Jornada Carrera Docente 28,Virtual,Ministerio de Educación,N/C,,Todas,"El objetivo fue desarrollar un proceso participativo para escuchar las inquietudes y necesidades de los y las docentes respecto de su formación y desarrollo profesional. Previamente, la Subsecretaría de Carrera Docente realizó encuestas telefónicas donde consultaron sobre las aspiraciones profesionales de los y las docentes y su posición respecto a los alcances de su carrera. Se invitó a los y las docentes a participar en encuentros virtuales realizados con la colaboración de la DGPCC.",44,21,,,
27/10/20,N/C,Reunión,Jornada Carrera Docente 29,Virtual,Ministerio de Educación,N/C,,Todas,"El objetivo fue desarrollar un proceso participativo para escuchar las inquietudes y necesidades de los y las docentes respecto de su formación y desarrollo profesional. Previamente, la Subsecretaría de Carrera Docente realizó encuestas telefónicas donde consultaron sobre las aspiraciones profesionales de los y las docentes y su posición respecto a los alcances de su carrera. Se invitó a los y las docentes a participar en encuentros virtuales realizados con la colaboración de la DGPCC.",40,20,,,
28/10/20,N/C,Reunión,Jornada Carrera Docente 30,Virtual,Ministerio de Educación,N/C,,Todas,"El objetivo fue desarrollar un proceso participativo para escuchar las inquietudes y necesidades de los y las docentes respecto de su formación y desarrollo profesional. Previamente, la Subsecretaría de Carrera Docente realizó encuestas telefónicas donde consultaron sobre las aspiraciones profesionales de los y las docentes y su posición respecto a los alcances de su carrera. Se invitó a los y las docentes a participar en encuentros virtuales realizados con la colaboración de la DGPCC.",37,18,,,
29/10/20,N/C,Reunión,Jornada Carrera Docente 31,Virtual,Ministerio de Educación,N/C,,Todas,"El objetivo fue desarrollar un proceso participativo para escuchar las inquietudes y necesidades de los y las docentes respecto de su formación y desarrollo profesional. Previamente, la Subsecretaría de Carrera Docente realizó encuestas telefónicas donde consultaron sobre las aspiraciones profesionales de los y las docentes y su posición respecto a los alcances de su carrera. Se invitó a los y las docentes a participar en encuentros virtuales realizados con la colaboración de la DGPCC.",43,23,,,
30/10/20,N/C,Reunión,Jornada Carrera Docente 32,Virtual,Ministerio de Educación,N/C,,Todas,"El objetivo fue desarrollar un proceso participativo para escuchar las inquietudes y necesidades de los y las docentes respecto de su formación y desarrollo profesional. Previamente, la Subsecretaría de Carrera Docente realizó encuestas telefónicas donde consultaron sobre las aspiraciones profesionales de los y las docentes y su posición respecto a los alcances de su carrera. Se invitó a los y las docentes a participar en encuentros virtuales realizados con la colaboración de la DGPCC.",44,27,,,
03/11/20,N/C,Reunión,Jornada Carrera Docente 33,Virtual,Ministerio de Educación,N/C,,Todas,"El objetivo fue desarrollar un proceso participativo para escuchar las inquietudes y necesidades de los y las docentes respecto de su formación y desarrollo profesional. Previamente, la Subsecretaría de Carrera Docente realizó encuestas telefónicas donde consultaron sobre las aspiraciones profesionales de los y las docentes y su posición respecto a los alcances de su carrera. Se invitó a los y las docentes a participar en encuentros virtuales realizados con la colaboración de la DGPCC.",46,21,,,
05/11/20,N/C,Reunión,Jornada Carrera Docente 34,Virtual,Ministerio de Educación,N/C,,Todas,"El objetivo fue desarrollar un proceso participativo para escuchar las inquietudes y necesidades de los y las docentes respecto de su formación y desarrollo profesional. Previamente, la Subsecretaría de Carrera Docente realizó encuestas telefónicas donde consultaron sobre las aspiraciones profesionales de los y las docentes y su posición respecto a los alcances de su carrera. Se invitó a los y las docentes a participar en encuentros virtuales realizados con la colaboración de la DGPCC.",46,12,,,
18/09/20,N/C,Voluntariado,Voluntarios Concientizadores,Virtual y presencial,Secretaria de Gestión Comunal,N/C,Av. del Libertador y John Fitzgerald Kennedy,14,Su objetivo fue que los ciudadanos y ciudadanas participen como concientizadores comunicando las medidas de prevención y protocolos sanitarios en el marco de la situación epidemiológica,22,8,,,
18/10/20,N/C,Voluntariado,Voluntarios ConcientizadoresC7,Virtual y presencial,Secretaría de Transformación Cultural,N/C,Asamblea y Emilio Mitre,12,Su objetivo fue que los ciudadanos y ciudadanas participen como concientizadores comunicando las medidas de prevención y protocolos sanitarios en el marco de la situación epidemiológica,7,1,,,
18/10/20,N/C,Voluntariado,Voluntarios ConcientizadoresC12,Virtual y presencial,Secretaría de Transformación Cultural,N/C,Av Garcia del Río y Conde,4,Su objetivo fue que los ciudadanos y ciudadanas participen como concientizadores comunicando las medidas de prevención y protocolos sanitarios en el marco de la situación epidemiológica,4,1,,,
24/10/20,N/C,Voluntariado,Voluntarios ConcientizadoresC4,Virtual y presencial,Secretaría de Transformación Cultural,N/C,Av Caseros y Monteagudo,13,Su objetivo fue que los ciudadanos y ciudadanas participen como concientizadores comunicando las medidas de prevención y protocolos sanitarios en el marco de la situación epidemiológica,8,4,,,
24/10/20,N/C,Voluntariado,Voluntarios ConcientizadoresC13,Virtual y presencial,Secretaría de Transformación Cultural,N/C,Juramento y Virrey Vertiz,9,Su objetivo fue que los ciudadanos y ciudadanas participen como concientizadores comunicando las medidas de prevención y protocolos sanitarios en el marco de la situación epidemiológica,8,4,,,
31/10/20,N/C,Voluntariado,Voluntarios ConcientizadoresC1,Virtual y presencial,Secretaría de Transformación Cultural,N/C,,2,Su objetivo fue que los ciudadanos y ciudadanas participen como concientizadores comunicando las medidas de prevención y protocolos sanitarios en el marco de la situación epidemiológica,18,1,,,
31/10/20,N/C,Voluntariado,Voluntarios ConcientizadoresC2,Virtual y presencial,Secretaría de Transformación Cultural,N/C,,5,Su objetivo fue que los ciudadanos y ciudadanas participen como concientizadores comunicando las medidas de prevención y protocolos sanitarios en el marco de la situación epidemiológica,8,2,,,
01/11/20,N/C,Voluntariado,Voluntarios ConcientizadoresC5,Virtual y presencial,Secretaría de Transformación Cultural,N/C,,5,Su objetivo fue que los ciudadanos y ciudadanas participen como concientizadores comunicando las medidas de prevención y protocolos sanitarios en el marco de la situación epidemiológica,10,3,,,
01/11/20,N/C,Voluntariado,Voluntarios ConcientizadoresC11,Virtual,Secretaría de Transformación Cultural,N/C,,-,Su objetivo fue que los ciudadanos y ciudadanas participen como concientizadores comunicando las medidas de prevención y protocolos sanitarios en el marco de la situación epidemiológica,6,1,,,
07/11/20,N/C,Evento,Voluntarios ConcientizadoresC14,Presencial,Secretaría de Transformación Cultural,N/C,,14,Su objetivo fue que los ciudadanos y ciudadanas participen como concientizadores comunicando las medidas de prevención y protocolos sanitarios en el marco de la situación epidemiológica,5,0,,,
07/11/20,N/C,Evento,Voluntarios ConcientizadoresC6,Presencial,Secretaría de Transformación Cultural,N/C,Av Díaz Velez y Campichelo,6,Su objetivo fue que los ciudadanos y ciudadanas participen como concientizadores comunicando las medidas de prevención y protocolos sanitarios en el marco de la situación epidemiológica,3,0,,,
08/11/20,N/C,Evento,Voluntarios ConcientizadoresC9 y C10,Presencial,Secretaría de Transformación Cultural,N/C,Av Lacarra y Remedios y Av Rivadavia y Corvalán,9,Su objetivo fue que los ciudadanos y ciudadanas participen como concientizadores comunicando las medidas de prevención y protocolos sanitarios en el marco de la situación epidemiológica,6,4,,,
30/09/20,N/C,Reunión,Foro de Lucha frente al Cambio Climático PACC,Virtual,Secretaria de Ambiente,N/C,,Todas,El objetivo en esta edición del Foro fue presentar las principales líneas de acción del Plan de Acción Climática 2050 de la Ciudad. La participación estuvo dirigida a que los presentes ponderen las acciones compartidas y manifiesten sus compromisos con las mismas.,799,102,,,
14/10/20,N/C,Votación,Votación de rejas en Plaza Almagro,Virtual,Comuna 5,N/C,Sarmiento y Bulnes,5,"El objetivo fue generar un espacio de participación en el cual la cuidadanía exprese si están de acuerdo o no con quitar el enrejado de protección de la Plaza Almagro, ubicada en el barrio de Almagro (Comuna 5).",,,4112,"NO: 2186
SI: 1926",
14/11/20,N/C,Evento,Mes de la Niñez. Zoompamento,Virtual,Subsecretaría de Gestión Comunal,N/C,,Todas,"Con el objetivo de seguir abriendo canales de participación activa para niños y niñas de la Ciudad, se los invitó a vivir una noche de campamento de forma virtual.","1,768",546,,,
17/11/20,N/C,Experiencia,Mes de la Niñez. Talleres abiertos de espacio público y juego 7 a 9 años,Virtual,Secretaría de Desarrollo Urbano (SDU),N/C,,Todas,"Se realizó un  encuentro virtual con niños y niñas, con el objetivo de idear junto a ellos y ellas las nuevas adaptaciones a los espacios públicos, nueva normalidad y convivencia. Fomentando la integración de los niños y niñas como actores activos en la construcción de la vida urbana. Se realizaron dos talleres segmentados por franjas etarias: uno de 7 a 9 años y otro de 10 a 12 años.",114,30,,,
18/11/20,N/C,Reunión co-creación,Mes de la Niñez. Talleres abiertos de espacio público y juego 10 a 12 años,Presencial,Subsecretaría de Gestión Cultural,N/C,,Todas,"Se realizó un  encuentro virtual con niños y niñas, con el objetivo de idear junto a ellos y ellas las nuevas adaptaciones a los espacios públicos, nueva normalidad y convivencia. Fomentando la integración de los niños y niñas como actores activos en la construcción de la vida urbana. Se realizaron dos talleres segmentados por franjas etarias: uno de 7 a 9 años y otro de 10 a 12 años.",78,15,,,
20/11/20,N/C,Evento,Mes de la Niñez. Taller virtual por los derechos de la niñez,Virtual,Subsecretaría de Gestión Cultural,N/C,,Todas,"En el día Universal del niño y partiendo del lanzamiento del Calendario ilustrado de Derechos de niños y niñas, se invitó a los chicos y chicas de la Ciudad a que piensen y reflexionen a partir de sus derechos para  idear la programación Cultural 2021.",120,30,,,
24/11/20,N/C,Reunión,Mes de la Niñez. Jurado de niños y niñas,Virtual,Secretaría de Desarrollo Urbano (SDU),N/C,,Todas,"Desde la DGPCC en conjunto con la Secretaría de Gestión Cultural se convocaron y seleccionaron  4 niños y niñas de 8 a 12 años de edad para que formen parte, en carácter de jurado, de la selección de proyectos en convocatoria nacional a artistas del sector infantil PUENTE.",142,4,,,
02/12/20,N/C,Experiencia,Visita guiada Elefantas Ecoparque 1,Presencial,Secretaria de Ambiente,N/C,República de la India y Av. Cerviño.,14,El objetivo de este proceso participativo fue que los vecinos y las vecinas de la Ciudad tengan la posibilidad de ganar entradas para conocer a las elefantas del Ecoparque antes de su traslado. Allí también tuvieron la posibilidad de observar cómo el Ecoparque contribuye con la conservación de la biodiversidad a través de experiencias recreativas y educativas.,412,10,,,
02/12/20,N/C,Experiencia,Visita guiada Elefantas Ecoparque 2,Presencial,Secretaria de Ambiente,N/C,República de la India y Av. Cerviño.,14,El objetivo de este proceso participativo fue que los vecinos y las vecinas de la Ciudad tengan la posibilidad de ganar entradas para conocer a las elefantas del Ecoparque antes de su traslado. Allí también tuvieron la posibilidad de observar cómo el Ecoparque contribuye con la conservación de la biodiversidad a través de experiencias recreativas y educativas.,412,6,,,
03/12/20,N/C,Experiencia,Visita guiada Elefantas Ecoparque 3,Presencial,Secretaria de Ambiente,N/C,República de la India y Av. Cerviño.,14,El objetivo de este proceso participativo fue que los vecinos y las vecinas de la Ciudad tengan la posibilidad de ganar entradas para conocer a las elefantas del Ecoparque antes de su traslado. Allí también tuvieron la posibilidad de observar cómo el Ecoparque contribuye con la conservación de la biodiversidad a través de experiencias recreativas y educativas.,412,6,,,
03/12/20,N/C,Experiencia,Visita guiada Elefantas Ecoparque 4,Presencial,Secretaria de Ambiente,N/C,República de la India y Av. Cerviño.,14,El objetivo de este proceso participativo fue que los vecinos y las vecinas de la Ciudad tengan la posibilidad de ganar entradas para conocer a las elefantas del Ecoparque antes de su traslado. Allí también tuvieron la posibilidad de observar cómo el Ecoparque contribuye con la conservación de la biodiversidad a través de experiencias recreativas y educativas.,412,10,,,
04/12/20,N/C,Experiencia,Visita guiada Elefantas Ecoparque 5,Presencial,Secretaria de Ambiente,N/C,República de la India y Av. Cerviño.,14,El objetivo de este proceso participativo fue que los vecinos y las vecinas de la Ciudad tengan la posibilidad de ganar entradas para conocer a las elefantas del Ecoparque antes de su traslado. Allí también tuvieron la posibilidad de observar cómo el Ecoparque contribuye con la conservación de la biodiversidad a través de experiencias recreativas y educativas.,421,9,,,
11/12/20,N/C,Experiencia,Experiencia BA presencial - Museo Museo de Arte Español Enrique Larreta,Presencial,Ministerio de Cultura,N/C,Av Juramento 2291,,"Su objetivo fue realizar visitas guiadas al Museo de Arte Español Enrique Larreta, para que los ciudadanos y ciudadanas puedan recorrerlo.",718,21,,,
03/12/20,N/C,Experiencia,Experiencia BA presencial - Museo Palacio Noel Fernandez Blanco.,Presencial,Ministerio de Cultura,N/C,Suipacha 1422,1,"El objeto fue realizar visitas guiadas al Museo Palacio Noel - Fernández Blanco, para que la ciudadanía recorra las salas que lo componen.",908,21,,,
18/12/20,N/C,Voluntariado,Colecta Navideña - Voluntariado 1,Presencial,Ministerio de Desarrollo Social,N/C,,Todas,"El objetivo de la Colecta Navideña, que se realiza todos los años desde Voluntariado, fue recibir donaciones de juguetes de parte de los vecinos y vecinas de la ciudad, que luego se entregaron a un comedor para niños y niñas en situación de vulnerabilidad.",297,35,,,
19/12/20,N/C,Voluntariado,Colecta Navideña - Voluntariado 2,Presencial,Ministerio de Desarrollo Social,N/C,,Todas,"El objetivo de la Colecta Navideña, que se realiza todos los años desde Voluntariado, fue recibir donaciones de juguetes de parte de los vecinos y vecinas de la ciudad, que luego se entregaron a un comedor para niños y niñas en situación de vulnerabilidad.",297,39,,,
17/12/20,N/C,Relevamiento de opinión,Experiencia Digital - Trabajo y Progreso. Formulario,Virtual,Dirección General Experiencia Digital,N/C,,Todas,"El objetivo del proceso participativo, realizado por la Dirección General Participación Ciudadana y Cercanía junto a la Dirección General Experiencia Digital, fue entender cómo los vecinos y vecinas buscan trabajo y se capacitan en la Ciudad.",,,,,1405
19/12/20,N/C,Evento,Jornada de adopción de mascotas 2020,Presencial,Agencia de Protección Ambiental (APRA),N/C,Av. Del Libertador y Mariscal Ramón Castilla,14,El objetivo de las jornadas fue fomentar la tenencia responsable y adopción de mascotas dando a conocer la labor de las Organizaciones de la Sociedad Civil que cuidan perros y gatos sin hogar hasta concretar su adopción definitiva.,-,11,,,
11/01/21,N/C,Relevamiento de opinión,"Proyecto Ley de Rezonificación San Lorenzo
Relevamiento de opinión",Virtual,Legislatura,N/C,,Todas,"El objetivo fue consultar a los vecinos y vecinas de la Comunas 5 y Parque Chacabuco, sus opiniones sobre qué les gustaría que contemple el Proyecto de Ley de Rezonificación.",-,-,,,"56,35"
19/01/21,N/C,Reunión,"Proyecto Ley de Rezonificación Estadio San Lorenzo
Reunión 1",Virtual,Legislatura,N/C,,5,"El objetivo fue consultar a los vecinos y vecinas de la Comunas 5 y Parque Chacabuco, sus opiniones sobre qué les gustaría que contemple el Proyecto de Ley de Rezonificación.",162,63,,,
19/01/21,N/C,Reunión,"Proyecto Ley de Rezonificación San Lorenzo
Reunión 2",Virtual,Legislatura,N/C,,5,"El objetivo fue consultar a los vecinos y vecinas de la Comunas 5 y Parque Chacabuco, sus opiniones sobre qué les gustaría que contemple el Proyecto de Ley de Rezonificación.",183,55,,,
19/01/21,N/C,Reunión,"Proyecto Ley de Rezonificación San Lorenzo
Reunión 3",Virtual,Legislatura,N/C,,5,"El objetivo fue consultar a los vecinos y vecinas de la Comunas 5 y Parque Chacabuco, sus opiniones sobre qué les gustaría que contemple el Proyecto de Ley de Rezonificación.",172,51,,,
21/01/21,N/C,Reunión,Proyecto Ley de Rezonificación San Lorenzo Reunión 4,Virtual,Legislatura,N/C,,5,"El objetivo fue consultar a los vecinos y vecinas de la Comunas 5 y Parque Chacabuco, sus opiniones sobre qué les gustaría que contemple el Proyecto de Ley de Rezonificación.",153,21,,,
21/01/21,N/C,Reunión,Proyecto Ley de Rezonificación San Lorenzo Reunión 5,Virtual,Legislatura,N/C,,5,"El objetivo fue consultar a los vecinos y vecinas de la Comunas 5 y Parque Chacabuco, sus opiniones sobre qué les gustaría que contemple el Proyecto de Ley de Rezonificación.",147,25,,,
21/01/21,N/C,Reunión,Proyecto Ley de Rezonificación San Lorenzo Reunión 6,Virtual,Legislatura,N/C,,5,"El objetivo fue consultar a los vecinos y vecinas de la Comunas 5 y Parque Chacabuco, sus opiniones sobre qué les gustaría que contemple el Proyecto de Ley de Rezonificación.",198,33,,,
26/01/21,N/C,Reunión,"Proyecto Ley de Rezonificación San Lorenzo 
Reunión 7",Virtual,Legislatura,N/C,,5,"El objetivo fue consultar a los vecinos y vecinas de la Comunas 5 y Parque Chacabuco, sus opiniones sobre qué les gustaría que contemple el Proyecto de Ley de Rezonificación.",80,11,,,
26/01/21,N/C,Reunión,Proyecto Ley de Rezonificación San Lorenzo Reunión 8,Virtual,Legislatura,N/C,,5,"El objetivo fue consultar a los vecinos y vecinas de la Comunas 5 y Parque Chacabuco, sus opiniones sobre qué les gustaría que contemple el Proyecto de Ley de Rezonificación.",138,21,,,
26/01/21,N/C,Reunión,Proyecto Ley de Rezonificación San Lorenzo Reunión 9,Virtual,Legislatura,N/C,,5,"El objetivo fue consultar a los vecinos y vecinas de la Comunas 5 y Parque Chacabuco, sus opiniones sobre qué les gustaría que contemple el Proyecto de Ley de Rezonificación.",162,23,,,
28/01/21,N/C,Reunión,Proyecto Ley de Rezonificación San Lorenzo Reunión 10,Virtual,Legislatura,N/C,,5,"El objetivo fue consultar a los vecinos y vecinas de la Comunas 5 y Parque Chacabuco, sus opiniones sobre qué les gustaría que contemple el Proyecto de Ley de Rezonificación.",165,46,,,
28/01/21,N/C,Reunión,"Proyecto Ley de Rezonificación San Lorenzo
Reunión 11",Virtual,Legislatura,N/C,,5,"El objetivo fue consultar a los vecinos y vecinas de la Comunas 5 y Parque Chacabuco, sus opiniones sobre qué les gustaría que contemple el Proyecto de Ley de Rezonificación.",141,27,,,
28/01/21,N/C,Reunión,Proyecto Ley de Rezonificación San Lorenzo Reunión 12,Virtual,Legislatura,N/C,,5,"El objetivo fue consultar a los vecinos y vecinas de la Comunas 5 y Parque Chacabuco, sus opiniones sobre qué les gustaría que contemple el Proyecto de Ley de Rezonificación.",158,21,,,
02/02/21,N/C,Reunión,"Proyecto Ley de Rezonificación San Lorenzo
Reunión 13",Virtual,Legislatura,N/C,,5,"El objetivo fue consultar a los vecinos y vecinas de la Comunas 5 y Parque Chacabuco, sus opiniones sobre qué les gustaría que contemple el Proyecto de Ley de Rezonificación.",115,29,,,
02/02/21,N/C,Reunión,"Proyecto Ley de Rezonificación San Lorenzo
 Reunión 14",Virtual,Legislatura,N/C,,5,"El objetivo fue consultar a los vecinos y vecinas de la Comunas 5 y Parque Chacabuco, sus opiniones sobre qué les gustaría que contemple el Proyecto de Ley de Rezonificación.",115,15,,,
02/02/21,N/C,Reunión,"Proyecto Ley de Rezonificación San Lorenzo
Reunión 15",Virtual,Legislatura,N/C,,5,"El objetivo fue consultar a los vecinos y vecinas de la Comunas 5 y Parque Chacabuco, sus opiniones sobre qué les gustaría que contemple el Proyecto de Ley de Rezonificación.",70,41,,,
04/02/21,N/C,Reunión,"Proyecto Ley de Rezonificación San Lorenzo
Reunión 16",Virtual,Legislatura,N/C,,5,"El objetivo fue consultar a los vecinos y vecinas de la Comunas 5 y Parque Chacabuco, sus opiniones sobre qué les gustaría que contemple el Proyecto de Ley de Rezonificación.",77,22,,,
04/02/21,N/C,Reunión,Proyecto Ley de Rezonificación San Lorenzo Reunión 17,Virtual,Legislatura,N/C,,5,"El objetivo fue consultar a los vecinos y vecinas de la Comunas 5 y Parque Chacabuco, sus opiniones sobre qué les gustaría que contemple el Proyecto de Ley de Rezonificación.",143,34,,,
04/02/21,N/C,Reunión,"Proyecto Ley de Rezonificación San Lorenzo
Reunión 18",Virtual,Legislatura,N/C,,5,"El objetivo fue consultar a los vecinos y vecinas de la Comunas 5 y Parque Chacabuco, sus opiniones sobre qué les gustaría que contemple el Proyecto de Ley de Rezonificación.",167,22,,,
09/02/21,N/C,Reunión,Proyecto Ley de Rezonificación San Lorenzo Reunión 19,Virtual,Legislatura,N/C,,5,"El objetivo fue consultar a los vecinos y vecinas de la Comunas 5 y Parque Chacabuco, sus opiniones sobre qué les gustaría que contemple el Proyecto de Ley de Rezonificación.",69,14,,,
09/02/21,N/C,Reunión,Proyecto Ley de Rezonificación San Lorenzo Reunión 20,Virtual,Legislatura,N/C,,5,"El objetivo fue consultar a los vecinos y vecinas de la Comunas 5 y Parque Chacabuco, sus opiniones sobre qué les gustaría que contemple el Proyecto de Ley de Rezonificación.",75,13,,,
09/02/21,N/C,Reunión,Proyecto Ley de Rezonificación San Lorenzo Reunión 21,Virtual,Legislatura,N/C,,5,"El objetivo fue consultar a los vecinos y vecinas de la Comunas 5 y Parque Chacabuco, sus opiniones sobre qué les gustaría que contemple el Proyecto de Ley de Rezonificación.",133,10,,,
11/02/21,N/C,Reunión,Proyecto Ley de Rezonificación San Lorenzo Reunión 22,Virtual,Legislatura,N/C,,5,"El objetivo fue consultar a los vecinos y vecinas de la Comunas 5 y Parque Chacabuco, sus opiniones sobre qué les gustaría que contemple el Proyecto de Ley de Rezonificación.",107,23,,,
11/02/21,N/C,Reunión,Proyecto Ley de Rezonificación San Lorenzo Reunión 23,Virtual,Legislatura,N/C,,5,"El objetivo fue consultar a los vecinos y vecinas de la Comunas 5 y Parque Chacabuco, sus opiniones sobre qué les gustaría que contemple el Proyecto de Ley de Rezonificación.",206,18,,,
19/02/21,N/C,Reunión,Jornada de Educación - Acompañamiento a familias 1,Virtual,Ministerio de Educación,N/C,,Todas,Se realizó un relevamiento de opinión a familias con niños y niñas a cargo en edad escolar. El relevamiento fue respondido por un total de 19.905 personas.,445,105,,,
25/02/21,N/C,Reunión,Jornada de Educación - Acompañamiento a familias 2,Virtual,Ministerio de Educación,N/C,,Todas,Se realizó un relevamiento de opinión a familias con niños y niñas a cargo en edad escolar. El relevamiento fue respondido por un total de 19.905 personas.,352,70,,,
04/03/21,N/C,Reunión,Jornada de Educación - Acompañamiento a familias 3,Virtual,Ministerio de Educación,N/C,,Todas,Se realizó un relevamiento de opinión a familias con niños y niñas a cargo en edad escolar. El relevamiento fue respondido por un total de 19.905 personas.,253,31,,,
11/03/21,N/C,Reunión,Jornada de Educación - Acompañamiento a familias 4,Virtual,Ministerio de Educación,N/C,,Todas,Se realizó un relevamiento de opinión a familias con niños y niñas a cargo en edad escolar. El relevamiento fue respondido por un total de 19.905 personas.,195,33,,,
18/03/21,N/C,Reunión,Jornada de Educación - Acompañamiento a familias 5,Virtual,Ministerio de Educación,N/C,,Todas,Se realizó un relevamiento de opinión a familias con niños y niñas a cargo en edad escolar. El relevamiento fue respondido por un total de 19.905 personas.,124,34,,,
08/04/21,N/C,Reunión,Jornada de Educación - Acompañamiento a familias 6,Virtual,Ministerio de Educación,N/C,,Todas,Se realizó un relevamiento de opinión a familias con niños y niñas a cargo en edad escolar. El relevamiento fue respondido por un total de 19.905 personas.,413,109,,,
28/01/21,N/C,Relevamiento de opinión,Jornada de Educación - Vuelta a clases 2021 - Adolescentes,Virtual,UNICEF,N/C,,Todas,Junto al equipo de UNICEF se relevó la opinión de adolescentes a través de una plataforma de mensajería. Al finalizar el relevamiento se obtuvieron 1.011 respuestas de chicos y chicas entre 13 y 24 años que cursan sus estudios en escuelas secundarias de la Ciudad Autónoma de Buenos Aires.,,,,,"1,011"
12/01/21,N/C,Reunión,Edificios Verdes - Reunión con vecinos,Virtual,Secretaría de Transformación Cultural,N/C,,Todas,"Primera Etapa
La etapa de diagnóstico e ideación, del proceso participativo Edificios Verdes tuvo la finalidad de conocer las problemáticas afrontadas por parte de los encargados/as de edificio, administradores/as de edificio, vecinos/as de edificio y recuperadores/as urbanos en su labor diaria referida a los residuos. El objetivo fue construir posibles soluciones innovadoras a los problemas dentro de los edificios de la Ciudad en relación a la separación de residuos.

Segunda Etapa
En la segunda etapa del proceso participativo Edificios Verdes, se llevó adelante una etapa de desarrollo de ideas con todos los actores implicados, con el objetivo de co-crear un posible plan de acción para resolver las diferentes problemáticas abordadas en la primera etapa. 

Tercera Etapa
La tercera etapa del proceso participativo Edificios Verdes fue de validación con todos los actores implicados, con el objetivo de dar a conocer el plan de acción ideado.
",551,181,,,
14/01/21,N/C,Reunión,Edificios Verdes - Reunión con vecinos,Virtual,Secretaría de Transformación Cultural,N/C,,Todas,"Primera Etapa
La etapa de diagnóstico e ideación, del proceso participativo Edificios Verdes tuvo la finalidad de conocer las problemáticas afrontadas por parte de los encargados/as de edificio, administradores/as de edificio, vecinos/as de edificio y recuperadores/as urbanos en su labor diaria referida a los residuos. El objetivo fue construir posibles soluciones innovadoras a los problemas dentro de los edificios de la Ciudad en relación a la separación de residuos.

Segunda Etapa
En la segunda etapa del proceso participativo Edificios Verdes, se llevó adelante una etapa de desarrollo de ideas con todos los actores implicados, con el objetivo de co-crear un posible plan de acción para resolver las diferentes problemáticas abordadas en la primera etapa. 

Tercera Etapa
La tercera etapa del proceso participativo Edificios Verdes fue de validación con todos los actores implicados, con el objetivo de dar a conocer el plan de acción ideado.
",768,173,,,
29/01/21,N/C,Reunión,Edificios Verdes - Reunión con cooperativas,Virtual,Secretaría de Transformación Cultural,N/C,,Todas,"Primera Etapa
La etapa de diagnóstico e ideación, del proceso participativo Edificios Verdes tuvo la finalidad de conocer las problemáticas afrontadas por parte de los encargados/as de edificio, administradores/as de edificio, vecinos/as de edificio y recuperadores/as urbanos en su labor diaria referida a los residuos. El objetivo fue construir posibles soluciones innovadoras a los problemas dentro de los edificios de la Ciudad en relación a la separación de residuos.

Segunda Etapa
En la segunda etapa del proceso participativo Edificios Verdes, se llevó adelante una etapa de desarrollo de ideas con todos los actores implicados, con el objetivo de co-crear un posible plan de acción para resolver las diferentes problemáticas abordadas en la primera etapa. 

Tercera Etapa
La tercera etapa del proceso participativo Edificios Verdes fue de validación con todos los actores implicados, con el objetivo de dar a conocer el plan de acción ideado.
",-,8,,,
18/02/21,N/C,Relevamiento de opinión,Edificios Verdes - Actividad presencial recuperadores urbanos,Presencial,Secretaría de Transformación Cultural,N/C,Nicaragua y Ravignani,14,"Primera Etapa
La etapa de diagnóstico e ideación, del proceso participativo Edificios Verdes tuvo la finalidad de conocer las problemáticas afrontadas por parte de los encargados/as de edificio, administradores/as de edificio, vecinos/as de edificio y recuperadores/as urbanos en su labor diaria referida a los residuos. El objetivo fue construir posibles soluciones innovadoras a los problemas dentro de los edificios de la Ciudad en relación a la separación de residuos.

Segunda Etapa
En la segunda etapa del proceso participativo Edificios Verdes, se llevó adelante una etapa de desarrollo de ideas con todos los actores implicados, con el objetivo de co-crear un posible plan de acción para resolver las diferentes problemáticas abordadas en la primera etapa. 

Tercera Etapa
La tercera etapa del proceso participativo Edificios Verdes fue de validación con todos los actores implicados, con el objetivo de dar a conocer el plan de acción ideado.
",,4,,,
23/02/21,N/C,Reunión,Edificios Verdes - Reunión con encargados,Virtual,Secretaría de Transformación Cultural,N/C,,Todas,"Primera Etapa
La etapa de diagnóstico e ideación, del proceso participativo Edificios Verdes tuvo la finalidad de conocer las problemáticas afrontadas por parte de los encargados/as de edificio, administradores/as de edificio, vecinos/as de edificio y recuperadores/as urbanos en su labor diaria referida a los residuos. El objetivo fue construir posibles soluciones innovadoras a los problemas dentro de los edificios de la Ciudad en relación a la separación de residuos.

Segunda Etapa
En la segunda etapa del proceso participativo Edificios Verdes, se llevó adelante una etapa de desarrollo de ideas con todos los actores implicados, con el objetivo de co-crear un posible plan de acción para resolver las diferentes problemáticas abordadas en la primera etapa. 

Tercera Etapa
La tercera etapa del proceso participativo Edificios Verdes fue de validación con todos los actores implicados, con el objetivo de dar a conocer el plan de acción ideado.
",89,5,,,
23/02/21,N/C,Relevamiento de opinión,Edificios Verdes - Actividad presencial recuperadores urbanos,Presencial,Secretaría de Transformación Cultural,N/C,Nicaragua y Ravignani,2,"Primera Etapa
La etapa de diagnóstico e ideación, del proceso participativo Edificios Verdes tuvo la finalidad de conocer las problemáticas afrontadas por parte de los encargados/as de edificio, administradores/as de edificio, vecinos/as de edificio y recuperadores/as urbanos en su labor diaria referida a los residuos. El objetivo fue construir posibles soluciones innovadoras a los problemas dentro de los edificios de la Ciudad en relación a la separación de residuos.

Segunda Etapa
En la segunda etapa del proceso participativo Edificios Verdes, se llevó adelante una etapa de desarrollo de ideas con todos los actores implicados, con el objetivo de co-crear un posible plan de acción para resolver las diferentes problemáticas abordadas en la primera etapa. 

Tercera Etapa
La tercera etapa del proceso participativo Edificios Verdes fue de validación con todos los actores implicados, con el objetivo de dar a conocer el plan de acción ideado.
",,4,,,
10/03/21,N/C,Reunión,Edificios Verdes - Encuentro de desarrollo de ideas,Virtual,Secretaría de Transformación Cultural,N/C,,Todas,"Primera Etapa
La etapa de diagnóstico e ideación, del proceso participativo Edificios Verdes tuvo la finalidad de conocer las problemáticas afrontadas por parte de los encargados/as de edificio, administradores/as de edificio, vecinos/as de edificio y recuperadores/as urbanos en su labor diaria referida a los residuos. El objetivo fue construir posibles soluciones innovadoras a los problemas dentro de los edificios de la Ciudad en relación a la separación de residuos.

Segunda Etapa
En la segunda etapa del proceso participativo Edificios Verdes, se llevó adelante una etapa de desarrollo de ideas con todos los actores implicados, con el objetivo de co-crear un posible plan de acción para resolver las diferentes problemáticas abordadas en la primera etapa. 

Tercera Etapa
La tercera etapa del proceso participativo Edificios Verdes fue de validación con todos los actores implicados, con el objetivo de dar a conocer el plan de acción ideado.
",469,110,,,
17/03/21,N/C,Reunión,Edificios Verdes - Encuentro de desarrollo de ideas,Virtual,Secretaría de Transformación Cultural,N/C,,Todas,"Primera Etapa
La etapa de diagnóstico e ideación, del proceso participativo Edificios Verdes tuvo la finalidad de conocer las problemáticas afrontadas por parte de los encargados/as de edificio, administradores/as de edificio, vecinos/as de edificio y recuperadores/as urbanos en su labor diaria referida a los residuos. El objetivo fue construir posibles soluciones innovadoras a los problemas dentro de los edificios de la Ciudad en relación a la separación de residuos.

Segunda Etapa
En la segunda etapa del proceso participativo Edificios Verdes, se llevó adelante una etapa de desarrollo de ideas con todos los actores implicados, con el objetivo de co-crear un posible plan de acción para resolver las diferentes problemáticas abordadas en la primera etapa. 

Tercera Etapa
La tercera etapa del proceso participativo Edificios Verdes fue de validación con todos los actores implicados, con el objetivo de dar a conocer el plan de acción ideado.
",583,100,,,
14/04/21,N/C,Reunión,Edificios Verdes - Validación,Virtual,Secretaría de Transformación Cultural,N/C,,Todas,"Primera Etapa
La etapa de diagnóstico e ideación, del proceso participativo Edificios Verdes tuvo la finalidad de conocer las problemáticas afrontadas por parte de los encargados/as de edificio, administradores/as de edificio, vecinos/as de edificio y recuperadores/as urbanos en su labor diaria referida a los residuos. El objetivo fue construir posibles soluciones innovadoras a los problemas dentro de los edificios de la Ciudad en relación a la separación de residuos.

Segunda Etapa
En la segunda etapa del proceso participativo Edificios Verdes, se llevó adelante una etapa de desarrollo de ideas con todos los actores implicados, con el objetivo de co-crear un posible plan de acción para resolver las diferentes problemáticas abordadas en la primera etapa. 

Tercera Etapa
La tercera etapa del proceso participativo Edificios Verdes fue de validación con todos los actores implicados, con el objetivo de dar a conocer el plan de acción ideado.
",761,300,,,
15/04/21,N/C,Reunión,Edificios Verdes - Validación 2,Virtual,Secretaría de Transformación Cultural,N/C,,Todas,"Primera Etapa
La etapa de diagnóstico e ideación, del proceso participativo Edificios Verdes tuvo la finalidad de conocer las problemáticas afrontadas por parte de los encargados/as de edificio, administradores/as de edificio, vecinos/as de edificio y recuperadores/as urbanos en su labor diaria referida a los residuos. El objetivo fue construir posibles soluciones innovadoras a los problemas dentro de los edificios de la Ciudad en relación a la separación de residuos.

Segunda Etapa
En la segunda etapa del proceso participativo Edificios Verdes, se llevó adelante una etapa de desarrollo de ideas con todos los actores implicados, con el objetivo de co-crear un posible plan de acción para resolver las diferentes problemáticas abordadas en la primera etapa. 

Tercera Etapa
La tercera etapa del proceso participativo Edificios Verdes fue de validación con todos los actores implicados, con el objetivo de dar a conocer el plan de acción ideado.
",420,150,,,
11/02/21,N/C,Reunión,Vamos las Plazas,Virtual,Legislatura,N/C,,Todas,"El objetivo de este proceso participativo fue concientizar a aquellas personas que asistieron a eventos realizados al aire libre. Para esto se convocó a voluntarios y voluntarias de la ciudad, con la finalidad de prevenir a través de sugerencias a quienes incumplieron con las pautas sanitarias respecto al protocolo ya establecido.",208,30,,,
02/03/21,N/C,Reunión,Portales de servicios digitales GCBA. Encuentro personas +50 años,Virtual,Secretaría de Experiencia Digital,N/C,,Todas,"El objetivo fue llevar adelante un proceso participativo junto a la Subsecretaría de Experiencia Digital, para entender el nivel de cotidianidad que tienen los vecinos con los diferentes servicios y productos digitales que ofrece la Ciudad. Se realizaron cuatro encuentros de relevamiento de opinión segmentados por edad. ",444,114,,,
03/03/21,N/C,Reunión,Portales de servicios digitales GCBA. Encuentro personas -50 años,Virtual,Secretaría de Experiencia Digital,N/C,,Todas,"El objetivo fue llevar adelante un proceso participativo junto a la Subsecretaría de Experiencia Digital, para entender el nivel de cotidianidad que tienen los vecinos con los diferentes servicios y productos digitales que ofrece la Ciudad. Se realizaron cuatro encuentros de relevamiento de opinión segmentados por edad. ",112,24,,,
04/03/21,N/C,Reunión,Portales de servicios digitales GCBA. Encuentro personas +50 años,Virtual,Secretaría de Experiencia Digital,N/C,,Todas,"El objetivo fue llevar adelante un proceso participativo junto a la Subsecretaría de Experiencia Digital, para entender el nivel de cotidianidad que tienen los vecinos con los diferentes servicios y productos digitales que ofrece la Ciudad. Se realizaron cuatro encuentros de relevamiento de opinión segmentados por edad. ",288,63,,,
09/03/21,N/C,Reunión,Portales de servicios digitales GCBA. Encuentro personas -50 años,Virtual,Secretaría de Experiencia Digital,N/C,,Todas,"El objetivo fue llevar adelante un proceso participativo junto a la Subsecretaría de Experiencia Digital, para entender el nivel de cotidianidad que tienen los vecinos con los diferentes servicios y productos digitales que ofrece la Ciudad. Se realizaron cuatro encuentros de relevamiento de opinión segmentados por edad. ",81,12,,,
16/03/21,N/C,Reunión,Sistema de estacionamiento de bicis - Escucha e ideación sobre el uso de la bici - 1,Virtual,Secretaria de Transporte y Obras públicas,N/C,,Todas,"La convocatoria fue organizada por Dirección General Planificación, Uso y Evaluación dependiente de la Subsecretaría Planificación de la Movilidad, a fin de realizar encuentros virtuales, con la colaboración de la Dirección General Participación Ciudadana y Cercanía, para que los ciudadanos y las ciudadanas puedan intercambiar ideas, opiniones y reflexiones relativas al uso de bicicletas en la ciudad y sistemas de estacionamiento de las mismas.",108,41,,,
18/03/21,N/C,Reunión,Sistema de estacionamiento de bicis - Escucha e ideación sobre el uso de la bici - 2,Virtual,Secretaria de Transporte y Obras públicas,N/C,,Todas,"La convocatoria fue organizada por Dirección General Planificación, Uso y Evaluación dependiente de la Subsecretaría Planificación de la Movilidad, a fin de realizar encuentros virtuales, con la colaboración de la Dirección General Participación Ciudadana y Cercanía, para que los ciudadanos y las ciudadanas puedan intercambiar ideas, opiniones y reflexiones relativas al uso de bicicletas en la ciudad y sistemas de estacionamiento de las mismas.",114,28,,,
23/03/21,N/C,Reunión,Sistema de estacionamiento de bicis - Escucha e ideación sobre el uso de la bici - ACU,Virtual,Secretaria de Transporte y Obras públicas,N/C,,Todas,"La convocatoria fue organizada por Dirección General Planificación, Uso y Evaluación dependiente de la Subsecretaría Planificación de la Movilidad, a fin de realizar encuentros virtuales, con la colaboración de la Dirección General Participación Ciudadana y Cercanía, para que los ciudadanos y las ciudadanas puedan intercambiar ideas, opiniones y reflexiones relativas al uso de bicicletas en la ciudad y sistemas de estacionamiento de las mismas.",23,8,,,
29/03/21,N/C,Experiencia,Experiencia BA Autódromo,Presencial,Vice Jefatura,N/C,,8,"El objetivo fue invitar a ciudadanos/as a realizar un recorrido de manera virtual, por el Autódromo Oscar y Juan Gálvez.",638,5,,,
11/02/21,N/C,Relevamiento de opinión,Relevamiento de opinión - Repavimentación Calles C7,Virtual,Comuna 7,N/C,,7,Escuchar y relevar la percepción de vecinos/vecinas en relación a las posibles obras de repavimentación del actual adoquinado ubicado sobre las calles Francisco Bilbao 2500-2599 y Remedios 2600-2699.,,,,,316
29/03/21,N/C,Relevamiento de opinión,Movilidad desde la perspectiva de género - Etapa 1: Formulario,Virtual,Secretaria de Transporte y Obras públicas,N/C,,Todas,"Se envió un formulario de relevamiento de opinión para entender cómo es la movilidad de las vecinas en la Ciudad de Buenos Aires. En este formulario se consultó a las vecinas sobre los medios de transporte que utilizan, motivos de utilización, frecuencia, dificultades de acceso, entre otros.",,,,,"8,808"
25/03/21,N/C,Experiencia,Experiencia BA presencial - Teatro San Martín,Presencial,Ministerio de Cultura,N/C,,,"En conjunto con el Dirección General Complejo Teatral Ciudad de Buenos Aires en la órbita del Ministerio de Cultura, ofrecimos a los/as vecinos/as la posibilidad de vivir una Experiencia en el marco de la reapertura de los Teatros, con el fin de dar a conocer los protocolos y que se lleven una experiencia única conociendo el Teatro San Martín por dentro. ","3,036",20,,,
18/03/21,N/C,Experiencia,Experiencia BA Reserva Ecológica,Presencial,Ministerio de Ambiente y Espacio Público,N/C,Avenida Dr. Tristan Achaval Rodriguez 1550.,1,"El objetivo fue realizar visitas guiadas en el COVIMET, un área de 12 hectáreas perteneciente a la reserva natural de Costanera Sur, para que los ciudadanos y ciudadanas puedan recorrerlo.","1,861",12,,,
23/03/21,N/C,Voluntariado,Voluntariado ODS - Restaurador Ecológico,Presencial,Secretaria de Ambiente,N/C,Avenida 27 de febrero y puente olímpico,8,"El objetivo es involucrar a la ciudadanía en la problemática ambiental y que se conviertan en promotores de las buenas costumbres, como mantener los espacios verdes de la ciudad limpios y aprender sobre plantas nativas y exóticas.",225,5,,,
04/05/21,N/C,Reunión,"Corredor Verde ""Avenida Dr. Honorio Pueyrredón""",Virtual,Dirección General Obras de Regeneración Urbana,N/C,,6,"Encuentro con vecinos/as, niños/as y asociaciones ambientales, para dialogar sobre los espacios verdes y espacios públicos de la comuna 6, con el fin de conocer sus opiniones e ideas con respecto a la implementación de corredores verdes en la comuna.",107,12,,,
05/05/21,N/C,Reunión,"Corredor Verde ""Avenida Dr. Honorio Pueyrredón""",Virtual,Dirección General Obras de Regeneración Urbana,N/C,,6,"Encuentro con vecinos/as, niños/as y asociaciones ambientales, para dialogar sobre los espacios verdes y espacios públicos de la comuna 6, con el fin de conocer sus opiniones e ideas con respecto a la implementación de corredores verdes en la comuna.",99,13,,,
20/05/21,N/C,Reunión,"Corredor Verde ""Avenida Dr. Honorio Pueyrredón""",Virtual,Dirección General Obras de Regeneración Urbana,N/C,,6,"Encuentro con vecinos/as, niños/as y asociaciones ambientales, para dialogar sobre los espacios verdes y espacios públicos de la comuna 6, con el fin de conocer sus opiniones e ideas con respecto a la implementación de corredores verdes en la comuna.",178,40,,,
01/06/2021,N/C,Reunión,Encuentros con adolescentes para hablar sobre ESI_1,Virtual,Ministerio de Educación,N/C,N/C,N/C,"Desde la DGPCC, se prestó colaboración en la celebración de encuentros virtuales de intercambio de opiniones y reflexiones relativas a la ESI en virtud de la iniciativa “Promotores de la ESI” del Ministerio de Educación.",101,70,N/C,N/C,N/C
03/06/2021,N/C,Reunión,Encuentros con adolescentes para hablar sobre ESI_2,Virtual,Ministerio de Educación,N/C,N/C,N/C,"Desde la DGPCC, se prestó colaboración en la celebración de encuentros virtuales de intercambio de opiniones y reflexiones relativas a la ESI en virtud de la iniciativa “Promotores de la ESI” del Ministerio de Educación.",87,82,N/C,N/C,N/C
08/06/2021,N/C,Reunión,Encuentros con adolescentes para hablar sobre ESI_3,Virtual,Ministerio de Educación,N/C,N/C,N/C,"Desde la DGPCC, se prestó colaboración en la celebración de encuentros virtuales de intercambio de opiniones y reflexiones relativas a la ESI en virtud de la iniciativa “Promotores de la ESI” del Ministerio de Educación.",85,52,N/C,N/C,N/C
09/06/2021,N/C,Experiencia,Día del Ambiente - Recorrido Virtual al Centro de Reciclaje,Virtual,Ministerio de Ambiente y Espacio Público,N/C,Ana María Janer 2750,8,"Se realizó una visita guiada Virtual a la planta de reciclaje de la ciudad, y fue transmitida por Youtube. En esta, se pudo ver las 4 plantas de tratamiento: - orgánicos, forestales, áridos y pet, tmb uno de los centros verdes de la ciudad, donde se encuentra la primera máquina que realiza la primera separación automática de residuos. Junto a nosotros participaron activamente tres vecinas.","2,181",574,N/C,N/C,N/C
10/06/2021,N/C,Reunión,Encuentros con adolescentes para hablar sobre ESI_4,Virtual,Ministerio de Educación,N/C,N/C,N/C,"Desde la DGPCC, se prestó colaboración en la celebración de encuentros virtuales de intercambio de opiniones y reflexiones relativas a la ESI en virtud de la iniciativa “Promotores de la ESI” del Ministerio de Educación.",50,37,N/C,N/C,N/C
11/06/2021,N/C,Experiencia,Día del Vecino Participativo,Virtual,Dirección General de Antropología Urbana,N/C,N/C,8,Se realizó una Experiencia BA por medio de la cual los/as vecinos/as tuvieron la posibilidad de recorrer de manera virtual diferentes locaciones en donde se llevaron adelante actividades participativas.,731,262,N/C,N/C,N/C
14/06/2021,N/C,Votación,Mercados BA votación,Bimodal,Dirección General de Desarrollo Gatronómico,N/C,Córdoba 1750,13,"Junto con la Dirección General Desarrollo Gastronómico dependiente de la Subsecretaría Bienestar Ciudadano, se desarrolló una votación para que los ciudadanos y las ciudadanas, puedan expresar sus preferencias respecto de los posibles comercios que podrían instalarse en los locales que se encuentran vacíos en el Mercado de San Nicolás, ubicado en la calle Córdoba N° 1750 - Comuna 1.",N/C,N/C,516,"Se recibieron un total de 516  respuestas únicas: 
                        
A- Qué tipo de comercio les gustaría encontrar en los locales que tienen habilitados:
Local 1:
1- Comidas regionales - 163 votos - 31,8%.
2 - Panadería - 67 votos - 13,2%.
3 - Cafetería - 57 votos - 11,2%. 
4 - Comida vegana - 67 votos - 11,2%.
5 - Comidas internacionales - 54 votos - 10,7%. 
6 - Sushi - 38 votos - 7,8%. 
7 - Saludables (ensaladas) - 33 votos - 6,6%. 
8 - Comida rápida - 26 votos - 5,2%. 
9 - Heladería - 11 votos - 2,3%. 
Local 2: 
1 - Comidas regionales - 89 votos - 17,2%.
2 - Cafetería - 79 votos - 15,3%. 
3 - Comidas internacionales - 77 votos - 14,9%.  
4 - Panadería - 72 votos - 13,8%.
5 - Saludables (ensaladas) - 68 votos - 13,0%. 
6 - Comida vegana - 44 votos - 8,7%.
7 - Heladería - 38 votos - 7,4%. 
8 - Sushi - 27 votos - 5,4%. 
9 - Comida rápida - 22 votos - 4,3%.
  
B - Qué diferencial les gustaría que tuvieran esos nuevos espacios:
1 - Precios competitivos - 331 votos - 60,8%.  
2 - Productos innovadores - 121 votos - 24,1%.  
3 - Productos exclusivos - 82 votos - 15,1%. 
",N/C
17/06/2021,N/C,Reunión,Maraton de ideas ambiente_espacio público,Virtual,"Dirección General de Antropología Urbana  -Subsecretaría de Gestión Comunal
-Dirección General de Regeneración urbana
",N/C,N/C,Todas,"La Dirección General Antropología Urbana en la órbita de la Secretaría Desarrollo Urbano con la colaboración de la DGPCC, realizó encuentros con el objetivo de que puedan intercambiar sus percepciones, experiencias y deseos respecto a la temática ambiente.",162,28,N/C,N/C,N/C
23/06/2021,N/C,Reunión,Encuentros con adolescentes para hablar sobre ESI_5,Virtual,Ministerio de Educación,N/C,N/C,N/C,"Desde la DGPCC, se prestó colaboración en la celebración de encuentros virtuales de intercambio de opiniones y reflexiones relativas a la ESI en virtud de la iniciativa “Promotores de la ESI” del Ministerio de Educación.",30,64,N/C,N/C,N/C
29/06/2021,N/C,Reunión,Movilidad desde la perspectiva de género - E2: Encuentros virtuales_1,Virtual,Secretaria de Transporte y Obras públicas,N/C,N/C,N/C,"Se llevó adelante la segunda etapa del proceso participativo Movilidad desde una perspectiva de género para entender cómo se movilizan las mujeres en la ciudad, tanto en el transporte público como en el privado. Se realizaron reuniones virtuales para indagar sobre cómo la pandemia modificó las maneras de moverse y, sobre todo, cuáles de esos cambios creen que afectarán la movilidad de aquí en adelante y cuales son las barreras a la movilidad con las que se encuentran.",215,70,N/C,N/C,N/C
30/06/2021,N/C,Experiencia,Experiencia BA - Autódromo Diverso,Virtual,Vice Jefatura,N/C,Avenida coronel Roca y General Paz,8,"La iniciativa  brindó a los vecinos y vecinas de la ciudad una experiencia exclusiva, realizando una visita al Autódromo Oscar y Juan Gálvez, donde los mismos tuvieron la posibilidad de realizar una de las distintas actividades como - Track day de motos / Tour Autódromo / Pruebas de pista, entre otras.",329,42,N/C,N/C,N/C
01/07/2021,N/C,Reunión,Movilidad desde la perspectiva de género - E2: Encuentros virtuales_2,Virtual,Secretaria de Transporte y Obras públicas,N/C,N/C,N/C,"Se llevó adelante la segunda etapa del proceso participativo Movilidad desde una perspectiva de géner para entender cómo se movilizan las mujeres en la ciudad, tanto en el transporte público como en el privado. Se realizaron reuniones virtuales para indagar sobre cómo la pandemia modificó las maneras de moverse y, sobre todo, cuáles de esos cambios creen que afectarán la movilidad de aquí en adelante y cuales son las barreras a la movilidad con las que se encuentran.",604,60,N/C,N/C,N/C
01/07/2021,N/C,Reunión,Encuentros virtuales con adultos mayores_Diagnóstico_1,Virtual,Secretaría de Integración Social para Personas Mayores,N/C,N/C,N/C,"Se realizaron encuentros virtuales con Adultos mayores (+60 años) de diagnóstico e ideación para conocer su situación actual, detectar problemáticas y evaluar herramientas para posibles soluciones.",168,70,N/C,N/C,N/C
02/07/2021,N/C,Reunión,Encuentros virtuales con adultos mayores_Diagnóstico_2,Virtual,Secretaría de Integración Social para Personas Mayores,N/C,N/C,N/C,"Se realizaron encuentros virtuales con Adultos mayores (+60 años) de diagnóstico e ideación para conocer su situación actual, detectar problemáticas y evaluar herramientas para posibles soluciones.",386,87,N/C,N/C,N/C
06/07/2021,N/C,Reunión,Movilidad desde la perspectiva de género - E2: Encuentros virtuales_1,Virtual,Secretaria de Transporte y Obras públicas,N/C,N/C,N/C,"Se llevó adelante la segunda etapa del proceso participativo Movilidad desde una perspectiva de género  para entender cómo se movilizan las mujeres en la ciudad, tanto en el transporte público como en el privado. Se realizaron reuniones virtuales para indagar sobre cómo la pandemia modificó las maneras de moverse y, sobre todo, cuáles de esos cambios creen que afectarán la movilidad de aquí en adelante y cuales son las barreras a la movilidad con las que se encuentran.",66,16,N/C,N/C,N/C
06/07/2021,N/C,Reunión,Encuentros virtuales con adultos mayores_Diagnóstico_3,Virtual,Secretaría de Integración Social para Personas Mayores,N/C,N/C,N/C,"Se realizaron encuentros virtuales con Adultos mayores (+60 años) de diagnóstico e ideación para conocer su situación actual, detectar problemáticas y evaluar herramientas para posibles soluciones.",194,45,N/C,N/C,N/C
06/07/2021,N/C,Votación,Votación Mujeres que abren caminos_Barrio 20 y Papa Francisco,Bimodal,Instituto de la Vivienda de la Ciudad (IVC),N/C,N/C,8,"El Instituto Superior de la Vivienda solicitó colaboración a la DGPCC en la realización de una votación para que vecinos y vecinas del barrio 20 y alrededores puedan elegir los posibles nombres que les gustaría que lleven las nuevas calles, pasajes, senderos y espacios públicos del barrio.",NC,NC,861,"Se recibieron un total de 861 votos de los cuales 745 respuestas únicas, según las categorías las personas pudieron votar en mas de una opción, teniendo los siguientes resultados: Desglose Mujeres que abren caminos.",N/C
07/07/2021,N/C,Reunión,Encuentros virtuales con adultos mayores_Diagnóstico_4,Virtual,Secretaría de Integración Social para Personas Mayores,N/C,N/C,N/C,"Se realizaron encuentros virtuales con Adultos mayores (+60 años) de diagnóstico e ideación para conocer su situación actual, detectar problemáticas y evaluar herramientas para posibles soluciones.",323,51,N/C,N/C,N/C
13/07/2021,N/C,Reunión,Movilidad desde la perspectiva de género - E2: Encuentros virtuales_4,Virtual,Secretaria de Transporte y Obras públicas,N/C,N/C,Todas,"Se llevó adelante la segunda etapa del proceso participativo Movilidad desde una perspectiva de género  para entender cómo se movilizan las mujeres en la ciudad, tanto en el transporte público como en el privado. Se realizaron reuniones virtuales para indagar sobre cómo la pandemia modificó las maneras de moverse y, sobre todo, cuáles de esos cambios creen que afectarán la movilidad de aquí en adelante y cuales son las barreras a la movilidad con las que se encuentran.",112,12,N/C,N/C,N/C
15/07/2021,N/C,Reunión,Encuentros virtuales con adultos mayores_Diagnóstico_5,Virtual,Secretaría de Integración Social para Personas Mayores,N/C,N/C,N/C,"Se realizaron encuentros virtuales con Adultos mayores (+60 años) de diagnóstico e ideación para conocer su situación actual, detectar problemáticas y evaluar herramientas para posibles soluciones.",26,10,N/C,N/C,N/C
16/07/2021,N/C,Reunión,Encuentros virtuales con adultos mayores_Diagnóstico_6,Virtual,Secretaría de Integración Social para Personas Mayores,N/C,N/C,N/C,"Se realizaron encuentros virtuales con Adultos mayores (+60 años) de diagnóstico e ideación para conocer su situación actual, detectar problemáticas y evaluar herramientas para posibles soluciones.",32,10,N/C,N/C,N/C
19/07/2021,N/C,Relevamiento de opinión,Relevamiento de opinión Plazoleta Scholem Aleijem,Bimodal,Comuna 5,N/C,"Gurruchaga 358, C1414 DHH, Buenos Aires",5,"Se invitó a los/as vecinos/as a recorrer la Plazoleta Scholem Aleijem un espacio común, recreativo y público a través de una Experiencia BA donde se conversó sobre la importancia del espacio verde, el arbolado y su ciudad.",N/C,N/C,N/C,N/C,247
29/07/2021,N/C,Reunión,Maraton de ideas: Ambiente 1,Presencial,Dirección General de Antropología Urbana -Secretaría de Ambiente - Ministerio de Educación,N/C,Avenida Sarmiento 2601,14,"La Dirección General Antropología Urbana en la órbita de la Secretaría Desarrollo Urbano con la colaboración de la DGPCC, realizó encuentros con el objetivo de que puedan intercambiar sus percepciones, experiencias y deseos respecto a la temática ambiente.",27,6,N/C,N/C,N/C
29/07/2021,N/C,Reunión,Segunda Maraton de ideas: Ambiente 2,Presencial,Dirección General de Antropología Urbana -Secretaría de Ambiente - Ministerio de Educación,N/C,Avenida Sarmiento 2601,14,"La Dirección General Antropología Urbana en la órbita de la Secretaría Desarrollo Urbano con la colaboración de la DGPCC, realizó encuentros con el objetivo de que puedan intercambiar sus percepciones, experiencias y deseos respecto a la temática ambiente.",68,9,N/C,N/C,N/C
30/07/2021,N/C,Visita,Experiencia BA - Visita presencial Obra Hidráulica Cildañez,Presencial,Secretaria de Transporte y Obras públicas,N/C,Avenida Castañares y Avenida Asturias,8,Se realizaron visitas presenciales a la Obra Hidraúlica Cildañez.,367,24,N/C,N/C,N/C
30/07/2021,N/C,Reunión,Segunda Maraton de ideas: Ambiente 3,Presencial,Dirección General de Antropología Urbana,N/C,Avenida Sarmiento 2601,14,"La Dirección General Antropología Urbana en la órbita de la Secretaría Desarrollo Urbano con la colaboración de la DGPCC, realizó encuentros con el objetivo de que puedan intercambiar sus percepciones, experiencias y deseos respecto a la temática ambiente.",10,6,N/C,N/C,N/C
30/07/2021,N/C,Reunión,Segunda Maraton de ideas: Ambiente 4,Presencial,Dirección General de Antropología Urbana,N/C,Avenida Sarmiento 2601,14,"La Dirección General Antropología Urbana en la órbita de la Secretaría Desarrollo Urbano con la colaboración de la DGPCC, realizó encuentros con el objetivo de que puedan intercambiar sus percepciones, experiencias y deseos respecto a la temática ambiente.",57,7,N/C,N/C,N/C
13/08/2021,N/C,Voluntariado,Voluntariado - Jornada de concientización de colillas de cigarrillos,Presencial,Secretaria de Ambiente,N/C,Av. 9 de Julio y Av. Corrientes,1,En el marco del Día de la Juventud (12 de Agosto) se realizó una acción de voluntariado para concientizar a los vecinos sobre la correcta disposición de las colillas de cigarrillo y así eliminar el mal hábito de arrojarlas a la vía pública.,266,4,N/C,N/C,N/C
25/08/2021,N/C,Voluntariado,Voluntariado de plantación  - Complejos habitacionales_Piedra buena,Presencial,Dirección General espacios Verdes y Arbolado,N/C,N/C,8,"En marco de la puesta en valor y obras realizadas en los entornos públicos de 13 complejos habitacionales de la Ciudad, se invita a los vecinos y vecinas a formar parte de una jornada de plantaciones que lo vinculen con ellas, visibilizando la labor realizada y fomentando la identidad barrial de cada uno.",138,11,N/C,N/C,N/C
27/08/2021,N/C,Voluntariado,Voluntariado de plantación  - Complejos habitacionales_Soldati,Presencial,Dirección General espacios Verdes y Arbolado,N/C,N/C,8,"Se invita a los vecinos y vecinas de la Ciudad a formar parte de una jornada de plantaciones que lo vinculen con ellas, visibilizando la labor realizada y fomentando la identidad barrial de cada uno.",148,8,N/C,N/C,N/C
30/08/2021,N/C,Voluntariado,Voluntariado_Pacto Emprendedor,Virtual,Ministerio de Desarrollo Económico y Producción,N/C,N/C,N/C,"Se colaboró con el Programa Pacto Emprendedor ofreciendo a los mentores inscriptos a que retiren su constancia de horas aportadas a los ODS, con el auspicio de ONU.  El program de Pacto Emprendedor consta de la búsqueda de mentores voluntarios para crear duplas con emprendedores y generar un espacio de mentoreo en el que se promueva el crecimiento y escalabilidad de sus proyectos a través del intercambio de experiencias.",83,N/C,N/C,N/C,N/C
14/09/2021,N/C,Reunión,Dialogando con docentes_1.1,Virtual,Ministerio de Educación,N/C,N/C,N/C,"Se realizaron encuentros virtuales en el cual se dialogó con los docentes y cuerpo directivo de escuelas primarias de gestión estatal y privada sobre la Promoción Acompañada.
Se les consultó por: Criterios del Acompañamiento, Estrategias, Problemáticas, Evaluación, Documentación de avances, Impacto Emocional. ",31,10,N/C,N/C,N/C
14/09/2021,N/C,Reunión,Dialogando con docentes_1.2,Virtual,Ministerio de Educación,N/C,N/C,N/C,"Se realizaron encuentros virtuales en el cual se dialogó con los docentes y cuerpo directivo de escuelas primarias de gestión estatal y privada sobre la Promoción Acompañada.
Se les consultó por: Criterios del Acompañamiento, Estrategias, Problemáticas, Evaluación, Documentación de avances, Impacto Emocional. ",48,25,N/C,N/C,N/C
14/09/2021,N/C,Votación,"Votación - Mi árbol, un mural 2da edición",Virtual,Subsecretaría de Gestión Comunal,N/C,N/C,7,"En el marco de un concurso de dibujos confeccionados por niños/as, organizado por la Dirección General Espacios Verdes y Arbolado, se realizó una votación para que los vecinos y vecinas elijan su favorito.
",N/C,N/C,2180,"Se recolectaron 2180 votos en total:
Dibujo 1 - 898 votos - 41,2%. 
Dibujo 2 - 770 votos - 35,3%. 
Dibujo 3 - 512 votos - 23,5%. 
",N/C
15/09/2021,N/C,Reunión,Dialogando con docentes_2.1,Virtual,Ministerio de Educación,N/C,N/C,N/C,"Se realizaron encuentros virtuales en el cual se dialogó con los docentes y cuerpo directivo de escuelas primarias de gestión estatal y privada sobre la Promoción Acompañada.
Se les consultó por: Criterios del Acompañamiento, Estrategias, Problemáticas, Evaluación, Documentación de avances, Impacto Emocional. ",48,25,N/C,N/C,N/C
15/09/2021,N/C,Reunión,Dialogando con docentes_2.2,Virtual,Ministerio de Educación,N/C,N/C,N/C,Se realizaró encuentros virtuales en el cual se dialogó con los docentes de escuelas primarias sobre la Promoción Acompañada.,87,23,N/C,N/C,N/C
16/09/2021,N/C,Reunión,Dialogando con docente_3.1,Virtual,Ministerio de Educación,N/C,N/C,N/C,"Se realizaron encuentros virtuales en el cual se dialogó con los docentes y cuerpo directivo de escuelas primarias de gestión estatal y privada sobre la Promoción Acompañada.
Se les consultó por: Criterios del Acompañamiento, Estrategias, Problemáticas, Evaluación, Documentación de avances, Impacto Emocional. ",32,19,N/C,N/C,N/C
16/09/2021,N/C,Reunión,Dialogando con docentes_3.2,Virtual,Ministerio de Educación,N/C,N/C,N/C,"Se realizaron encuentros virtuales en el cual se dialogó con los docentes y cuerpo directivo de escuelas primarias de gestión estatal y privada sobre la Promoción Acompañada.
Se les consultó por: Criterios del Acompañamiento, Estrategias, Problemáticas, Evaluación, Documentación de avances, Impacto Emocional. ",59,5,N/C,N/C,N/C
16/09/2021,N/C,Voluntariado,Voluntariado de plantación - Complejos habitacionales_Lugano I y II,Presencial,Dirección General de Espacios Verdes y Cementerios,N/C,Avenida Soldado de la Frontera & Coronel Manuel José Olascoaga,8,"Se invita a los vecinos y vecinas de la Ciudad a formar parte de una jornada de plantaciones que lo vinculen con ellas, visibilizando la labor realizada y fomentando la identidad barrial de cada uno.",107,14,N/C,N/C,N/C
18/09/2021,N/C,Voluntariado,Voluntariado de plantación - Complejos habitacionales_Rivadavia I,Presencial,Dirección General de Espacios Verdes y Cementerios,N/C,Malvinas Argentinas y Alfonsina Storni,7,"Se invita a los vecinos y vecinas de la Ciudad a formar parte de una jornada de plantaciones que lo vinculen con ellas, visibilizando la labor realizada y fomentando la identidad barrial de cada uno.",92,4,N/C,N/C,N/C
21/09/2021,N/C,Relevamiento de opinión,Plan de Futuro - Etapa 1 - Consulta Ciudadana,Bimodal,"Dirección General de Planificación Estratégica de la Secretaría Planificación, Evaluación y Coordinación de Gestión",N/C,N/C,Todas,"La primera etapa del proceso participativo tuvo como objeto generar un espacio de participación en el cual los ciudadanos y las ciudadanas, puedan expresar sus preferencias respecto de las temáticas que consideren más relevantes dentro de los ejes “Bienestar Integral”, “Educación y Trabajo”, “Ciudad Digital” y “Transformación Urbana” que podrán conformar una agenda de sugerencias para la Ciudad Autónoma de Buenos Aires.",N/C,N/C,N/C,N/C,5367
22/09/2021,N/C,Voluntariado,Voluntariado de plantación - Complejos habitacionales_Ramón Carrillo,Presencial,Dirección General de Espacios Verdes y Cementerios,N/C,Avenida Mariano Acosta y Pje. del Arte,8,"Se invita a los vecinos y vecinas de la Ciudad a formar parte de una jornada de plantaciones que lo vinculen con ellas, visibilizando la labor realizada y fomentando la identidad barrial de cada uno.",124,13,N/C,N/C,N/C
23/09/2021,N/C,Experiencia,Experiencia BA - MOA,Presencial,Ministerio de Espacio Público e Higiene Urbana,N/C,"Berro 3880 en Plaza Sicilia, dentro del Parque Tres de Febrero",14,"Se invintó a los vecinos a participar de un recorrido presencial al Patio de Esculturas (MOA), el taller donde se arreglan los monumentos de la Ciudad con profesionales que explicaron el proceso.",411,26,N/C,N/C,N/C
24/09/2021,N/C,Votación,Votación mundial de Tango BA,Virtual,Ministerio de Cultura,N/C,N/C,N/C,"Los ciudadanos y ciudadanas tuvieron la posibilidad de elegir a su pareja favorita entre los treinta finalistas de la categoría “Tango de Pista” y entre los quince finalistas de la categoría “Tango Escenario”, que fueran seleccionados previamente por el jurado designado por el organizador del concurso, la Dirección General de Eventos y Festivales.
No coincide lo establecido en “cantidad de votos” con lo dispuesto en “resultado votación”

",N/C,N/C,32932,"La votación registró un total de 32932 votos, discriminadas en dos categorías:

1) Categoría ""Tango de Escenario"" con un total de 8980 votos.

Pareja 431 - Pedro Zamin y Florencia Méndez - Gral. Pacheco - 1178 votos - 13.1%
Pareja 82 - Kevin Valencia y Valentina Villarreal - Cali - 1000 votos - 11.1%
Pareja 350 - Gabriel Salvi y Carolina Leonardelli - CABA - 980 votos - 10.9%
Pareja 162 - Javier Jofrey y Paola Valdivia - Maipú - 776 votos - 8.6%
Pareja 435 - Ramiro Nicolás Almirón y Evangelina Soledad Martinez - Garín - 691 votos  - 7.7%
Pareja 521 - Sergio Martin Almiron y Laly Torres - CABA - 634 votos - 7.1%
""Pareja 502 - Emmanuel Casal y Yanina Muzyka - Avellaneda  - 619 votos - 6.9%
Pareja 506 - Gastón Gatti y Hebe Hernandez - CABA - 597 votos - 6.6%
Pareja 72 - Jesús Taborda y Sabrina Amuchástegui - Río Ceballos - 560 votos - 6.2%
Pareja 116 - Kelvin Caly y Camila Rocha - Montevideo - 499 votos - 5.6%
Pareja 510 - Jhonny Carvajal y Lucila Prego Coultas - CABA - 498 votos - 5.5%
Pareja 155 - Edgar Tobares y Rosalia Alvarez - Córdoba - 399 votos - 4.4%
""Pareja 504 - Federico Carrizo y Juan Francisco Segui - CABA"" - 230 votos - 2.6%
Pareja 310 - Ariel Adrian Almirón y Aluminé Deluchi - Garín - 205 votos - 2.3%
Pareja 302 - Agustin Agnez y Barbara Ferreyra - San Fernando  - 114 votos - 1.3%

2) Categoría ""Tango de Pista"" con un total de 23952 votos.

Pareja 363 - Joaquin Alejandro Gonzalez y Caracoch Fatima Mariel - Lobos - 2466 votos - 10.3%
Pareja 303 - Agustin Rojas y Victoria Olivella - San isidro - 2195 votos - 9.2%
""Pareja 451 - Sebastian Bolivar        y Cynthia Palacios - Allen"" - 1869 votos - 7.8%
""Pareja 339 - Facundo Barrionuevo y Aldana belen Figueroa  - San Fernando"" 1633 votos - 6.8%
Pareja 391 - Lucas Robañera y Becky Navarro - Bahía Blanca - 1302 votos - 5.4%
Pareja 434 - Ramiro Perez Caricchio y Aldana Schneider - CABA - 989 votos - 4.1%
Pareja 350 - Gabriel Salvi y Carolina Leonardelli - CABA - 955 votos - 4.0%
Pareja 134 - Horacio Lopez y Soledad Gimenez - Salta        - 943 votos - 3.9%
Pareja 444 - Rodrigo Héctor Verón y Celeste Noelia Mattia -Escobar - 941 votos  - 3.9%
Pareja 305 - Alejandro Lazzaro y Gabriela Gallese - Tandil - 939 votos - 3.9%
Pareja 458 - Valentina Garnier y Juan Amaya - Carcarañá - 867 votos - 3.6%
Pareja 392 - Lucio Agustín Galvan y Gisela Soledad Curto - Haedo - 811 votos  - 3.4%
Pareja 452 - Sebastián Ruiz y Fernanda Valenzuela - Tucumán - 732 votos  - 3.1%
Pareja 461 - Walter Schefer y Silvina Hirschfeld - Santa Fé - 680 votos - 2.8%
Pareja 445 - Rodrigo Hernan Saucedo y Ornella Simonetto - Santa Fe - 644 votos - 2.7%
Pareja 138 - Emmanuel Avendaño y Marina Belén Machado - General Roca - 640 votos - 2.7%
Pareja 310 - Ariel Adrian Almirón y Aluminé Deluchi - Garín - 613 votos  - 2.6%
Pareja 362 - Jhonny Carvajal y Mara Oviedo - CABA  - 563 votos - 2.4%.
""Pareja 324 - Diego Churquina        y Mariel Filadoro - CABA"" - 486 votos - 2.0%
Pareja 19 - Jesús Páez y Iara Duarte - CABA - 445 votos  - 1.9%
Pareja 385 - Leonardo Pankow y Laisa Souza - Curitiva        - 423 votos - 1.8%
Pareja 113 - Artem Dovbushy y Karina Dovbush - San Pertersburgo - 407 votos  - 1.7%
Pareja 41 - Seung-Jun Hong y Eunkyoung Jung - Seúl - 401 votos - 1.7%
Pareja 302 - Agustin Agnez y Barbara Ferreyra - San Fernando - 383 votos - 1.6%
Pareja 399 - Marcos Carabajal y Elena Parlattore - Buenos Aires - 366 votos  - 1.5%
Pareja 315 - Maxi Copello y Raquel Makow - José León Suárez - 319 votos  - 1.3%
Pareja 440 - Ricardo Ariel Albornoz y Daniela Elizabeth Inglese - CABA - 313 votos  - 1.3%
Pareja 58 - Camilo Bernal Varela y Mayi Yepes Arboleda - Medellín - 253 votos  - 1.1%
Pareja 111 - Cristian Di Barbora y Alessia Romanazzi - Cogliate -  207 votos - 0.9%
Pareja 24 - Nicolas Marini y Vivian Yeh - Shanghai - 71 votos  - 0.3%
Pareja 26 - Ferrol Matthew Poluan y Muliany Rambe - Jakarta - 53 votos - 0.2%
Pareja 31 - Efimov Mikhail y Daria Pechatnikova - Moscú - 43 votos - 0.2%
",N/C
25/09/2021,N/C,Reunión,Segunda Maraton de ideas: Ambiente - Virtual_5,Virtual,Dirección General de Antropología Urbana,N/C,N/C,N/C,"La Dirección General Antropología Urbana en la órbita de la Secretaría Desarrollo Urbano con la colaboración de la DGPCC, realizó encuentros con el objetivo de que puedan intercambiar sus percepciones, experiencias y deseos respecto a la temática ambiente.",64,9,N/C,N/C,N/C
25/09/2021,N/C,Voluntariado,Jornada de Adopción De Mascotas Septiembre_1,Presencial,Agencia de Protección Ambiental (APRA),N/C,Av. Libertador y Av. Iraola,14,"Actividad de voluntariado para que los ciudadanos y ciudadanas que así lo deseen, puedan participar en una jornada de adopción de mascotas.",218,31,N/C,N/C,N/C
13/10/2021,N/C,Reunión,Plan de Futuro - Etapa 2 - Ideatones - Todos los ejes (Palermo),Presencial,"-Dirección General Calidad Institucional y Gobierno abierto - Secretaría de Planificación, Evaluación y Coordinación de Gestión",N/C,Juncal 4455,14,"La segunda etapa del proceso participativo tuvo como objeto generar espacios de participación ciudadana en el cual los ciudadanos y las ciudadanas, puedan intercambiar ideas y opiniones respecto de las temáticas consideradas relevantes dentro del/los eje/s “Bienestar Integral”, “Educación y Trabajo”, “Ciudad Digital” y “Transformación Urbana” en la etapa previa.",193,38,N/C,N/C,N/C
13/10/2021,N/C,Reunión,Plan de Futuro - Etapa 2 - Ideatones - Eje: Bienestar integral (virtual),Virtual,"-Dirección General Calidad Institucional y Gobierno abierto - Secretaría de Planificación, Evaluación y Coordinación de Gestión",N/C,N/C,N/C,"La segunda etapa del proceso participativo tuvo como objeto generar espacios de participación ciudadana en el cual los ciudadanos y las ciudadanas, puedan intercambiar ideas y opiniones respecto de las temáticas consideradas relevantes dentro del/los eje/s “Bienestar Integral”, “Educación y Trabajo”, “Ciudad Digital” y “Transformación Urbana” en la etapa previa.",277,84,N/C,N/C,N/C
14/10/2021,N/C,Reunión,Plan de Futuro - Etapa 2 - Ideatones  - Todos los ejes (Caballito),Presencial,"-Dirección General Calidad Institucional y Gobierno abierto - Secretaría de Planificación, Evaluación y Coordinación de Gestión",N/C,Av. Pedro Goyena 1468,6,"La segunda etapa del proceso participativo tuvo como objeto generar espacios de participación ciudadana en el cual los ciudadanos y las ciudadanas, puedan intercambiar ideas y opiniones respecto de las temáticas consideradas relevantes dentro del/los eje/s “Bienestar Integral”, “Educación y Trabajo”, “Ciudad Digital” y “Transformación Urbana” en la etapa previa.",190,43,N/C,N/C,N/C
14/10/2021,N/C,Reunión,Plan de Futuro - Etapa 2 - Ideatones - Eje: Educación y trabajo (virtual),Virtual,"-Dirección General Calidad Institucional y Gobierno abierto - Secretaría de Planificación, Evaluación y Coordinación de Gestión",N/C,N/C,N/C,"La segunda etapa del proceso participativo tuvo como objeto generar espacios de participación ciudadana en el cual los ciudadanos y las ciudadanas, puedan intercambiar ideas y opiniones respecto de las temáticas consideradas relevantes dentro del/los eje/s “Bienestar Integral”, “Educación y Trabajo”, “Ciudad Digital” y “Transformación Urbana” en la etapa previa.",369,85,N/C,N/C,N/C
19/10/2021,N/C,Reunión,Plan de Futuro - Etapa 2 - Ideatones - Todos los ejes (Barracas),Presencial,"-Dirección General Calidad Institucional y Gobierno abierto - Secretaría de Planificación, Evaluación y Coordinación de Gestión",N/C,Algarrobo 1041,4,"La segunda etapa del proceso participativo tuvo como objeto generar espacios de participación ciudadana en el cual los ciudadanos y las ciudadanas, puedan intercambiar ideas y opiniones respecto de las temáticas consideradas relevantes dentro del/los eje/s “Bienestar Integral”, “Educación y Trabajo”, “Ciudad Digital” y “Transformación Urbana” en la etapa previa.",257,22,N/C,N/C,N/C
19/10/2021,N/C,Reunión,Plan de Futuro - Etapa 2 - Ideatones - Eje: Transformación urbana (virtual),Virtual,"-Dirección General Calidad Institucional y Gobierno abierto - Secretaría de Planificación, Evaluación y Coordinación de Gestión",N/C,N/C,N/C,"La segunda etapa del proceso participativo tuvo como objeto generar espacios de participación ciudadana en el cual los ciudadanos y las ciudadanas, puedan intercambiar ideas y opiniones respecto de las temáticas consideradas relevantes dentro del/los eje/s “Bienestar Integral”, “Educación y Trabajo”, “Ciudad Digital” y “Transformación Urbana” en la etapa previa.",811,217,N/C,N/C,N/C
20/10/2021,N/C,Reunión,Plan de Futuro - Etapa 2 - Ideatones - Eje: Ciudad digital (virtual),Virtual,"-Dirección General Calidad Institucional y Gobierno abierto - Secretaría de Planificación, Evaluación y Coordinación de Gestión",N/C,N/C,N/C,"La segunda etapa del proceso participativo tuvo como objeto generar espacios de participación ciudadana en el cual los ciudadanos y las ciudadanas, puedan intercambiar ideas y opiniones respecto de las temáticas consideradas relevantes dentro del/los eje/s “Bienestar Integral”, “Educación y Trabajo”, “Ciudad Digital” y “Transformación Urbana” en la etapa previa.",873,124,N/C,N/C,N/C
21/10/2021,N/C,Reunión,Plan de Futuro - Etapa 2 - Ideatones - JÓVENES (Belgrano),Presencial,"-Dirección General Calidad Institucional y Gobierno abierto - Secretaría de Planificación, Evaluación y Coordinación de Gestión",N/C,Av. Juramento 2291,14,"La segunda etapa del proceso participativo tuvo como objeto generar espacios de participación ciudadana en el cual los ciudadanos y las ciudadanas, puedan intercambiar ideas y opiniones respecto de las temáticas consideradas relevantes dentro del/los eje/s “Bienestar Integral”, “Educación y Trabajo”, “Ciudad Digital” y “Transformación Urbana” en la etapa previa.",199,27,N/C,N/C,N/C
21/10/2021,N/C,Reunión,Plan de Futuro - Etapa 2 - Ideatones - JÓVENES (virtual),Virtual,"-Dirección General Calidad Institucional y Gobierno abierto - Secretaría de Planificación, Evaluación y Coordinación de Gestión",N/C,N/C,N/C,"La segunda etapa del proceso participativo tuvo como objeto generar espacios de participación ciudadana en el cual los ciudadanos y las ciudadanas, puedan intercambiar ideas y opiniones respecto de las temáticas consideradas relevantes dentro del/los eje/s “Bienestar Integral”, “Educación y Trabajo”, “Ciudad Digital” y “Transformación Urbana” en la etapa previa.",580,73,N/C,N/C,N/C
23/10/2021,N/C,Experiencia,Experiencia BA - Plazoleta Scholem Aleijem,Presencial,Comuna 5,N/C,Av Córdoba esquina Gascón,5,"Se invitó a los/as vecinos/as a recorrer la Plazoleta Scholem Aleijem un espacio común, recreativo y público a través de una Experiencia BA donde se conversó sobre la importancia del espacio verde, el arbolado y su ciudad.",78,11,N/C,N/C,N/C
23/10/2021,N/C,Voluntariado,Jornada de Adopción de Mascotas Octubre_2,Presencial,Agencia de Protección Ambiental (APRA),N/C,Avenida Eva Peron 1400,7,"Actividad de voluntariado para que los ciudadanos y ciudadanas que así lo deseen, puedan participar en una jornada de adopción de mascotas.",635,23,N/C,N/C,N/C
28/10/2021,N/C,Visita,Visita de obra - Parque de la Innovación,Presencial,Secretaria de Transporte y Obras públicas,N/C,Udaondo 1365,13,Recorrido con ciudadanos y ciudadanas por el predio del Ex Tiro Federal -Parque de la Innovación.,627,7,N/C,N/C,N/C
30/10/2021,N/C,Voluntariado,La Noche de Los Museos 2021_1,Presencial,Ministerio de Cultura,N/C,N/C,N/C,"En el marco de la La Noche de los Museos, se invitó a voluntarios a que colaboren en diversas tareas de atención al público en distintos museos y espacios culturales de la Ciudad.",131,74,N/C,N/C,N/C
05/11/2021,N/C,Evento,Semana #OrgulloBA_Sorteo de entradas,Presencial,N/C,N/C,N/C,N/C,Se invitó a vecinos a que participen en sorteo de entradas para las obras de teatro La deuda del grito y Siglo de Oro Trans.,"2,992",24,N/C,N/C,N/C
11/11/2021,N/C,Voluntariado,Voluntariado de plantación - Complejos habitacionales_San Francisco,Presencial,Dirección General espacios Verdes y Arbolado,N/C,Avenida Castañares y Portela,8,"Se invita a los vecinos y vecinas de la Ciudad a formar parte de una jornada de plantaciones que lo vinculen con ellas, visibilizando la labor realizada y fomentando la identidad barrial de cada uno.",100,5,N/C,N/C,N/C
20/11/2021,N/C,Voluntariado,La Nochecita 2021_ 1,Presencial,Ministerio de Cultura,N/C,N/C,N/C,En el marco de la La Nochecita invitó a voluntarios a que colaboren en diversas tareas de atención al público en distintos museos y espacios culturales de la Ciudad.,131,15,N/C,N/C,N/C
24/11/2021,N/C,Votación,Plan de Futuro - Etapa 3 - Votación Ciudadana,Virtual,"Dirección General de Planificación Estratégica de la Secretaría Planificación, Evaluación y Coordinación de Gestión",N/C,N/C,Todas,"La tercera etapa del proceso participativo tuvo como objeto de generar un espacio de participación ciudadana en el cual los ciudadanos y las ciudadanas que lo deseen, puedan expresar sus preferencias respecto de las ideas recabadas en la etapa previa.
",N/C,N/C,5875,"Votos totales: 5875.
Bienestar integral
Fomentar el aumento de los espacios verdes 1819 30,96%
Impulsar más campañas de comunicación y educación que difundan la importancia del reciclaje, el proceso y su impacto. 1133 19,29%
Favorecer la ampliación y la mejora de la red de ciclovías, promover el uso de la bici y concientizar sobre las buenas prácticas en ciclistas 801 13,63%
Ampliar la promoción de incentivos o premios para quienes reciclan 756 12,87%
Potenciar el voluntariado ciudadano para el acompañamiento e integración a personas adultas mayores, niños y niñas y a la juventud. 684 11,64%
Favorecer la implementación de más circuitos aeróbicos completos y espacios para deportes de equipo al aire libre, con acceso a puntos
de control de salud. 682 11,61%
Suma total 5875 100,00%
Ciudad digital 
Favorecer la mejora de la conectividad al WiFi en toda la ciudad, incluyendo el transporte público. 1668 28,39%
Fomentar la generación de una plataforma digital unificada para trámites y reclamos, acompañada por atención al público (presencial y
telefónica). 1615 27,49%
Promover una App gubernamental con un historial médico digital. Poder acceder al registro médico personal, sacar turnos y que tenga
alertas para controles médicos. 1057 17,99%
Facilitar el acceso a los sistemas de trámites digitales para aquellos grupos menos familiarizados con estas herramientas. 707 12,03%
Impulsar la generación de un usuario único electrónico por ciudadano que centralice su historial de trámites en la Ciudad 469 7,98%
Incentivar la ampliación de las funciones de BOTI generando respuestas personalizadas en base a las consultas previas del usuario,
complementándolas con atención personalizada las Comunas. 359 6,11%
Suma total 5875 100,00%
Educación y trabajo
Facilitar la inserción en el primer empleo, articulando y desarrollando el vínculo entre estudiantes de quinto año con universidades y
mercado laboral. 1471 25,07%
Impulsar pasantías, o prácticas profesionalizantes, para estudiantes que estén terminando la secundaria. 1196 20,35%
Favorecer la generación de un plan integral de asistencia a jóvenes emprendedores que incluya capacitaciones sobre temas financieros y
comunicación en redes sociales, así como también la posibilidad de acceder a créditos e incentivos impositivos para nuevos
emprendimientos 857 14,54%
Promover un mayor acceso al trabajo a través de certificaciones que acrediten saberes 797 13,61%
Promover la generación de herramientas que faciliten los procesos de búsquedas laborales 793 13,46%
Priorizar las habilidades digitales en el plan de estudio del nivel secundario en relación al mercado laboral. 761 12,96%
Suma total 5875 100,00%
Transformación urbana
Impulsar la mejora de la higiene, limpieza y seguridad urbana de los espacios públicos a través de un mayor control. 2021 34,40%
Incentivar el aumento de la cantidad de árboles en calles y plazas, con un sistema de mantenimiento y cuidado 1264 21,51%
Promover la transición de plazas y parques secos a verdes 1040 17,70%
Facilitar el acceso al borde costero para peatones y ciclistas 596 10,14%
Fomentar la construcción de mobiliario urbano con material reciclado 527 8,97%
Favorecer la movilidad limpia a través de créditos e incentivos impositivos 427 7,27%
Suma total 5875 100,00%",N/C
24/11/2021,N/C,Reunión,Encuentros sobre entornos saludables_1,Presencial,Ministerio de Educación - Ministerio de Salud,N/C,Deán Funes 1821,4,Desde la DGPCC se prestó colaboración en la celebración de encuentros con niños/as con la finalidad de que puedan intercambiar sus opiniones e ideas respecto del proyecto “Promoción de Entornos Saludables” de la DG de Servicio a las Escuelas del Ministerio de Educación.,N/C,10,N/C,N/C,N/C
25/11/2021,N/C,Reunión,Encuentros sobre entornos saludables_1,Presencial,Ministerio de Educación - Ministerio de Salud,N/C,Deán Funes 1821,4,Desde la DGPCC se prestó colaboración en la celebración de encuentros con niños/as con la finalidad de que puedan intercambiar sus opiniones e ideas respecto del proyecto “Promoción de Entornos Saludables” de la DG de Servicio a las Escuelas del Ministerio de Educación.,N/C,41,N/C,N/C,N/C
25/11/2021,N/C,Votación,Concurso Sabor Federal_Votación online,Virtual,Subsecretaría de Políticas Gastronómicas,N/C,N/C,N/C,"El concurso fue organizado la Subsecretaría de Políticas Gastronómicas (SSPOG) dependiente del Ministerio de Desarrollo Económico y Producción, la Dirección General de Desarrollo Gastronómico (DGDGAS) dependiente de éste y la Subsecretaría de Cooperación Urbana Federal (SSCUF) dependiente de la Secretaría General y Relaciones Internacionales (SGYRI).
La DGPCC colaboró poniendo a disposición herramienta/s de participación para que los/as ciudadanos/as tengan la posibilidad de elegir su video de receta favorito. A su vez, entre aquellos que manifestaron tener intención de formar parte como jurado en la final presencial, se realizó un sorteo frente a escribano público para elegir a los vecinos jurados. 


",N/C,N/C,3805,"Total de votos 3805.
1 - Andrea Morales - Jujuy - 343 votos - 9,1%.
2- Paola Nair Fasano - La Pampa - 338 votos - 8,8%. 
3 - Octavio D. Fueyo - Santa Fé - 285 votos - 7,4%. 
4 - Julieta Carolina Gruber - Chaco - 279 votos - 7,3%.
5 - Cristian Caffa - Ciudad Autónoma de Buenos Aires - 255 votos - 6,7%.
6 - Carlos Reynaga - Salta - 242 votos - 6,3%.
7 - Joaquín Amici - Mendoza - 198 votos - 5,2%. 
8 - José Tomás Carmona - Misiones - 197 votos - 5,1%.
9 - Nicolás Pereyra - Entre Ríos - 191 votos - 5,2%. 
10 - Julieta Sepúlveda - La Rioja - 186 votos - 4,8%.
11 - Juan Izaguirre - Río Negro - 180 votos - 4,7%.
12 - Matias Godoy - Santa Cruz - 176 votos - 4,6%.
13 - Maria Virginia García - San Luis - 167 votos - 4,3%.
14 - Andrea Soledad Sosa Herrmann - Corrientes - 147 votos -
15 - Romina Gonzalez - Córdoba - 137 votos - 3,8%.
16 - Jorge Daniel Ponteprino - Provincia de Buenos Aires - 131 votos - 3,4%.
17 - Patricio Coughlan - San Juan - 122 votos - 3,2%.
18 - Elvira Cossio - Tucumán - 105 votos - 2,76. 
19 - Mabel Viveros - Tierra del Fuego - 28 votos - 0,7%.
20 - Bruno Joaquín Mansilla Pubzolu - Catamarca - 26 votos - 0,6%.
21 - Agustina Boucar - Santiago del Estero - 22 votos - 0,5%.
22 - Adela Graciela Yahari - Formosa - 18 votos - 0,4%.
23 - Julieta Valsecchi - Chubut - 17 votos - 0,4%.
24 -Candela Fuentes - Neuquén - 15 votos - 0,4%.",N/C
26/11/2021,N/C,Relevamiento de opinión,Soluciones basadas en la naturaleza | Parque Saavedra_Relevamiento,Bimodal,Secretaria de Transporte y Obras públicas,N/C,"Vilela, Buenos Aires",12,"La Dirección General Infraestructura Urbana de la Secretaría Transporte y Obras Públicas, solicitó colaboración a la DGPCC en la generación de una herramienta de participación ciudadana en la cual los ciudadanos y las ciudadanas, puedan expresar sus opiniones respecto de la posible Regeneración del Arroyo Medrano en el Parque Saavedra.",N/C,N/C,N/C,N/C,1234
27/11/2021,N/C,Voluntariado,Jornada de Adopción de Mascotas Noviembre_3,Presencial,Secretaria de Ambiente,N/C,Av. Rivadavia y Corvalan,10,"Actividad de voluntariado para que los ciudadanos y ciudadanas que así lo deseen, puedan participar en una jornada de adopción de mascotas.",968,33,N/C,N/C,N/C
01/12/2021,N/C,Evento,Usina Senior_1,Presencial,Secretaría de Bienestar Integral,N/C,Agustín Caffarena 1,4,"La Dirección General Ciudad Amigable para Personas Mayores solicitó colaboración a la DGPCC en la implementación de herramienta/s de participación ciudadana en un encuentro con personas mayores. Participaron personas mayores, empresas, áreas de GCBA y legislatura en la Usina del Arte con el fin de poder dialogar y diagnósticar sobre las necesidades de las personas mayores. De esta manera, las empresas y el GCBA puedan trabajar en conjunto en iniciativas, productos y servicios que respondan a dichas necesidades.",N/C,N/C,N/C,N/C,N/C
07/12/2021,N/C,Voluntariado,Dia del Voluntario,Presencial,Dirección General de Participación Ciudadana y Cercanía,N/C,N/C,14,"Encuentro con voluntarios y voluntarias para intercambiar opiniones respecto de las actividades que se realizaron durante el año 2021, y pensar posibles nuevas actividades de voluntariado.",460,85,N/C,N/C,N/C
09/12/2021,N/C,Experiencia,Experiencia Ba-Museo de Arte Moderno,Presencial,Ministerio de Cultura,N/C,Av. San Juan,1,"Se invitó a los vecinos a vivir a una Experiencia en el Museo de Arte Moderno, se les contó los procesos de restauración en general y en particular, acompañado por educadores que  contextualizaron la obra y brindar información sobre los artistas.
",678,77,N/C,N/C,N/C
09/12/2021,N/C,Reunión,Encuentros con jóvenes sobre  su proyecto de vida_1,Virtual,Ministerio de Educación,N/C,N/C,N/C,"La Subsecretaría Coordinación Pedagógica y Equidad Educativa solicitó colaboración a la DGPCC para llevar adelante encuentros virtuales con jóvenes, junto al Ministerio de Educación para intercambiar opiniones y reflexiones de cara al futuro y pensar posibles herramientas que los acompañen en su proyecto de vida.",36,22,N/C,N/C,N/C
10/12/2021,N/C,Reunión,Encuentros con jóvenes sobre  su proyecto de vida_2,Virtual,Ministerio de Educación,N/C,N/C,N/C,"La Subsecretaría Coordinación Pedagógica y Equidad Educativa solicitó colaboración a la DGPCC para llevar adelante encuentros virtuales con jóvenes, junto al Ministerio de Educación para intercambiar opiniones y reflexiones de cara al futuro y pensar posibles herramientas que los acompañen en su proyecto de vida.",27,55,N/C,N/C,N/C
15/12/2021,N/C,Reunión,Soluciones basadas en la naturaleza | Parque Saavedra_Reunión 3,Virtual,Secretaria de Transporte y Obras públicas,N/C,N/C,N/C,"La Dirección General Infraestructura Urbana de la Secretaría Transporte y Obras Públicas, solicitó colaboración a la DGPCC en la generación de una herramienta de participación ciudadana en la cual los ciudadanos y ciudadanas puedan intercambiar ideas en espacios de diálogo respecto de la posible Regeneración del Arroyo Medrano en el Parque Saavedra.
",127,23,N/C,N/C,N/C
17/12/2021,N/C,Reunión,Soluciones basadas en la naturaleza | Parque Saavedra_Reunión 5,Virtual,Secretaria de Transporte y Obras públicas,N/C,N/C,N/C,"La Dirección General Infraestructura Urbana de la Secretaría Transporte y Obras Públicas, solicitó colaboración a la DGPCC en la generación de una herramienta de participación ciudadana en la cual los ciudadanos y ciudadanas puedan intercambiar ideas en espacios de diálogo respecto de la posible Regeneración del Arroyo Medrano en el Parque Saavedra.
",114,18,N/C,N/C,N/C
17/12/2021,N/C,Voluntariado,Colecta de Fin de Año,Presencial,Ministerio de Desarrollo Humano y Habitat,N/C,Varios puntos,2,"En virtud de la colecta de fin de año llevada adelante, se invitó a los ciudadanos y ciudadanas a participar como voluntarios.",457,54,N/C,N/C,N/C
18/12/2021,N/C,Voluntariado,Jornada de Adopción de Mascotas Noviembre_4,Presencial,Secretaria de Ambiente,N/C,Av. Rivadavia y Doblas,6,"Actividad de voluntariado para que los ciudadanos y ciudadanas que así lo deseen, puedan participar en una jornada de adopción de mascotas.",203,56,N/C,N/C,N/C
21/12/2021,N/C,Reunión,Soluciones basadas en la naturaleza | Parque Saavedra_Reunión 6,Virtual,Secretaria de Transporte y Obras públicas,N/C,N/C,N/C,"La Dirección General Infraestructura Urbana de la Secretaría Transporte y Obras Públicas, solicitó colaboración a la DGPCC en la generación de una herramienta de participación ciudadana en la cual los ciudadanos y ciudadanas puedan intercambiar ideas en espacios de diálogo respecto de la posible Regeneración del Arroyo Medrano en el Parque Saavedra.
",190,12,N/C,N/C,N/C
24/01/2022,N/C,Relevamiento de opinión,Seguridad Vial,Virtual,"Dirección General Diseño e Implementación, de la Subsecretaría Planificación de la Movilidad",N/C,N/C,Todas,"El objeto fue generar una herramienta de participación ciudadana en la cual los ciudadanos y las ciudadanas, pudieran expresar sus opiniones respecto de la seguridad vial en la ciudad.
La Dirección General Participación Ciudadana y Cercanía prestó colaboración al área competente para el diseño y/o implementación de la/s herramienta/s de participación ciudadana.",N/C,N/C,N/C,3281,N/C
4/02/2022,N/C,Visita de obra,Visita de obra - Parque de la Innovación,Presencial,Secretaria de Transporte y Obras públicas,N/C,Avenida Udaondo 1370,13,"El objetivo fue realizar un recorrido con ciudadanos y ciudadanas por el predio del Parque de la Innovación.
La Dirección General Participación Ciudadana y Cercanía prestó colaboración al área competente para el diseño y/o implementación de la/s herramienta/s de participación ciudadana.",2570,13,N/C,N/C,N/C
7/02/2022,N/C,Sorteo,Argentina Open_1,Presencial,Secretaría de Deportes,N/C,Olleros 1510,14,"El objetivo fue que los ciudadanos y ciudadanas que así lo deseen, pudieran participar en diferentes actividades que se llevaron a cabo en el marco del evento “Argentina Open 2022”
La Dirección General Participación Ciudadana y Cercanía prestó colaboración al área competente para el diseño y/o implementación de la/s herramienta/s de participación ciudadana.",5.583,3,N/C,N/C,N/C
9/02/2022,N/C,Reunión,Seguridad Vial - Reunión 1,Virtual,"Dirección General Diseño e Implementación, de la Subsecretaría Planificación de la Movilidad",N/C,N/C,Todas,"El objeto fue generar una herramienta de participación ciudadana en la cual los ciudadanos y las ciudadanas, pudieran expresar sus opiniones respecto de la seguridad vial en la ciudad.La Dirección General Participación Ciudadana y Cercanía prestó colaboración al área competente para el diseño y/o implementación de la/s herramienta/s de participación ciudadana.",492,136,N/C,N/C,N/C
9/02/2022,N/C,Sorteo,Argentina Open_2,Presencial,Secretaría de Deportes,N/C,Olleros 1510,14,"El objetivo fue que los ciudadanos y ciudadanas que así lo deseen, pudieran participar en diferentes actividades que se llevaron a cabo en el marco del evento “Argentina Open 2022”
La Dirección General Participación Ciudadana y Cercanía prestó colaboración al área competente para el diseño y/o implementación de la/s herramienta/s de participación ciudadana.",5.583,3,N/C,N/C,N/C
9/02/2022,N/C,Sorteo,Argentina Open_3,Presencial,Secretaría de Deportes,N/C,Olleros 1510,14,"El objetivo fue que los ciudadanos y ciudadanas que así lo deseen, pudieran participar en diferentes actividades que se llevaron a cabo en el marco del evento “Argentina Open 2022”
La Dirección General Participación Ciudadana y Cercanía prestó colaboración al área competente para el diseño y/o implementación de la/s herramienta/s de participación ciudadana.",5.583,3,N/C,N/C,N/C
10/02/2022,N/C,Reunión,Seguridad Vial - Reunión 2,Virtual,"Dirección General de Diseño e Implementación - Subsecretaría Planificación de la Movilidad, en la órbita de la Secretaría
Transporte y Obras Públicas",N/C,N/C,Todas,"El objeto fue generar una herramienta de participación ciudadana en la cual los ciudadanos y las ciudadanas, pudieron intercambiar ideas en espacios de diálogo respecto de la Seguridad Vial en la Ciudad.
La Dirección General Participación Ciudadana y Cercanía prestó colaboración al área competente para el diseño y/o implementación de la/s herramienta/s de participación ciudadana.",122,40,N/C,N/C,N/C
11/02/2022,N/C,Reunión,Maratón de ideas_cultura_1,Presencial,Dirección General Antropología Urbana,N/C,Agustín R. Caffarena 1,4,"El objetivo fue generar espacios de participación donde los niños y niñas pudieran intercambiar opiniones e ideas sobre cultura.
La Dirección General Participación Ciudadana y Cercanía prestó colaboración al área competente para el diseño y/o implementación de la/s herramienta/s de participación ciudadana.",301,39,N/C,N/C,N/C
11/02/2022,N/C,Reunión,Maratón de ideas_cultura_2,Presencial,Dirección General Antropología Urbana,N/C,Agustín R. Caffarena 1,4,"El objetivo fue generar espacios de participación donde los niños y niñas pudieran intercambiar opiniones e ideas sobre cultura.
La Dirección General Participación Ciudadana y Cercanía prestó colaboración al área competente para el diseño y/o implementación de la/s herramienta/s de participación ciudadana.",301,21,N/C,N/C,N/C
12/02/2022,N/C,Sorteo,Argentina Open_4,Presencial,Secretaría de Deportes,N/C,Olleros 1510,14,"El objetivo fue que los ciudadanos y ciudadanas que así lo deseen, pudieran participar en diferentes actividades que se llevaron a cabo en el marco del evento “Argentina Open 2022”
La Dirección General Participación Ciudadana y Cercanía prestó colaboración al área competente para el diseño y/o implementación de la/s herramienta/s de participación ciudadana.",5.583,3,N/C,N/C,N/C
13/02/2022,N/C,Sorteo,Argentina Open_5,Presencial,Secretaría de Deportes,N/C,Olleros 1510,14,"El objetivo fue que los ciudadanos y ciudadanas que así lo deseen, pudieran participar en diferentes actividades que se llevaron a cabo en el marco del evento “Argentina Open 2022”
La Dirección General Participación Ciudadana y Cercanía prestó colaboración al área competente para el diseño y/o implementación de la/s herramienta/s de participación ciudadana.",5.583,1,N/C,N/C,N/C
15/02/2022,N/C,Reunión,Seguridad Vial - Reunión 3,Virtual,"Dirección General Diseño e Implementación, de la Subsecretaría Planificación de la Movilidad, en la órbita de la Secretaría
Transporte y Obras Públicas",N/C,N/C,Todas,"El objeto fue generar una herramienta de participación ciudadana en la cual los ciudadanos y las ciudadanas, pudieron intercambiar ideas en espacios de diálogo respecto de la Seguridad Vial en la Ciudad.
La Dirección General Participación Ciudadana y Cercanía prestó colaboración al área competente para el diseño y/o implementación de la/s herramienta/s de participación ciudadana.",128,24,N/C,N/C,N/C
17/02/2022,N/C,Experiencia,Experiencia BA - División de canes,Presencial,"Dirección General Articulación Comunal y Participación Ciudadana en Comisarías de la Subsecretaría
Prevención y Vinculación Ciudadana en Seguridad",N/C,Itaqui 2604,8,"El objetivo fue que los ciudadanos y
ciudadanas pudieran conocer el entrenamiento canino en el Instituto Superior de Seguridad Pública",1.124,28,N/C,N/C,N/C
21/02/2022,N/C,Relevamiento de opinión,Relevamiento de opinión - Parque de Innovación,Bimodal,"Unidad de Proyectos Especiales Parque de la Innovación dependiente del Ministerio de Desarrollo Económico y
Producción",N/C,Avenida Udaondo 1370,Todas,"El objeto fue generar una herramienta de participación ciudadana en la cual los ciudadanos y las ciudadanas, pudieran expresar sus opiniones
respecto al Parque de Innovación.

La Dirección General Participación Ciudadana y Cercanía prestó colaboración al área competente para el diseño y/o implementación de la/s herramienta/s de participación ciudadana.
",N/C,N/C,N/C,911,N/C
23/02/2022,N/C,Reunión,Calles Verdes_Vera,Virtual,"Dirección General
Regeneración Urbana en la órbita de la Subsecretaría Paisaje Urbano",N/C,N/C,Todas,"El objetivo fue generar una herramienta de participación ciudadana en la cual los ciudadanos y ciudadanas, pudieran intercambiar ideas en un espacio de diálogo respecto al proyecto “Calles verdes”.
La Dirección General Participación Ciudadana y Cercanía prestó colaboración al área competente para el diseño y/o implementación de la/s herramienta/s de participación ciudadana.",114,21,N/C,N/C,N/C
25/02/2022,N/C,Voluntariado,Jornada de Voluntariado en FIBA,Presencial,Subsecretaría Gestión Cultural,N/C,Florida y Lavalle,1,"El objeto fue que los ciudadanos y ciudadanas pudieran participar como voluntarios en la edición 2022 del Festival Internacional de Buenos Aires “FIBA""organizada por la Dirección General Festivales y Eventos Centrales de la Subsecretaría Gestión Cultural.",2.014,16,N/C,N/C,N/C
10/03/2022,N/C,Reunión,Calles Verdes_Triunvirato,Virtual,"Dirección General
Regeneración Urbana en la órbita de la Subsecretaría Paisaje Urbano",N/C,N/C,Todas,"El objetivo fue generar una herramienta de participación ciudadana en la cual los ciudadanos y ciudadanas, pudieran intercambiar ideas en un espacio de diálogo respecto al proyecto “Calles verdes”.
La Dirección General Participación Ciudadana y Cercanía prestó colaboración al área competente para el diseño y/o implementación de la/s herramienta/s de participación ciudadana.",273,40,N/C,N/C,N/C
17/03/2022,N/C,Experiencia,Experiencia BA - DOEM,Presencial,"Dirección General Articulación Comunal y Participación Ciudadana en Comisarías de la Subsecretaría
Prevención y Vinculación Ciudadana en Seguridad.",N/C, Ana Díaz 5455 ,8,"El objeto fue realizar un recorrido con
ciudadanos y ciudadanas por la División Operaciones Especiales Metropolitanas “DOEM”",686,33,N/C,N/C,N/C
21/03/2022,N/C,Relevamiento de opinión,Relevamiento de opinión sobre la donación voluntaria de sangre,Virtual,"Dirección General
Hospitales dependiente de la Subsecretaría Atención Hospitalaria del Ministerio de Salud",N/C,N/C,Todas,"El objeto fue generar una herramienta de participación ciudadana en la cual los ciudadanos y las ciudadanas, pudieran expresar sus opiniones
respecto de la donación de sangre.
La Dirección General Participación Ciudadana y Cercanía prestó colaboración al área competente para el diseño y/o implementación de la/s herramienta/s de participación ciudadana.",N/C,N/C,N/C,617,N/C
22/03/2022,N/C,Experiencia,Experiencia BA - Centro de Monitoreo y Gestión de Movilidad,Presencial,Secretaria de Transporte y Obras públicas,N/C,Dr. Prof. Pedro Chutro 2928,4,El objeto fue realizar una visita con ciudadanos y ciudadanas por el “Centro de Monitoreo y Gestión de Movilidad”,52,20,N/C,N/C,N/C
22/03/2022,N/C,Experiencia,Experiencia BA - Centro de reciclaje,Presencial,Dirección General Reciclado y Economía Circular dependiente de la Subsecretaría Higiene Urbana en la órbita del Ministerio de Espacio Público e Higiene Urbana,N/C,"Ana María Janer 2750
",8,El objeto fue realizar un recorrido con ciudadanos y ciudadanas por el Centro de Reciclaje de la Ciudad.,103,19,N/C,N/C,N/C
23/03/2022,N/C,Experiencia,Experiencia BA - Torre Monumental,Presencial,"Dirección General Patrimonio, Museos y Casco Histórico dependiente de la Subsecretaría Gestión Cultural",N/C,Av. Dr. José María Ramos Mejía 1315,1,El objeto fue realizar una visita con ciudadanos y ciudadanas por la “Torre Monumental”,5.667,24,N/C,N/C,N/C
28/03/2022,N/C,Experiencia,Experiencia BA - Operaciones Motorizadas,Presencial,Dirección General Articulación Comunal y Participación Ciudadana en Comisarías dependiente de la Subsecretaría de Prevención y Vinculación Ciudadana en Seguridad,N/C,Belgrano 3100,3,"El objeto fue realizar una visita con ciudadanos y ciudadanas por el “Centro de Operaciones Motorizadas de la Policía de la Ciudad”
",1.208,25,N/C,N/C,N/C
29/03/2022,N/C,Experiencia,Experiencia BA - Centro de Monitoreo Urbano,Presencial,Dirección General Articulación Comunal y Participación Ciudadana en Comisarías dependiente de la Subsecretaría de Prevención y Vinculación Ciudadana en Seguridad,N/C,Av. Jorge Newbery 4218,15,El objeto fue realizar visitas con ciudadanos y ciudadanas por el “Centro de Monitoreo Urbano”,229,12,N/C,N/C,N/C
29/03/2022,N/C,Experiencia,Experiencia BA - Visita guiada Ecoparque,Presencial,UPEPI Unidad de Proyectos Especiales Ecoparque interactivo CABA,N/C,Av. Sarmiento 2601,14,"El objeto fue realizar un recorrido
con ciudadanos y ciudadanas por el Ecoparque.",265,16,N/C,N/C,N/C
30/03/2022,N/C,Experiencia,Experiencia BA - Visita a la Torre e interiores subterráneos de Usina del Arte,Presencial,"Dirección General Patrimonio, Museos y Casco Histórico dependiente de Subsecretaría Gestión Cultural",N/C,Caffarena 1,4,"El objeto fue realizar una visita
con ciudadanos y ciudadanas por la Usina del Arte",82,5,N/C,N/C,N/C
31/03/2022,N/C,Experiencia,Experiencia BA - Centro Verde Núñez,Presencial,"Dirección General Reciclado y Economía Circular y la Dirección General Operación de Reciclado, ambas en la órbita de la Subsecretaría Higiene Urbana",N/C,Gral. Paz 98,13,El objeto fue realizar una visita con ciudadanos y ciudadanas por un centro verde de la Ciudad,44,5,N/C,N/C,N/C
31/03/2022,N/C,Experiencia,Experiencia BA - Division Criminalistica,Presencial,Dirección General Articulación Comunal y Participación Ciudadana en Comisarías en la órbita de la Subsecretaría de Prevención y Vinculación Ciudadana en Seguridad,N/C,Ramón Castillo 1720,1,El objeto fue realizar un recorrido con ciudadanos y ciudadanas por la División Criminalística de la Policía de la Ciudad de Buenos Aires,1.691,19,N/C,N/C,N/C
31/03/2022,N/C,Visita de obra,Visita de obra: Bajo Autopista - Barrio 31,Presencial,UPE Urbanización Barrio Padre Carlos Mugica,N/C,Av. Pres. Ramón Castillo 10.,1,"El objeto fue realizar una visita con ciudadanos y ciudadanas por el bajo autopista del Barrio Padre Carlos
Mugica
La Dirección General Participación Ciudadana y Cercanía prestó colaboración al área competente para el diseño y/o implementación de la/s herramienta/s de participación ciudadana.",118,7,N/C,N/C,N/C
1/04/2022,N/C,Experiencia,Experiencia BA - Puerto Madero,Presencial,"Dirección General
Desarrollo Turístico dependiente del Ente de Turismo de la Ciudad Autónoma de Buenos Aires",N/C,Av. Alicia Moreau de Justo y Cecilia Grierson ( Av. Córdoba) debajo de la grúa.,1,"El objeto consistió en que los ciudadanos y ciudadanas pudieran participar de un recorrido por Puerto
Madero",1.187,46,N/C,N/C,N/C
4/04/2022,N/C,Visita de obra,Visita de obra - Paseo Gigena,Presencial,Secretaría de Desarrollo Urbano (SDU),N/C,Marcelino Freyre y Dorrego,14,"El objeto fue realizar un
recorrido con ciudadanos y ciudadanas por el Paseo Gigena
La Dirección General Participación Ciudadana y Cercanía prestó colaboración al área competente para el diseño y/o implementación de la/s herramienta/s de participación ciudadana.",362,19,N/C,N/C,N/C
4/04/2022,N/C,Experiencia,Experiencia BA - Visita Riachuelo,Presencial,Ministerio de Espacio Público e Higiene Urbana,N/C,Pedro de Mendoza 1900,4,El objeto fue realizar una visita con ciudadanos y ciudadanas por el Riachuelo,152,8,N/C,N/C,N/C
5/04/2022,N/C,Experiencia,Experiencia BA - Miradores: Galería Güemes ,Presencial,"Dirección General
Patrimonio Museos y Casco Histórico en la órbita de la Subsecretaría Gestión Cultural",N/C,Florida 165,1,"El objeto fue realizar una visita
con ciudadanos y ciudadanas por el mirador de la “Galería Güemes”",4.929,35,N/C,N/C,N/C
6/04/2022,N/C,Experiencia,Experiencia BA - Mirador Chalecito y Obelisco,Presencial,Ministerio de Espacio Público e Higiene Urbana,N/C,Base Obelisco,1,El objeto fue realizar una visita con ciudadanos y ciudadanas por el Mirador Chalecito y Obelisco,2.767,14,N/C,N/C,N/C
6/04/2022,N/C,Experiencia,Experiencia BA - K9 Division de Canes,Presencial,"Dirección General Articulación Comunal y Participación Ciudadana en Comisarías de la Subsecretaría
Prevención y Vinculación Ciudadana en Seguridad.",N/C,Itaqui 2604,8,El objeto consistió en que ciudadanos y ciudadanas pudieran conocer el entrenamiento canino en Instituto Superior de Seguridad Pública.,1.532,30,N/C,N/C,N/C
7/04/2022,N/C,Voluntariado,Voluntariado BA -  Plantación de árboles en Parque Indoamericano,Presencial,Secretaría Transporte y Obras Públicas y la Agencia de Protección Ambiental,N/C,Av Castañares y Av. Escalada,8,El objeto fue realizar una actividad de voluntariado para que los ciudadanos y ciudadanas pudieran participar en una plantación de árboles en Parque Indoamericano.,348,19,N/C,N/C,N/C
7/04/2022,N/C,Experiencia,Experiencia BA - Visita guiada Cuartel de bomberos - Estación VI,Presencial,"Dirección General Articulación Comunal y Participación Ciudadana en Comisarías de la Subsecretaría
Prevención y Vinculación Ciudadana en Seguridad",N/C,Av Corrientes 5340,15,El objeto fue realizar un recorrido con ciudadanos y ciudadanas por el cuartel de bomberos Estación IV,485,35,N/C,N/C,N/C
7/04/2022,N/C,Experiencia,Experiencia BA - BOTI ,Presencial,Secretaría de Innovación y Transformación Digital,N/C,Juan Carlos Gómez 276,4,"El objeto consistió en que ciudadanos y ciudadanas pudieran conocer el
funcionamiento de “BOTI” el chatbot de la Ciudad",52,9,N/C,N/C,N/C
11/04/2022,N/C,Experiencia,Experiencia BA - Recorrida Túnel Línea E,Presencial,Secretaria de Transporte y Obras públicas,N/C,N/C,1,El objeto fue realizar un recorrido con ciudadanos y ciudadanas por el “Túnel de la Línea E”,1.9,7,N/C,N/C,N/C
11/04/2022,N/C,Votación,Votación: Videjuegos Gamejam 2022 ,Virtual,Dirección General Políticas de Juventud en la órbita del Ministerio de Desarrollo Económico y Producción,N/C,N/C,Todas,"En virtud de la iniciativa “Game Jam de Academia de Videojuegos” organizada por la Dirección General Políticas de Juventud en la órbita del Ministerio de Desarrollo Económico y Producción se implementó una herramienta de participación ciudadana para que los ciudadanos y ciudadanas pudieran expresar sus preferencias respecto de tres (3) proyectos de videojuegos indicados por la Dirección General mencionada.
La Dirección General Participación Ciudadana y Cercanía prestó colaboración al área competente para el diseño y/o implementación de la/s herramienta/s de participación ciudadana.",N/C,N/C,580,N/C,N/C
12/04/2022,N/C,Relevamiento de opinión,Relevamiento de opinión - Cómo vivimos el río,Virtual,Dirección General Antropología Urbana en la órbita de la Secretaría Desarrollo Urbano,N/C,N/C,Todas,"El objeto fue generar una herramienta de participación ciudadana en la cual los ciudadanos y las ciudadanas, pudieran expresar sus opiniones respecto de los posibles usos de espacios costeros de la Ciudad Autónoma de Buenos Aires.
La Dirección General Participación Ciudadana y Cercanía prestó colaboración al área competente para el diseño y/o implementación de la/s herramienta/s de participación ciudadana.",N/C,N/C,N/C,655,N/C
13/04/2022,N/C,Experiencia,Recorrido por el edificio emblema de la integración con el Barrio Mugica,Presencial,Ministerio de Educación,N/C,Perette entre Islas Galápagos y Futaleufú,1,El objeto fue realizar un recorrido con ciudadanos y ciudadanas por el Ministerio de Educación en el Barrio Padre Carlos Mugica,64,3,N/C,N/C,N/C
13/04/2022,N/C,Experiencia,Experiencia BA: Autodromo,Presencial,UPE Autódromo de la CABA,N/C,Av.gral Roca 6902,8,El objeto fue realizar una visita con ciudadanos y ciudadanas por el Autódromo Oscar y Juan Gálvez,3.311,8,N/C,N/C,N/C
20/04/2022,N/C,Experiencia,Experiencia BA - Limpieza Nocturna,Presencial,Ministerio de Espacio Público e Higiene Urbana,N/C, Av Santa Fe y Carranza ,14,El objeto fue realizar un recorrido con ciudadanos y ciudadanas para conocer sobre la limpieza nocturna en la Ciudad,119,4,N/C,N/C,N/C
25/04/2022,N/C,Relevamiento de opinión,Relevamiento opinión - Jóvenes y empleabilidad,Virtual,Dirección General Políticas de Juventud,N/C,N/C,Todas,"El objetivo fue generar espacios de participación donde los ciudadanos y
ciudadanas pudieran intercambiar opiniones e ideas sobre la empleabilidad en la Ciudad
Autónoma de Buenos Aires.

La Dirección General Participación Ciudadana y Cercanía prestó colaboración al área competente para el diseño y/o implementación de la/s herramienta/s de participación ciudadana.",N/C,N/C,N/C,377,N/C
3/05/2022,N/C,Visita de obra,Visita de obra - Parque de la Innovación,Presencial,Secretaria de Transporte y Obras públicas,N/C,Udaondo 1365,13,"El objeto fue realizar un recorrido con ciudadanos y ciudadanas por el predio del Parque de la Innovación.
La Dirección General Participación Ciudadana y Cercanía prestó colaboración al área competente para el diseño y/o implementación de la/s herramienta/s de participación ciudadana.",90,2,N/C,N/C,N/C
3/05/2022,N/C,Sorteo,Sorteo: Entradas - Autodromo,Presencial,Unidad de Proyectos Especiales Autodromo,N/C,Av Gral Roca 6902,8,"Los ciudadanos y ciudadanas que así lo desearon pudieron participar por 10 entradas para el evento ProCar 4000 en el Autódromo Oscar y Juan Gálvez

La Dirección General Participación Ciudadana y Cercanía prestó colaboración al área competente para el diseño y/o implementación de la/s herramienta/s de participación ciudadana.",2510,N/C,N/C,N/C,N/C
3/05/2022,N/C,Sorteo,Sorteo: Entradas - Feria del Libro,Presencial,Secretaría de Medios,N/C,"Av. Santa Fe 4201, Plaza Italia - Av. Sarmiento 2704 - Av. Cerviño 4474.",14,"Los ciudadanos y ciudadanas que así lo desearon pudieron participar para asistir a la edición N° 46 de la Feria Internacional del Libro de Buenos Aires
La Dirección General Participación Ciudadana y Cercanía prestó colaboración al área competente para el diseño y/o implementación de la/s herramienta/s de participación ciudadana.",8.286,N/C,N/C,N/C,N/C
4/05/2022,N/C,Reunión,Reunión  - Jóvenes y empleabilidad,Virtual,Dirección General Políticas de Juventud,N/C,N/C,Todas,"El objetivo fue generar espacios de participación donde los ciudadanos y
ciudadanas pudieran intercambiar opiniones e ideas sobre la empleabilidad en la Ciudad
Autónoma de Buenos Aires.

La Dirección General Participación Ciudadana y Cercanía prestó colaboración al área competente para el diseño y/o implementación de la/s herramienta/s de participación ciudadana.",68,5,N/C,N/C,N/C
5/05/2022,N/C,Reunión,Reunión con jóvenes - Jóvenes y empleabilidad,Presencial,Dirección General Políticas de Juventud,N/C,"Pepirí 135, C1437EIC CABA",4,"El objetivo fue generar espacios de participación donde los ciudadanos y
ciudadanas pudieran intercambiar opiniones e ideas sobre la empleabilidad en la Ciudad
Autónoma de Buenos Aires.
La Dirección General Participación Ciudadana y Cercanía prestó colaboración al área competente para el diseño y/o implementación de la/s herramienta/s de participación ciudadana.",211,38,N/C,N/C,N/C
8/05/2022,N/C,Experiencia,Experiencia BA: ProCar 4000,Presencial,Unidad de Proyectos Especiales Autodromo,N/C,Av Gral Roca 6902,8,Los ciudadanos y ciudadanas que así lo desearon pudieron inscribirse para participar del evento ProCar 4000 en el Autódromo Oscar y Juan Gálvez,2510,7,N/C,N/C,N/C
12/05/2022,N/C,Reunión,Reunión - Calle Verde Paraguay,Virtual,Dirección General Regeneración Urbana (dependiente de la Subsecretaría Paisaje Urbano del Ministerio Espacio Público e Higiene Urbana),N/C,No aplica,Todas,"El objetivo fue generar una herramienta de participación ciudadana en la cual los ciudadanos y ciudadanas, pudieran intercambiar ideas en espacios de diálogorespecto al proyecto “Calles verdes”.
La Dirección General Participación Ciudadana y Cercanía prestó colaboración al área competente para el diseño y/o implementación de la/s herramienta/s de participación ciudadana.",170,32,N/C,N/C,N/C
14/05/2022,N/C,Voluntariado,Jornada de Adopcion de Mascotas,Presencial,"Unidad de Coordinación de Sanidad y Tenencia Responsable de Mascotas dependiente de la Agencia
de Protección Ambiental en la órbita de la Secretaría de Ambiente",N/C,Av. Asamblea y Emilio Mitre,7,El objeto fue realizar una actividad de voluntariado para que los ciudadanos y ciudadanas pudieran participar en una jornada de adopción de mascotas,719,29,N/C,N/C,N/C
16/05/2022,N/C,Relevamiento de opinión,Relevamiento de opinión - Plaza Ciudad de Banff ,Bimodal,Secretaría Atención Ciudadana y Gestión Comunal,N/C,N/C,Todas,"El objeto fue generar una herramienta de participación ciudadana en la cual
los ciudadanos y las ciudadanas, pudieran expresar sus opiniones respecto de la Plaza Ciudad de Banff.
La Dirección General Participación Ciudadana y Cercanía prestó colaboración al área competente para el diseño y/o implementación de la/s herramienta/s de participación ciudadana.",N/C,N/C,N/C,439,N/C
17/05/2022,N/C,Reunión,Reunión - Calle Verde Paraguay,Presencial,Dirección General Regeneración Urbana (dependiente de la Subsecretaría Paisaje Urbano del Ministerio Espacio Público e Higiene Urbana),N/C,Paraguay 834,1,"El objetivo fue generar una herramienta de participación ciudadana en la cual los ciudadanos y ciudadanas, pudieran intercambiar ideas en espacios de diálogo respecto al proyecto “Calles verdes”.
La Dirección General Participación Ciudadana y Cercanía prestó colaboración al área competente para el diseño y/o implementación de la/s herramienta/s de participación ciudadana.",180,19,N/C,N/C,N/C
19/05/2022,N/C,Experiencia,Experiencia BA: Defensa Civil,Presencial,Ministerio de Justicia y Seguridad,N/C,Estados Unidos 3275,5,"El objeto fue realizar un recorrido con
ciudadanos y ciudadanas por el edificio de Defensa Civil.",646,12,N/C,N/C,N/C
19/05/2022,N/C,Relevamiento de opinión,Relevamiento de opinión - Puntos verdes ,Bimodal,Dirección General Reciclado y Economía Circular dependiente de la Subsecretaría Higiene Urbana,N/C,N/C,Todas,"El objeto fue generar una herramienta de participación ciudadana en la cual los ciudadanos y las ciudadanas pudieran expresar sus opiniones en relación a los Puntos Verdes en la Ciudad.
La Dirección General Participación Ciudadana y Cercanía prestó colaboración al área competente para el diseño y/o implementación de la/s herramienta/s de participación ciudadana.",N/C,N/C,N/C,787,N/C
23/05/2022,N/C,Experiencia,Experiencia BA - Cumpleaños Obelisco,Presencial,Ministerio de Espacio Público e Higiene Urbana,N/C,Av. 9 de Julio y Av. Corrientes,1,"Con motivo del cumpleaños N° 86 del Obelisco,  ciudadanos y ciudadanas pudieron realizar un recorrido hacia su cúspide.",4.794,14,N/C,N/C,N/C
24/05/2022,N/C,Reunión,Reunión - Castro verde,Virtual,Dirección General Infraestructura Urbana dependiente de la Subsecretaría Obras en la órbita de la Secretaría Transporte y Obras Públicas,N/C,No aplica,Todas,"El objetivo fue generar un espacio de participación donde los ciudadanos y ciudadanas pudieran participar de un encuentro respecto del proyecto
“Calle Castro Verde”.
La Dirección General Participación Ciudadana y Cercanía prestó colaboración al área competente para el diseño y/o implementación de la/s herramienta/s de participación ciudadana.",366,105,N/C,N/C,N/C
26/05/2022,N/C,Experiencia,Experiencia BA - Buenos Aires Colonial,Presencial,Ente de Turismo de la Ciudad Autónoma de Buenos Aires,N/C,Defensa 187,1,El objeto fue realizar un recorrido con ciudadanos y ciudadanas por la Plaza de Mayo y el BAM.,520,21,N/C,N/C,N/C
30/05/2022,N/C,Experiencia,Experiencia BA: Jardin Botanico,Presencial,Dirección General Áreas de Conservación en la órbita de la Subsecretaría Políticas de Infraestructura Verde Urbana y Desarrollo Sostenible,N/C,Av Santa Fe 3951,14,"El objeto fue realizar un recorrido con
ciudadanos y ciudadanas por el Jardín Botánico",642,23,N/C,N/C,N/C
30/05/2022,N/C,Relevamiento de opinión,Relevamiento de opinión - Plaza Las Toscaneras,Bimodal,Secretaría Atención Ciudadana y Gestión Comunal,N/C,N/C,Todas,"El objeto fue generar una herramienta de participación ciudadana en la cual
los ciudadanos y las ciudadanas, puedan expresar sus opiniones, respecto de la Plaza Las Toscaneras.
La Dirección General Participación Ciudadana y Cercanía prestó colaboración al área competente para el diseño y/o implementación de la/s herramienta/s de participación ciudadana.",N/C,N/C,N/C,586,N/C
31/05/2022,N/C,Experiencia,Experiencia BA: ISSP,Presencial,"Dirección General Articulación Comunal y Participación Ciudadana en Comisarías dependiente de la
Subsecretaría de Prevención y Vinculación Ciudadana en Seguridad",N/C,Santiago de Compostela 3801,8,El objeto fue realizar una visita con ciudadanos y ciudadanas por el “Instituto Superior de Seguridad Pública”,269,32,N/C,N/C,N/C
31/05/2022,N/C,Voluntariado,Voluntarios BA - Plantación de árboles en Parque Indoamericano,Presencial,Secretaría Transporte y Obras Públicas y la Agencia de Protección Ambiental,N/C,Av Castañares y Av. Escalada,8,El objeto fue realizar una actividad de voluntariado para que los ciudadanos y ciudadanas pudieran participar en una plantación de árboles en Parque Indoamericano,394,23,N/C,N/C,N/C
8/06/2022,N/C,Reunión,Reunión - Plaza Las Toscaneras,Presencial,Comuna 10,N/C,Moliere 2777,10,"El objetivo fue generar un espacio de participación donde los ciudadanos y ciudadanas pudieran participar de un encuentro sobre la Plaza Las
Toscaneras.
La Dirección General Participación Ciudadana y Cercanía prestó colaboración al área competente para el diseño y/o implementación de la/s herramienta/s de participación ciudadana.",123,20,N/C,N/C,N/C
10/06/2022,N/C,Visita de obra,Visita de obra - Bajo Viaducto Mitre,Presencial,Secretaría de Desarrollo Urbano (SDU),N/C,Olazábal y 11 de septiembre de 1888 ,13,"El objeto fue realizar una visita con ciudadanos y ciudadanas por
el bajo viaducto Mitre
La Dirección General Participación Ciudadana y Cercanía prestó colaboración al área competente para el diseño y/o implementación de la/s herramienta/s de participación ciudadana.",485,55,N/C,N/C,N/C
11/06/2022,N/C,Experiencia,Experiencia BA - Día del Vecino Participativo,Presencial,Dirección General Participación Ciudadana y Cercanía,N/C,"Bajo Autopista Retiro, Paseo Gigena, Plaza Mafalda, Bajo Viaducto Mitre y Museo Larreta.",Varias,"El objeto fue realizar un recorrido con ciudadanos y ciudadanas por locaciones de la Ciudad Autónoma de Buenos Aires, en virtud del día del vecino participativo.",719,32,N/C,N/C,N/C
13/06/2022,N/C,Relevamiento de opinión,Simplificación de Trámites - Sector productivo,Virtual,Unidad Proyectos Especiales Simplificación Productiva dependiente de la Subsecretaría Desarrollo Económico,N/C,N/C,Todas,"El objeto fue generar una herramienta de participación ciudadana en
la cual los ciudadanos y las ciudadanas pudieran expresar sus opinionesen relación a trámites en CABA.
La Dirección General Participación Ciudadana y Cercanía prestó colaboración al área competente para el diseño y/o implementación de la/s herramienta/s de participación ciudadana.",N/C,N/C,N/C,25,N/C
16/06/2022,N/C,Experiencia,Experiencia BA Cuartel de Bomberos,Presencial,Dirección General Articulación Comunal y Participación Ciudadana en Comisarías en la órbita de la Subsecretaría de Prevención y Vinculación Ciudadana en Seguridad,N/C,Laprida 1735,2,"El objetivo fue realizar un recorrido con ciudadanos y ciudadanas
por el cuartel de bomberos.",489,29,N/C,N/C,N/C
23/06/2022,N/C,Reunión,Reunión - Parque Ferroviario Colegiales,Virtual,Dirección General Regeneración Urbana dependiente de la Subsecretaría Paisaje Urbano,N/C,N/C,Todas,"El objetivo fue generar un espacio de participación donde los ciudadanos y ciudadanas pudieran participar de un encuentro respecto del proyecto “Parque Ferroviario Colegiales”.
La Dirección General Participación Ciudadana y Cercanía prestó colaboración al área competente para el diseño y/o implementación de la/s herramienta/s de participación ciudadana.",816,78,N/C,N/C,N/C
28/06/2022,N/C,Reunión,Reunión Virtual- Cooperadoras Escolares,Virtual,Ministerio de Educación,N/C,N/C,Todas,"El objetivo fue que los ciudadanos y ciudadanas, pudieran participar de un encuentro respecto del proyecto sobre
cooperadoras en instituciones educativas de la CABA. La Dirección General Participación Ciudadana y Cercanía prestó colaboración al área competente para el diseño y/o implementación de la/s herramienta/s de participación ciudadana.",135,69,N/C,N/C,N/C
30/06/2022,N/C,Reunión,Reunión con vecinos/as virtual - BA Costa,Virtual,Dirección General Antropología Urbana en la órbita de la Secretaría Desarrollo Urbano y la Secretaría Transporte y Obras Públicas,N/C,N/C,Todas,El objetivo fue generar espacios de participación donde los ciudadanos y ciudadanas pudieran intercambiar opiniones en espacios de diálogo sobre el proyecto BA Costa. La Dirección General Participación Ciudadana y Cercanía prestó colaboración al área competente para el diseño y/o implementación de la/s herramienta/s de participación ciudadana.,138,25,N/C,N/C,N/C
30/06/2022,N/C,Experiencia,Experiencia BA - Museo de Arte Moderno,Presencial,"Dirección General Patrimonio, Museos y Casco Histórico en la órbita de la Subsecretaría Gestión Cultural",N/C,Av. San Juan 350,1,El objeto fue que los ciudadanos y ciudadanas pudieran participar de un recorrido por el Museo de Arte Moderno,1.067,41,N/C,N/C,N/C
,,,,,,,,,,,,,,
,,,,,,,,,,,,,,
,,,,,,,,,,,,,,
,,,,,,,,,,,,,,
,,,,,,,,,,,,,,
,,,,,,,,,,,,,,
,,,,,,,,,,,,,,
,,,,,,,,,,,,,,
,,,,,,,,,,,,,,
,,,,,,,,,,,,,,
,,,,,,,,,,,,,,
,,,,,,,,,,,,,,
,,,,,,,,,,,,,,
,,,,,,,,,,,,,,
,,,,,,,,,,,,,,
,,,,,,,,,,,,,,
,,,,,,,,,,,,,,
,,,,,,,,,,,,,,
,,,,,,,,,,,,,,
,,,,,,,,,,,,,,
,,,,,,,,,,,,,,
,,,,,,,,,,,,,,
,,,,,,,,,,,,,,
,,,,,,,,,,,,,,
,,,,,,,,,,,,,,
,,,,,,,,,,,,,,
,,,,,,,,,,,,,,
,,,,,,,,,,,,,,
,,,,,,,,,,,,,,
,,,,,,,,,,,,,,
,,,,,,,,,,,,,,
,,,,,,,,,,,,,,
,,,,,,,,,,,,,,
,,,,,,,,,,,,,,
,,,,,,,,,,,,,,
,,,,,,,,,,,,,,
,,,,,,,,,,,,,,
,,,,,,,,,,,,,,
,,,,,,,,,,,,,,
,,,,,,,,,,,,,,
,,,,,,,,,,,,,,
,,,,,,,,,,,,,,
,,,,,,,,,,,,,,
,,,,,,,,,,,,,,
,,,,,,,,,,,,,,
,,,,,,,,,,,,,,
,,,,,,,,,,,,,,
,,,,,,,,,,,,,,
,,,,,,,,,,,,,,
,,,,,,,,,,,,,,
,,,,,,,,,,,,,,
,,,,,,,,,,,,,,
,,,,,,,,,,,,,,
,,,,,,,,,,,,,,
,,,,,,,,,,,,,,
,,,,,,,,,,,,,,
,,,,,,,,,,,,,,
,,,,,,,,,,,,,,
,,,,,,,,,,,,,,
,,,,,,,,,,,,,,
,,,,,,,,,,,,,,
,,,,,,,,,,,,,,
,,,,,,,,,,,,,,
,,,,,,,,,,,,,,
,,,,,,,,,,,,,,
,,,,,,,,,,,,,,
,,,,,,,,,,,,,,
,,,,,,,,,,,,,,
,,,,,,,,,,,,,,
,,,,,,,,,,,,,,
,,,,,,,,,,,,,,
,,,,,,,,,,,,,,
,,,,,,,,,,,,,,
,,,,,,,,,,,,,,
,,,,,,,,,,,,,,
,,,,,,,,,,,,,,
,,,,,,,,,,,,,,
,,,,,,,,,,,,,,
,,,,,,,,,,,,,,
,,,,,,,,,,,,,,
,,,,,,,,,,,,,,
,,,,,,,,,,,,,,
,,,,,,,,,,,,,,
,,,,,,,,,,,,,,
,,,,,,,,,,,,,,
,,,,,,,,,,,,,,
,,,,,,,,,,,,,,
,,,,,,,,,,,,,,
,,,,,,,,,,,,,,
,,,,,,,,,,,,,,
,,,,,,,,,,,,,,
,,,,,,,,,,,,,,
,,,,,,,,,,,,,,
,,,,,,,,,,,,,,
,,,,,,,,,,,,,,
,,,,,,,,,,,,,,
,,,,,,,,,,,,,,
,,,,,,,,,,,,,,
,,,,,,,,,,,,,,
,,,,,,,,,,,,,,
,,,,,,,,,,,,,,
,,,,,,,,,,,,,,
,,,,,,,,,,,,,,
,,,,,,,,,,,,,,
,,,,,,,,,,,,,,
,,,,,,,,,,,,,,
,,,,,,,,,,,,,,
,,,,,,,,,,,,,,
,,,,,,,,,,,,,,
,,,,,,,,,,,,,,
,,,,,,,,,,,,,,
,,,,,,,,,,,,,,
,,,,,,,,,,,,,,
,,,,,,,,,,,,,,
,,,,,,,,,,,,,,
,,,,,,,,,,,,,,
,,,,,,,,,,,,,,
,,,,,,,,,,,,,,
,,,,,,,,,,,,,,
,,,,,,,,,,,,,,
,,,,,,,,,,,,,,
,,,,,,,,,,,,,,
,,,,,,,,,,,,,,
,,,,,,,,,,,,,,
,,,,,,,,,,,,,,
,,,,,,,,,,,,,,
,,,,,,,,,,,,,,
,,,,,,,,,,,,,,
,,,,,,,,,,,,,,
,,,,,,,,,,,,,,
,,,,,,,,,,,,,,
,,,,,,,,,,,,,,
,,,,,,,,,,,,,,
,,,,,,,,,,,,,,
,,,,,,,,,,,,,,
,,,,,,,,,,,,,,
,,,,,,,,,,,,,,
,,,,,,,,,,,,,,
,,,,,,,,,,,,,,
,,,,,,,,,,,,,,
,,,,,,,,,,,,,,
,,,,,,,,,,,,,,
,,,,,,,,,,,,,,
,,,,,,,,,,,,,,
,,,,,,,,,,,,,,
,,,,,,,,,,,,,,
,,,,,,,,,,,,,,
,,,,,,,,,,,,,,
,,,,,,,,,,,,,,
,,,,,,,,,,,,,,
,,,,,,,,,,,,,,
,,,,,,,,,,,,,,
,,,,,,,,,,,,,,
,,,,,,,,,,,,,,
,,,,,,,,,,,,,,
,,,,,,,,,,,,,,
,,,,,,,,,,,,,,
,,,,,,,,,,,,,,
,,,,,,,,,,,,,,
,,,,,,,,,,,,,,
,,,,,,,,,,,,,,
,,,,,,,,,,,,,,
,,,,,,,,,,,,,,
,,,,,,,,,,,,,,
,,,,,,,,,,,,,,
,,,,,,,,,,,,,,
,,,,,,,,,,,,,,
,,,,,,,,,,,,,,
,,,,,,,,,,,,,,
,,,,,,,,,,,,,,
,,,,,,,,,,,,,,
,,,,,,,,,,,,,,
,,,,,,,,,,,,,,
,,,,,,,,,,,,,,
,,,,,,,,,,,,,,
,,,,,,,,,,,,,,
,,,,,,,,,,,,,,
,,,,,,,,,,,,,,
,,,,,,,,,,,,,,
,,,,,,,,,,,,,,
,,,,,,,,,,,,,,
,,,,,,,,,,,,,,
,,,,,,,,,,,,,,
,,,,,,,,,,,,,,
,,,,,,,,,,,,,,
,,,,,,,,,,,,,,
,,,,,,,,,,,,,,
,,,,,,,,,,,,,,
,,,,,,,,,,,,,,
,,,,,,,,,,,,,,
,,,,,,,,,,,,,,
,,,,,,,,,,,,,,
,,,,,,,,,,,,,,
,,,,,,,,,,,,,,
,,,,,,,,,,,,,,
,,,,,,,,,,,,,,
,,,,,,,,,,,,,,
,,,,,,,,,,,,,,
,,,,,,,,,,,,,,
,,,,,,,,,,,,,,
,,,,,,,,,,,,,,
,,,,,,,,,,,,,,
,,,,,,,,,,,,,,
,,,,,,,,,,,,,,
,,,,,,,,,,,,,,
,,,,,,,,,,,,,,
,,,,,,,,,,,,,,
,,,,,,,,,,,,,,
,,,,,,,,,,,,,,
,,,,,,,,,,,,,,
,,,,,,,,,,,,,,
,,,,,,,,,,,,,,
,,,,,,,,,,,,,,
,,,,,,,,,,,,,,
,,,,,,,,,,,,,,
,,,,,,,,,,,,,,
,,,,,,,,,,,,,,
,,,,,,,,,,,,,,
,,,,,,,,,,,,,,
,,,,,,,,,,,,,,
,,,,,,,,,,,,,,
,,,,,,,,,,,,,,
,,,,,,,,,,,,,,
,,,,,,,,,,,,,,
,,,,,,,,,,,,,,
,,,,,,,,,,,,,,
,,,,,,,,,,,,,,
,,,,,,,,,,,,,,
,,,,,,,,,,,,,,
,,,,,,,,,,,,,,
,,,,,,,,,,,,,,
,,,,,,,,,,,,,,
,,,,,,,,,,,,,,
,,,,,,,,,,,,,,
,,,,,,,,,,,,,,
,,,,,,,,,,,,,,
,,,,,,,,,,,,,,
,,,,,,,,,,,,,,
,,,,,,,,,,,,,,
,,,,,,,,,,,,,,
,,,,,,,,,,,,,,
,,,,,,,,,,,,,,
,,,,,,,,,,,,,,
,,,,,,,,,,,,,,
,,,,,,,,,,,,,,
,,,,,,,,,,,,,,
,,,,,,,,,,,,,,
,,,,,,,,,,,,,,
,,,,,,,,,,,,,,
,,,,,,,,,,,,,,
,,,,,,,,,,,,,,
,,,,,,,,,,,,,,
,,,,,,,,,,,,,,
,,,,,,,,,,,,,,
,,,,,,,,,,,,,,
,,,,,,,,,,,,,,
,,,,,,,,,,,,,,
,,,,,,,,,,,,,,
,,,,,,,,,,,,,,
,,,,,,,,,,,,,,
,,,,,,,,,,,,,,
,,,,,,,,,,,,,,
,,,,,,,,,,,,,,
,,,,,,,,,,,,,,
,,,,,,,,,,,,,,
,,,,,,,,,,,,,,
,,,,,,,,,,,,,,
,,,,,,,,,,,,,,
,,,,,,,,,,,,,,
,,,,,,,,,,,,,,
,,,,,,,,,,,,,,
,,,,,,,,,,,,,,
,,,,,,,,,,,,,,
,,,,,,,,,,,,,,
,,,,,,,,,,,,,,
,,,,,,,,,,,,,,
,,,,,,,,,,,,,,
,,,,,,,,,,,,,,
,,,,,,,,,,,,,,
,,,,,,,,,,,,,,
,,,,,,,,,,,,,,
,,,,,,,,,,,,,,
,,,,,,,,,,,,,,
,,,,,,,,,,,,,,
,,,,,,,,,,,,,,
,,,,,,,,,,,,,,
,,,,,,,,,,,,,,
,,,,,,,,,,,,,,
,,,,,,,,,,,,,,
,,,,,,,,,,,,,,
,,,,,,,,,,,,,,
,,,,,,,,,,,,,,
,,,,,,,,,,,,,,
,,,,,,,,,,,,,,
,,,,,,,,,,,,,,
,,,,,,,,,,,,,,
,,,,,,,,,,,,,,
,,,,,,,,,,,,,,
,,,,,,,,,,,,,,
,,,,,,,,,,,,,,
,,,,,,,,,,,,,,
,,,,,,,,,,,,,,
,,,,,,,,,,,,,,
,,,,,,,,,,,,,,
,,,,,,,,,,,,,,
,,,,,,,,,,,,,,
,,,,,,,,,,,,,,
,,,,,,,,,,,,,,
,,,,,,,,,,,,,,
,,,,,,,,,,,,,,
,,,,,,,,,,,,,,
,,,,,,,,,,,,,,
,,,,,,,,,,,,,,
,,,,,,,,,,,,,,
,,,,,,,,,,,,,,
,,,,,,,,,,,,,,
,,,,,,,,,,,,,,
,,,,,,,,,,,,,,
,,,,,,,,,,,,,,
,,,,,,,,,,,,,,
,,,,,,,,,,,,,,
,,,,,,,,,,,,,,
,,,,,,,,,,,,,,
,,,,,,,,,,,,,,
,,,,,,,,,,,,,,
,,,,,,,,,,,,,,
,,,,,,,,,,,,,,
,,,,,,,,,,,,,,
,,,,,,,,,,,,,,
,,,,,,,,,,,,,,
,,,,,,,,,,,,,,
,,,,,,,,,,,,,,
,,,,,,,,,,,,,,
,,,,,,,,,,,,,,
,,,,,,,,,,,,,,
,,,,,,,,,,,,,,
,,,,,,,,,,,,,,
,,,,,,,,,,,,,,
,,,,,,,,,,,,,,
,,,,,,,,,,,,,,
,,,,,,,,,,,,,,
,,,,,,,,,,,,,,
,,,,,,,,,,,,,,
,,,,,,,,,,,,,,
,,,,,,,,,,,,,,
,,,,,,,,,,,,,,
,,,,,,,,,,,,,,
,,,,,,,,,,,,,,
,,,,,,,,,,,,,,
,,,,,,,,,,,,,,
,,,,,,,,,,,,,,
,,,,,,,,,,,,,,
,,,,,,,,,,,,,,
,,,,,,,,,,,,,,
,,,,,,,,,,,,,,
,,,,,,,,,,,,,,
,,,,,,,,,,,,,,
,,,,,,,,,,,,,,
,,,,,,,,,,,,,,
,,,,,,,,,,,,,,
,,,,,,,,,,,,,,
,,,,,,,,,,,,,,
,,,,,,,,,,,,,,
,,,,,,,,,,,,,,
,,,,,,,,,,,,,,
,,,,,,,,,,,,,,
,,,,,,,,,,,,,,
,,,,,,,,,,,,,,
,,,,,,,,,,,,,,
,,,,,,,,,,,,,,
,,,,,,,,,,,,,,
,,,,,,,,,,,,,,
,,,,,,,,,,,,,,
,,,,,,,,,,,,,,
,,,,,,,,,,,,,,
,,,,,,,,,,,,,,
,,,,,,,,,,,,,,
,,,,,,,,,,,,,,
,,,,,,,,,,,,,,
,,,,,,,,,,,,,,
,,,,,,,,,,,,,,
,,,,,,,,,,,,,,
,,,,,,,,,,,,,,
,,,,,,,,,,,,,,
,,,,,,,,,,,,,,
,,,,,,,,,,,,,,
,,,,,,,,,,,,,,
,,,,,,,,,,,,,,
,,,,,,,,,,,,,,
,,,,,,,,,,,,,,
,,,,,,,,,,,,,,
,,,,,,,,,,,,,,
,,,,,,,,,,,,,,
,,,,,,,,,,,,,,
,,,,,,,,,,,,,,
,,,,,,,,,,,,,,
,,,,,,,,,,,,,,
,,,,,,,,,,,,,,
,,,,,,,,,,,,,,
,,,,,,,,,,,,,,
,,,,,,,,,,,,,,
,,,,,,,,,,,,,,
,,,,,,,,,,,,,,
,,,,,,,,,,,,,,
,,,,,,,,,,,,,,
,,,,,,,,,,,,,,
,,,,,,,,,,,,,,
,,,,,,,,,,,,,,
,,,,,,,,,,,,,,
,,,,,,,,,,,,,,
,,,,,,,,,,,,,,
,,,,,,,,,,,,,,
,,,,,,,,,,,,,,
,,,,,,,,,,,,,,
,,,,,,,,,,,,,,
,,,,,,,,,,,,,,
,,,,,,,,,,,,,,
,,,,,,,,,,,,,,
,,,,,,,,,,,,,,
,,,,,,,,,,,,,,
,,,,,,,,,,,,,,
,,,,,,,,,,,,,,
,,,,,,,,,,,,,,
,,,,,,,,,,,,,,
,,,,,,,,,,,,,,
,,,,,,,,,,,,,,
,,,,,,,,,,,,,,
,,,,,,,,,,,,,,
,,,,,,,,,,,,,,
,,,,,,,,,,,,,,
,,,,,,,,,,,,,,
,,,,,,,,,,,,,,
,,,,,,,,,,,,,,
,,,,,,,,,,,,,,
,,,,,,,,,,,,,,
,,,,,,,,,,,,,,
,,,,,,,,,,,,,,
,,,,,,,,,,,,,,
,,,,,,,,,,,,,,
,,,,,,,,,,,,,,
,,,,,,,,,,,,,,
,,,,,,,,,,,,,,
,,,,,,,,,,,,,,
,,,,,,,,,,,,,,
,,,,,,,,,,,,,,
,,,,,,,,,,,,,,
,,,,,,,,,,,,,,
,,,,,,,,,,,,,,
,,,,,,,,,,,,,,
,,,,,,,,,,,,,,
,,,,,,,,,,,,,,
,,,,,,,,,,,,,,
,,,,,,,,,,,,,,
,,,,,,,,,,,,,,
,,,,,,,,,,,,,,
,,,,,,,,,,,,,,
,,,,,,,,,,,,,,
,,,,,,,,,,,,,,
,,,,,,,,,,,,,,
,,,,,,,,,,,,,,
,,,,,,,,,,,,,,
,,,,,,,,,,,,,,
,,,,,,,,,,,,,,
,,,,,,,,,,,,,,
,,,,,,,,,,,,,,
,,,,,,,,,,,,,,
,,,,,,,,,,,,,,
,,,,,,,,,,,,,,
,,,,,,,,,,,,,,
,,,,,,,,,,,,,,
,,,,,,,,,,,,,,
,,,,,,,,,,,,,,
,,,,,,,,,,,,,,
,,,,,,,,,,,,,,
,,,,,,,,,,,,,,
,,,,,,,,,,,,,,
,,,,,,,,,,,,,,
,,,,,,,,,,,,,,
,,,,,,,,,,,,,,
,,,,,,,,,,,,,,
,,,,,,,,,,,,,,
,,,,,,,,,,,,,,
,,,,,,,,,,,,,,
,,,,,,,,,,,,,,
,,,,,,,,,,,,,,
,,,,,,,,,,,,,,
,,,,,,,,,,,,,,
,,,,,,,,,,,,,,
,,,,,,,,,,,,,,
,,,,,,,,,,,,,,
,,,,,,,,,,,,,,
,,,,,,,,,,,,,,
,,,,,,,,,,,,,,
,,,,,,,,,,,,,,
,,,,,,,,,,,,,,
,,,,,,,,,,,,,,
,,,,,,,,,,,,,,
,,,,,,,,,,,,,,
,,,,,,,,,,,,,,
,,,,,,,,,,,,,,
,,,,,,,,,,,,,,
,,,,,,,,,,,,,,
,,,,,,,,,,,,,,
,,,,,,,,,,,,,,
,,,,,,,,,,,,,,
,,,,,,,,,,,,,,
,,,,,,,,,,,,,,
,,,,,,,,,,,,,,
,,,,,,,,,,,,,,
,,,,,,,,,,,,,,
,,,,,,,,,,,,,,
,,,,,,,,,,,,,,
,,,,,,,,,,,,,,
,,,,,,,,,,,,,,
,,,,,,,,,,,,,,
,,,,,,,,,,,,,,
,,,,,,,,,,,,,,
,,,,,,,,,,,,,,
,,,,,,,,,,,,,,
,,,,,,,,,,,,,,
,,,,,,,,,,,,,,
,,,,,,,,,,,,,,
,,,,,,,,,,,,,,
,,,,,,,,,,,,,,
,,,,,,,,,,,,,,
,,,,,,,,,,,,,,
,,,,,,,,,,,,,,
,,,,,,,,,,,,,,
,,,,,,,,,,,,,,
,,,,,,,,,,,,,,
,,,,,,,,,,,,,,
,,,,,,,,,,,,,,
,,,,,,,,,,,,,,
,,,,,,,,,,,,,,
,,,,,,,,,,,,,,
,,,,,,,,,,,,,,
,,,,,,,,,,,,,,
,,,,,,,,,,,,,,
,,,,,,,,,,,,,,
,,,,,,,,,,,,,,
,,,,,,,,,,,,,,
,,,,,,,,,,,,,,
,,,,,,,,,,,,,,
,,,,,,,,,,,,,,
,,,,,,,,,,,,,,
,,,,,,,,,,,,,,
,,,,,,,,,,,,,,
,,,,,,,,,,,,,,
,,,,,,,,,,,,,,
,,,,,,,,,,,,,,
,,,,,,,,,,,,,,
,,,,,,,,,,,,,,
,,,,,,,,,,,,,,
,,,,,,,,,,,,,,
,,,,,,,,,,,,,,
,,,,,,,,,,,,,,
,,,,,,,,,,,,,,
,,,,,,,,,,,,,,
,,,,,,,,,,,,,,
,,,,,,,,,,,,,,
,,,,,,,,,,,,,,
,,,,,,,,,,,,,,
,,,,,,,,,,,,,,
,,,,,,,,,,,,,,
,,,,,,,,,,,,,,
,,,,,,,,,,,,,,
,,,,,,,,,,,,,,
,,,,,,,,,,,,,,
,,,,,,,,,,,,,,
,,,,,,,,,,,,,,
,,,,,,,,,,,,,,
,,,,,,,,,,,,,,
,,,,,,,,,,,,,,
,,,,,,,,,,,,,,
,,,,,,,,,,,,,,
,,,,,,,,,,,,,,
,,,,,,,,,,,,,,
,,,,,,,,,,,,,,
,,,,,,,,,,,,,,
,,,,,,,,,,,,,,
,,,,,,,,,,,,,,
,,,,,,,,,,,,,,
,,,,,,,,,,,,,,
,,,,,,,,,,,,,,
,,,,,,,,,,,,,,
,,,,,,,,,,,,,,
,,,,,,,,,,,,,,
,,,,,,,,,,,,,,
,,,,,,,,,,,,,,
,,,,,,,,,,,,,,
,,,,,,,,,,,,,,
,,,,,,,,,,,,,,
,,,,,,,,,,,,,,
,,,,,,,,,,,,,,
,,,,,,,,,,,,,,
,,,,,,,,,,,,,,
,,,,,,,,,,,,,,
,,,,,,,,,,,,,,
,,,,,,,,,,,,,,
,,,,,,,,,,,,,,
,,,,,,,,,,,,,,
,,,,,,,,,,,,,,
,,,,,,,,,,,,,,
,,,,,,,,,,,,,,
,,,,,,,,,,,,,,
,,,,,,,,,,,,,,
,,,,,,,,,,,,,,
,,,,,,,,,,,,,,
,,,,,,,,,,,,,,
,,,,,,,,,,,,,,
,,,,,,,,,,,,,,
,,,,,,,,,,,,,,
,,,,,,,,,,,,,,
,,,,,,,,,,,,,,
,,,,,,,,,,,,,,
,,,,,,,,,,,,,,
,,,,,,,,,,,,,,
,,,,,,,,,,,,,,
,,,,,,,,,,,,,,
,,,,,,,,,,,,,,
,,,,,,,,,,,,,,
,,,,,,,,,,,,,,
,,,,,,,,,,,,,,
,,,,,,,,,,,,,,
,,,,,,,,,,,,,,
,,,,,,,,,,,,,,
,,,,,,,,,,,,,,
,,,,,,,,,,,,,,
,,,,,,,,,,,,,,
,,,,,,,,,,,,,,
,,,,,,,,,,,,,,
,,,,,,,,,,,,,,
,,,,,,,,,,,,,,
,,,,,,,,,,,,,,
,,,,,,,,,,,,,,
,,,,,,,,,,,,,,
,,,,,,,,,,,,,,
,,,,,,,,,,,,,,
,,,,,,,,,,,,,,
,,,,,,,,,,,,,,
,,,,,,,,,,,,,,
,,,,,,,,,,,,,,
,,,,,,,,,,,,,,
,,,,,,,,,,,,,,
,,,,,,,,,,,,,,
,,,,,,,,,,,,,,
,,,,,,,,,,,,,,
,,,,,,,,,,,,,,
,,,,,,,,,,,,,,
,,,,,,,,,,,,,,
,,,,,,,,,,,,,,
,,,,,,,,,,,,,,
,,,,,,,,,,,,,,
,,,,,,,,,,,,,,
,,,,,,,,,,,,,,
,,,,,,,,,,,,,,
,,,,,,,,,,,,,,
,,,,,,,,,,,,,,
,,,,,,,,,,,,,,
,,,,,,,,,,,,,,
,,,,,,,,,,,,,,
,,,,,,,,,,,,,,
,,,,,,,,,,,,,,
,,,,,,,,,,,,,,
,,,,,,,,,,,,,,
,,,,,,,,,,,,,,
,,,,,,,,,,,,,,
,,,,,,,,,,,,,,
,,,,,,,,,,,,,,
,,,,,,,,,,,,,,
,,,,,,,,,,,,,,
,,,,,,,,,,,,,,
,,,,,,,,,,,,,,
,,,,,,,,,,,,,,
,,,,,,,,,,,,,,
,,,,,,,,,,,,,,
,,,,,,,,,,,,,,
,,,,,,,,,,,,,,
,,,,,,,,,,,,,,
,,,,,,,,,,,,,,
,,,,,,,,,,,,,,
,,,,,,,,,,,,,,
,,,,,,,,,,,,,,
,,,,,,,,,,,,,,
,,,,,,,,,,,,,,
,,,,,,,,,,,,,,
,,,,,,,,,,,,,,
,,,,,,,,,,,,,,
,,,,,,,,,,,,,,
,,,,,,,,,,,,,,
,,,,,,,,,,,,,,
,,,,,,,,,,,,,,
,,,,,,,,,,,,,,
,,,,,,,,,,,,,,
,,,,,,,,,,,,,,
,,,,,,,,,,,,,,
,,,,,,,,,,,,,,
,,,,,,,,,,,,,,
,,,,,,,,,,,,,,
,,,,,,,,,,,,,,
,,,,,,,,,,,,,,
,,,,,,,,,,,,,,
,,,,,,,,,,,,,,
,,,,,,,,,,,,,,
,,,,,,,,,,,,,,
,,,,,,,,,,,,,,
,,,,,,,,,,,,,,
,,,,,,,,,,,,,,
,,,,,,,,,,,,,,
,,,,,,,,,,,,,,
,,,,,,,,,,,,,,
,,,,,,,,,,,,,,
,,,,,,,,,,,,,,
,,,,,,,,,,,,,,
,,,,,,,,,,,,,,
,,,,,,,,,,,,,,
,,,,,,,,,,,,,,
,,,,,,,,,,,,,,
,,,,,,,,,,,,,,
,,,,,,,,,,,,,,
,,,,,,,,,,,,,,
,,,,,,,,,,,,,,
,,,,,,,,,,,,,,
,,,,,,,,,,,,,,
,,,,,,,,,,,,,,
,,,,,,,,,,,,,,
,,,,,,,,,,,,,,
,,,,,,,,,,,,,,
,,,,,,,,,,,,,,
,,,,,,,,,,,,,,
,,,,,,,,,,,,,,
,,,,,,,,,,,,,,
,,,,,,,,,,,,,,
,,,,,,,,,,,,,,
,,,,,,,,,,,,,,
,,,,,,,,,,,,,,
,,,,,,,,,,,,,,
,,,,,,,,,,,,,,
,,,,,,,,,,,,,,
,,,,,,,,,,,,,,
,,,,,,,,,,,,,,
,,,,,,,,,,,,,,
,,,,,,,,,,,,,,
,,,,,,,,,,,,,,
,,,,,,,,,,,,,,
,,,,,,,,,,,,,,
,,,,,,,,,,,,,,
,,,,,,,,,,,,,,
,,,,,,,,,,,,,,
,,,,,,,,,,,,,,
,,,,,,,,,,,,,,
,,,,,,,,,,,,,,
,,,,,,,,,,,,,,
,,,,,,,,,,,,,,
,,,,,,,,,,,,,,
,,,,,,,,,,,,,,
,,,,,,,,,,,,,,
,,,,,,,,,,,,,,
,,,,,,,,,,,,,,
,,,,,,,,,,,,,,
,,,,,,,,,,,,,,
,,,,,,,,,,,,,,
,,,,,,,,,,,,,,
,,,,,,,,,,,,,,
,,,,,,,,,,,,,,
,,,,,,,,,,,,,,
,,,,,,,,,,,,,,
,,,,,,,,,,,,,,
,,,,,,,,,,,,,,
,,,,,,,,,,,,,,
,,,,,,,,,,,,,,
,,,,,,,,,,,,,,
,,,,,,,,,,,,,,
,,,,,,,,,,,,,,
,,,,,,,,,,,,,,
,,,,,,,,,,,,,,
,,,,,,,,,,,,,,
,,,,,,,,,,,,,,
,,,,,,,,,,,,,,
,,,,,,,,,,,,,,
,,,,,,,,,,,,,,
,,,,,,,,,,,,,,
,,,,,,,,,,,,,,
,,,,,,,,,,,,,,
,,,,,,,,,,,,,,
,,,,,,,,,,,,,,
,,,,,,,,,,,,,,
,,,,,,,,,,,,,,
,,,,,,,,,,,,,,
,,,,,,,,,,,,,,
,,,,,,,,,,,,,,
,,,,,,,,,,,,,,
,,,,,,,,,,,,,,
,,,,,,,,,,,,,,
,,,,,,,,,,,,,,
,,,,,,,,,,,,,,
,,,,,,,,,,,,,,
,,,,,,,,,,,,,,
,,,,,,,,,,,,,,
,,,,,,,,,,,,,,
,,,,,,,,,,,,,,
,,,,,,,,,,,,,,
,,,,,,,,,,,,,,
,,,,,,,,,,,,,,
,,,,,,,,,,,,,,
,,,,,,,,,,,,,,
,,,,,,,,,,,,,,
,,,,,,,,,,,,,,
,,,,,,,,,,,,,,
,,,,,,,,,,,,,,
,,,,,,,,,,,,,,
,,,,,,,,,,,,,,
,,,,,,,,,,,,,,
,,,,,,,,,,,,,,
,,,,,,,,,,,,,,
,,,,,,,,,,,,,,
,,,,,,,,,,,,,,
,,,,,,,,,,,,,,
,,,,,,,,,,,,,,
,,,,,,,,,,,,,,
,,,,,,,,,,,,,,
,,,,,,,,,,,,,,
,,,,,,,,,,,,,,
,,,,,,,,,,,,,,
,,,,,,,,,,,,,,
,,,,,,,,,,,,,,
,,,,,,,,,,,,,,
,,,,,,,,,,,,,,
,,,,,,,,,,,,,,
,,,,,,,,,,,,,,
,,,,,,,,,,,,,,
,,,,,,,,,,,,,,
,,,,,,,,,,,,,,
,,,,,,,,,,,,,,
,,,,,,,,,,,,,,
,,,,,,,,,,,,,,
,,,,,,,,,,,,,,
,,,,,,,,,,,,,,
,,,,,,,,,,,,,,
,,,,,,,,,,,,,,
,,,,,,,,,,,,,,
,,,,,,,,,,,,,,
,,,,,,,,,,,,,,
,,,,,,,,,,,,,,
,,,,,,,,,,,,,,
,,,,,,,,,,,,,,
,,,,,,,,,,,,,,
,,,,,,,,,,,,,,
,,,,,,,,,,,,,,
,,,,,,,,,,,,,,
,,,,,,,,,,,,,,
,,,,,,,,,,,,,,
,,,,,,,,,,,,,,
,,,,,,,,,,,,,,
,,,,,,,,,,,,,,
,,,,,,,,,,,,,,
,,,,,,,,,,,,,,
,,,,,,,,,,,,,,
,,,,,,,,,,,,,,
,,,,,,,,,,,,,,
,,,,,,,,,,,,,,
,,,,,,,,,,,,,,
,,,,,,,,,,,,,,
,,,,,,,,,,,,,,
,,,,,,,,,,,,,,
,,,,,,,,,,,,,,
,,,,,,,,,,,,,,
,,,,,,,,,,,,,,
,,,,,,,,,,,,,,
,,,,,,,,,,,,,,
,,,,,,,,,,,,,,
,,,,,,,,,,,,,,
,,,,,,,,,,,,,,
,,,,,,,,,,,,,,
,,,,,,,,,,,,,,
,,,,,,,,,,,,,,
,,,,,,,,,,,,,,
,,,,,,,,,,,,,,
,,,,,,,,,,,,,,
,,,,,,,,,,,,,,
,,,,,,,,,,,,,,
,,,,,,,,,,,,,,
,,,,,,,,,,,,,,
,,,,,,,,,,,,,,
,,,,,,,,,,,,,,
,,,,,,,,,,,,,,
,,,,,,,,,,,,,,
,,,,,,,,,,,,,,
,,,,,,,,,,,,,,
,,,,,,,,,,,,,,
,,,,,,,,,,,,,,
,,,,,,,,,,,,,,
,,,,,,,,,,,,,,
,,,,,,,,,,,,,,
,,,,,,,,,,,,,,
,,,,,,,,,,,,,,
,,,,,,,,,,,,,,
,,,,,,,,,,,,,,
,,,,,,,,,,,,,,
,,,,,,,,,,,,,,
,,,,,,,,,,,,,,
,,,,,,,,,,,,,,
,,,,,,,,,,,,,,
,,,,,,,,,,,,,,
,,,,,,,,,,,,,,
,,,,,,,,,,,,,,
,,,,,,,,,,,,,,
,,,,,,,,,,,,,,
,,,,,,,,,,,,,,
,,,,,,,,,,,,,,
,,,,,,,,,,,,,,
,,,,,,,,,,,,,,
,,,,,,,,,,,,,,
,,,,,,,,,,,,,,
,,,,,,,,,,,,,,
,,,,,,,,,,,,,,
,,,,,,,,,,,,,,
,,,,,,,,,,,,,,
,,,,,,,,,,,,,,
,,,,,,,,,,,,,,
